group,cond,reader,n,tp,fp,fn,tn,agree,readWhenBlocksOk,readWhenBlocksFail
all,front,jsqr,11116,6522,3108,147,1339,0.707,0.677,0.099
all,front,zxing,11116,6595,3035,209,1277,0.708,0.685,0.141
all,front,zxingcpp,11116,7848,1782,256,1230,0.817,0.815,0.172
all,front,any,11116,8276,1354,303,1183,0.851,0.859,0.204
splat,front,jsqr,5940,3444,1912,39,545,0.672,0.643,0.067
splat,front,zxing,5940,3696,1660,115,469,0.701,0.69,0.197
splat,front,zxingcpp,5940,4242,1114,128,456,0.791,0.792,0.219
splat,front,any,5940,4562,794,146,438,0.842,0.852,0.25
motion,front,jsqr,864,792,72,0,0,0.917,0.917,0
motion,front,zxing,864,743,121,0,0,0.86,0.86,0
motion,front,zxingcpp,864,864,0,0,0,1,1,0
motion,front,any,864,864,0,0,0,1,1,0
damage,front,jsqr,4312,2286,1124,108,794,0.714,0.67,0.12
damage,front,zxing,4312,2156,1254,94,808,0.687,0.632,0.104
damage,front,zxingcpp,4312,2742,668,128,774,0.815,0.804,0.142
damage,front,any,4312,2850,560,157,745,0.834,0.836,0.174
all,phone,jsqr,11116,6883,2435,228,1570,0.76,0.739,0.127
all,phone,zxing,11116,6482,2836,233,1565,0.724,0.696,0.13
all,phone,zxingcpp,11116,7518,1800,279,1519,0.813,0.807,0.155
all,phone,any,11116,8246,1072,347,1451,0.872,0.885,0.193
splat,phone,jsqr,5940,3682,1394,90,774,0.75,0.725,0.104
splat,phone,zxing,5940,3517,1559,112,752,0.719,0.693,0.13
splat,phone,zxingcpp,5940,4122,954,165,699,0.812,0.812,0.191
splat,phone,any,5940,4689,387,191,673,0.903,0.924,0.221
motion,phone,jsqr,864,699,165,0,0,0.809,0.809,0
motion,phone,zxing,864,644,220,0,0,0.745,0.745,0
motion,phone,zxingcpp,864,864,0,0,0,1,1,0
motion,phone,any,864,864,0,0,0,1,1,0
damage,phone,jsqr,4312,2502,876,138,796,0.765,0.741,0.148
damage,phone,zxing,4312,2321,1057,121,813,0.727,0.687,0.13
damage,phone,zxingcpp,4312,2532,846,114,820,0.777,0.75,0.122
damage,phone,any,4312,2693,685,156,778,0.805,0.797,0.167
all,hard,jsqr,6804,3381,1880,157,1386,0.701,0.643,0.102
all,hard,zxing,6804,1443,3818,25,1518,0.435,0.274,0.016
all,hard,zxingcpp,6804,4862,399,270,1273,0.902,0.924,0.175
all,hard,any,6804,4932,329,303,1240,0.907,0.937,0.196
splat,hard,jsqr,5940,2838,1587,135,1380,0.71,0.641,0.089
splat,hard,zxing,5940,1281,3144,23,1492,0.467,0.289,0.015
splat,hard,zxingcpp,5940,4038,387,259,1256,0.891,0.913,0.171
splat,hard,any,5940,4096,329,279,1236,0.898,0.926,0.184
motion,hard,jsqr,864,543,293,22,6,0.635,0.65,0.786
motion,hard,zxing,864,162,674,2,26,0.218,0.194,0.071
motion,hard,zxingcpp,864,824,12,11,17,0.973,0.986,0.393
motion,hard,any,864,836,0,24,4,0.972,1,0.857
damage,hard,jsqr,0,0,0,0,0,0,0,0
damage,hard,zxing,0,0,0,0,0,0,0,0
damage,hard,zxingcpp,0,0,0,0,0,0,0,0
damage,hard,any,0,0,0,0,0,0,0,0
