case,format,size,writer,writersAgree,how,trial,cond,jsqr,zxing,zxingcpp,zxingcppFormat
micro-alnum,MicroQRCode,15x15,zxing-cpp,0,pixels,0,front,0,0,1,MicroQRCode
micro-alnum,MicroQRCode,15x15,zxing-cpp,0,pixels,0,tilt10,0,0,1,MicroQRCode
micro-alnum,MicroQRCode,15x15,zxing-cpp,0,pixels,0,tilt20,0,0,1,MicroQRCode
micro-alnum,MicroQRCode,15x15,zxing-cpp,0,pixels,0,tilt28,0,0,1,MicroQRCode
micro-alnum,MicroQRCode,15x15,zxing-cpp,0,pixels,0,tilt35,0,0,1,MicroQRCode
micro-alnum,MicroQRCode,15x15,zxing-cpp,0,pixels,0,mod2,0,0,0,
micro-alnum,MicroQRCode,15x15,zxing-cpp,0,pixels,0,mod3,0,0,1,MicroQRCode
micro-alnum,MicroQRCode,15x15,zxing-cpp,0,pixels,0,mod4,0,0,1,MicroQRCode
micro-alnum,MicroQRCode,15x15,zxing-cpp,0,pixels,0,mod5,0,0,1,MicroQRCode
micro-alnum,MicroQRCode,15x15,zxing-cpp,0,pixels,0,mod6,0,0,1,MicroQRCode
micro-alnum,MicroQRCode,15x15,zxing-cpp,0,pixels,0,mod12,0,0,1,MicroQRCode
micro-alnum,MicroQRCode,15x15,zxing-cpp,0,pixels,0,blur10,0,0,1,MicroQRCode
micro-alnum,MicroQRCode,15x15,zxing-cpp,0,pixels,0,blur20,0,0,1,MicroQRCode
micro-alnum,MicroQRCode,15x15,zxing-cpp,0,pixels,0,blur35,0,0,0,
micro-alnum,MicroQRCode,15x15,zxing-cpp,0,pixels,0,jpeg60,0,0,1,MicroQRCode
micro-alnum,MicroQRCode,15x15,zxing-cpp,0,pixels,0,jpeg30,0,0,1,MicroQRCode
micro-alnum,MicroQRCode,15x15,zxing-cpp,0,pixels,0,jpeg15,0,0,1,MicroQRCode
micro-alnum,MicroQRCode,15x15,zxing-cpp,0,pixels,0,light30,0,0,1,MicroQRCode
micro-alnum,MicroQRCode,15x15,zxing-cpp,0,pixels,0,light60,0,0,1,MicroQRCode
micro-alnum,MicroQRCode,15x15,zxing-cpp,0,pixels,0,persp,0,0,1,MicroQRCode
micro-alnum,MicroQRCode,15x15,zxing-cpp,0,pixels,0,phone,0,0,1,MicroQRCode
micro-alnum,MicroQRCode,15x15,zxing-cpp,0,pixels,0,hard,0,0,1,MicroQRCode
micro-alnum,MicroQRCode,15x15,zxing-cpp,0,splats,0,front,0,0,1,MicroQRCode
micro-alnum,MicroQRCode,15x15,zxing-cpp,0,splats,0,phone,0,0,1,MicroQRCode
micro-alnum,MicroQRCode,15x15,zxing-cpp,0,splats,0,hard,0,0,0,
micro-alnum,MicroQRCode,15x15,zxing-cpp,0,splats,1,front,0,0,1,MicroQRCode
micro-alnum,MicroQRCode,15x15,zxing-cpp,0,splats,1,phone,0,0,0,
micro-alnum,MicroQRCode,15x15,zxing-cpp,0,splats,1,hard,0,0,0,
micro-alnum,MicroQRCode,15x15,zxing-cpp,0,splats,2,front,0,0,1,MicroQRCode
micro-alnum,MicroQRCode,15x15,zxing-cpp,0,splats,2,phone,0,0,1,MicroQRCode
micro-alnum,MicroQRCode,15x15,zxing-cpp,0,splats,2,hard,0,0,1,MicroQRCode
micro-alnum,MicroQRCode,15x15,zxing-cpp,0,splats,3,front,0,0,1,MicroQRCode
micro-alnum,MicroQRCode,15x15,zxing-cpp,0,splats,3,phone,0,0,1,MicroQRCode
micro-alnum,MicroQRCode,15x15,zxing-cpp,0,splats,3,hard,0,0,0,
micro-alnum,MicroQRCode,15x15,zxing-cpp,0,splats,4,front,0,0,1,MicroQRCode
micro-alnum,MicroQRCode,15x15,zxing-cpp,0,splats,4,phone,0,0,1,MicroQRCode
micro-alnum,MicroQRCode,15x15,zxing-cpp,0,splats,4,hard,0,0,0,
micro-alnum,MicroQRCode,15x15,bwip-js,0,pixels,0,front,0,0,1,MicroQRCode
micro-alnum,MicroQRCode,15x15,bwip-js,0,pixels,0,tilt10,0,0,1,MicroQRCode
micro-alnum,MicroQRCode,15x15,bwip-js,0,pixels,0,tilt20,0,0,1,MicroQRCode
micro-alnum,MicroQRCode,15x15,bwip-js,0,pixels,0,tilt28,0,0,1,MicroQRCode
micro-alnum,MicroQRCode,15x15,bwip-js,0,pixels,0,tilt35,0,0,1,MicroQRCode
micro-alnum,MicroQRCode,15x15,bwip-js,0,pixels,0,mod2,0,0,0,
micro-alnum,MicroQRCode,15x15,bwip-js,0,pixels,0,mod3,0,0,1,MicroQRCode
micro-alnum,MicroQRCode,15x15,bwip-js,0,pixels,0,mod4,0,0,1,MicroQRCode
micro-alnum,MicroQRCode,15x15,bwip-js,0,pixels,0,mod5,0,0,1,MicroQRCode
micro-alnum,MicroQRCode,15x15,bwip-js,0,pixels,0,mod6,0,0,1,MicroQRCode
micro-alnum,MicroQRCode,15x15,bwip-js,0,pixels,0,mod12,0,0,1,MicroQRCode
micro-alnum,MicroQRCode,15x15,bwip-js,0,pixels,0,blur10,0,0,1,MicroQRCode
micro-alnum,MicroQRCode,15x15,bwip-js,0,pixels,0,blur20,0,0,1,MicroQRCode
micro-alnum,MicroQRCode,15x15,bwip-js,0,pixels,0,blur35,0,0,1,MicroQRCode
micro-alnum,MicroQRCode,15x15,bwip-js,0,pixels,0,jpeg60,0,0,1,MicroQRCode
micro-alnum,MicroQRCode,15x15,bwip-js,0,pixels,0,jpeg30,0,0,1,MicroQRCode
micro-alnum,MicroQRCode,15x15,bwip-js,0,pixels,0,jpeg15,0,0,1,MicroQRCode
micro-alnum,MicroQRCode,15x15,bwip-js,0,pixels,0,light30,0,0,1,MicroQRCode
micro-alnum,MicroQRCode,15x15,bwip-js,0,pixels,0,light60,0,0,1,MicroQRCode
micro-alnum,MicroQRCode,15x15,bwip-js,0,pixels,0,persp,0,0,1,MicroQRCode
micro-alnum,MicroQRCode,15x15,bwip-js,0,pixels,0,phone,0,0,1,MicroQRCode
micro-alnum,MicroQRCode,15x15,bwip-js,0,pixels,0,hard,0,0,1,MicroQRCode
micro-alnum,MicroQRCode,15x15,bwip-js,0,splats,0,front,0,0,1,MicroQRCode
micro-alnum,MicroQRCode,15x15,bwip-js,0,splats,0,phone,0,0,0,
micro-alnum,MicroQRCode,15x15,bwip-js,0,splats,0,hard,0,0,0,
micro-alnum,MicroQRCode,15x15,bwip-js,0,splats,1,front,0,0,1,MicroQRCode
micro-alnum,MicroQRCode,15x15,bwip-js,0,splats,1,phone,0,0,0,
micro-alnum,MicroQRCode,15x15,bwip-js,0,splats,1,hard,0,0,0,
micro-alnum,MicroQRCode,15x15,bwip-js,0,splats,2,front,0,0,1,MicroQRCode
micro-alnum,MicroQRCode,15x15,bwip-js,0,splats,2,phone,0,0,1,MicroQRCode
micro-alnum,MicroQRCode,15x15,bwip-js,0,splats,2,hard,0,0,1,MicroQRCode
micro-alnum,MicroQRCode,15x15,bwip-js,0,splats,3,front,0,0,1,MicroQRCode
micro-alnum,MicroQRCode,15x15,bwip-js,0,splats,3,phone,0,0,0,
micro-alnum,MicroQRCode,15x15,bwip-js,0,splats,3,hard,0,0,0,
micro-alnum,MicroQRCode,15x15,bwip-js,0,splats,4,front,0,0,1,MicroQRCode
micro-alnum,MicroQRCode,15x15,bwip-js,0,splats,4,phone,0,0,1,MicroQRCode
micro-alnum,MicroQRCode,15x15,bwip-js,0,splats,4,hard,0,0,0,
micro-bytes,MicroQRCode,15x15,zxing-cpp,1,pixels,0,front,0,0,1,MicroQRCode
micro-bytes,MicroQRCode,15x15,zxing-cpp,1,pixels,0,tilt10,0,0,1,MicroQRCode
micro-bytes,MicroQRCode,15x15,zxing-cpp,1,pixels,0,tilt20,0,0,1,MicroQRCode
micro-bytes,MicroQRCode,15x15,zxing-cpp,1,pixels,0,tilt28,0,0,1,MicroQRCode
micro-bytes,MicroQRCode,15x15,zxing-cpp,1,pixels,0,tilt35,0,0,1,MicroQRCode
micro-bytes,MicroQRCode,15x15,zxing-cpp,1,pixels,0,mod2,0,0,0,
micro-bytes,MicroQRCode,15x15,zxing-cpp,1,pixels,0,mod3,0,0,1,MicroQRCode
micro-bytes,MicroQRCode,15x15,zxing-cpp,1,pixels,0,mod4,0,0,1,MicroQRCode
micro-bytes,MicroQRCode,15x15,zxing-cpp,1,pixels,0,mod5,0,0,1,MicroQRCode
micro-bytes,MicroQRCode,15x15,zxing-cpp,1,pixels,0,mod6,0,0,1,MicroQRCode
micro-bytes,MicroQRCode,15x15,zxing-cpp,1,pixels,0,mod12,0,0,1,MicroQRCode
micro-bytes,MicroQRCode,15x15,zxing-cpp,1,pixels,0,blur10,0,0,1,MicroQRCode
micro-bytes,MicroQRCode,15x15,zxing-cpp,1,pixels,0,blur20,0,0,1,MicroQRCode
micro-bytes,MicroQRCode,15x15,zxing-cpp,1,pixels,0,blur35,0,0,1,MicroQRCode
micro-bytes,MicroQRCode,15x15,zxing-cpp,1,pixels,0,jpeg60,0,0,1,MicroQRCode
micro-bytes,MicroQRCode,15x15,zxing-cpp,1,pixels,0,jpeg30,0,0,1,MicroQRCode
micro-bytes,MicroQRCode,15x15,zxing-cpp,1,pixels,0,jpeg15,0,0,1,MicroQRCode
micro-bytes,MicroQRCode,15x15,zxing-cpp,1,pixels,0,light30,0,0,1,MicroQRCode
micro-bytes,MicroQRCode,15x15,zxing-cpp,1,pixels,0,light60,0,0,1,MicroQRCode
micro-bytes,MicroQRCode,15x15,zxing-cpp,1,pixels,0,persp,0,0,1,MicroQRCode
micro-bytes,MicroQRCode,15x15,zxing-cpp,1,pixels,0,phone,0,0,1,MicroQRCode
micro-bytes,MicroQRCode,15x15,zxing-cpp,1,pixels,0,hard,0,0,1,MicroQRCode
micro-bytes,MicroQRCode,15x15,zxing-cpp,1,splats,0,front,0,0,1,MicroQRCode
micro-bytes,MicroQRCode,15x15,zxing-cpp,1,splats,0,phone,0,0,1,MicroQRCode
micro-bytes,MicroQRCode,15x15,zxing-cpp,1,splats,0,hard,0,0,0,
micro-bytes,MicroQRCode,15x15,zxing-cpp,1,splats,1,front,0,0,1,MicroQRCode
micro-bytes,MicroQRCode,15x15,zxing-cpp,1,splats,1,phone,0,0,1,MicroQRCode
micro-bytes,MicroQRCode,15x15,zxing-cpp,1,splats,1,hard,0,0,0,
micro-bytes,MicroQRCode,15x15,zxing-cpp,1,splats,2,front,0,0,1,MicroQRCode
micro-bytes,MicroQRCode,15x15,zxing-cpp,1,splats,2,phone,0,0,1,MicroQRCode
micro-bytes,MicroQRCode,15x15,zxing-cpp,1,splats,2,hard,0,0,0,
micro-bytes,MicroQRCode,15x15,zxing-cpp,1,splats,3,front,0,0,1,MicroQRCode
micro-bytes,MicroQRCode,15x15,zxing-cpp,1,splats,3,phone,0,0,0,
micro-bytes,MicroQRCode,15x15,zxing-cpp,1,splats,3,hard,0,0,0,
micro-bytes,MicroQRCode,15x15,zxing-cpp,1,splats,4,front,0,0,1,MicroQRCode
micro-bytes,MicroQRCode,15x15,zxing-cpp,1,splats,4,phone,0,0,1,MicroQRCode
micro-bytes,MicroQRCode,15x15,zxing-cpp,1,splats,4,hard,0,0,0,
micro-bytes,MicroQRCode,15x15,bwip-js,1,pixels,0,front,0,0,1,MicroQRCode
micro-bytes,MicroQRCode,15x15,bwip-js,1,pixels,0,tilt10,0,0,1,MicroQRCode
micro-bytes,MicroQRCode,15x15,bwip-js,1,pixels,0,tilt20,0,0,1,MicroQRCode
micro-bytes,MicroQRCode,15x15,bwip-js,1,pixels,0,tilt28,0,0,1,MicroQRCode
micro-bytes,MicroQRCode,15x15,bwip-js,1,pixels,0,tilt35,0,0,1,MicroQRCode
micro-bytes,MicroQRCode,15x15,bwip-js,1,pixels,0,mod2,0,0,0,
micro-bytes,MicroQRCode,15x15,bwip-js,1,pixels,0,mod3,0,0,1,MicroQRCode
micro-bytes,MicroQRCode,15x15,bwip-js,1,pixels,0,mod4,0,0,1,MicroQRCode
micro-bytes,MicroQRCode,15x15,bwip-js,1,pixels,0,mod5,0,0,1,MicroQRCode
micro-bytes,MicroQRCode,15x15,bwip-js,1,pixels,0,mod6,0,0,1,MicroQRCode
micro-bytes,MicroQRCode,15x15,bwip-js,1,pixels,0,mod12,0,0,1,MicroQRCode
micro-bytes,MicroQRCode,15x15,bwip-js,1,pixels,0,blur10,0,0,1,MicroQRCode
micro-bytes,MicroQRCode,15x15,bwip-js,1,pixels,0,blur20,0,0,1,MicroQRCode
micro-bytes,MicroQRCode,15x15,bwip-js,1,pixels,0,blur35,0,0,1,MicroQRCode
micro-bytes,MicroQRCode,15x15,bwip-js,1,pixels,0,jpeg60,0,0,1,MicroQRCode
micro-bytes,MicroQRCode,15x15,bwip-js,1,pixels,0,jpeg30,0,0,1,MicroQRCode
micro-bytes,MicroQRCode,15x15,bwip-js,1,pixels,0,jpeg15,0,0,1,MicroQRCode
micro-bytes,MicroQRCode,15x15,bwip-js,1,pixels,0,light30,0,0,1,MicroQRCode
micro-bytes,MicroQRCode,15x15,bwip-js,1,pixels,0,light60,0,0,1,MicroQRCode
micro-bytes,MicroQRCode,15x15,bwip-js,1,pixels,0,persp,0,0,1,MicroQRCode
micro-bytes,MicroQRCode,15x15,bwip-js,1,pixels,0,phone,0,0,1,MicroQRCode
micro-bytes,MicroQRCode,15x15,bwip-js,1,pixels,0,hard,0,0,1,MicroQRCode
micro-bytes,MicroQRCode,15x15,bwip-js,1,splats,0,front,0,0,1,MicroQRCode
micro-bytes,MicroQRCode,15x15,bwip-js,1,splats,0,phone,0,0,1,MicroQRCode
micro-bytes,MicroQRCode,15x15,bwip-js,1,splats,0,hard,0,0,0,
micro-bytes,MicroQRCode,15x15,bwip-js,1,splats,1,front,0,0,1,MicroQRCode
micro-bytes,MicroQRCode,15x15,bwip-js,1,splats,1,phone,0,0,1,MicroQRCode
micro-bytes,MicroQRCode,15x15,bwip-js,1,splats,1,hard,0,0,0,
micro-bytes,MicroQRCode,15x15,bwip-js,1,splats,2,front,0,0,1,MicroQRCode
micro-bytes,MicroQRCode,15x15,bwip-js,1,splats,2,phone,0,0,1,MicroQRCode
micro-bytes,MicroQRCode,15x15,bwip-js,1,splats,2,hard,0,0,0,
micro-bytes,MicroQRCode,15x15,bwip-js,1,splats,3,front,0,0,1,MicroQRCode
micro-bytes,MicroQRCode,15x15,bwip-js,1,splats,3,phone,0,0,0,
micro-bytes,MicroQRCode,15x15,bwip-js,1,splats,3,hard,0,0,0,
micro-bytes,MicroQRCode,15x15,bwip-js,1,splats,4,front,0,0,1,MicroQRCode
micro-bytes,MicroQRCode,15x15,bwip-js,1,splats,4,phone,0,0,1,MicroQRCode
micro-bytes,MicroQRCode,15x15,bwip-js,1,splats,4,hard,0,0,0,
rmqr-url,RMQRCode,59x15,zxing-cpp,1,pixels,0,front,0,0,1,RMQRCode
rmqr-url,RMQRCode,59x15,zxing-cpp,1,pixels,0,tilt10,0,0,0,
rmqr-url,RMQRCode,59x15,zxing-cpp,1,pixels,0,tilt20,0,0,0,
rmqr-url,RMQRCode,59x15,zxing-cpp,1,pixels,0,tilt28,0,0,0,
rmqr-url,RMQRCode,59x15,zxing-cpp,1,pixels,0,tilt35,0,0,0,
rmqr-url,RMQRCode,59x15,zxing-cpp,1,pixels,0,mod2,0,0,0,
rmqr-url,RMQRCode,59x15,zxing-cpp,1,pixels,0,mod3,0,0,0,
rmqr-url,RMQRCode,59x15,zxing-cpp,1,pixels,0,mod4,0,0,1,RMQRCode
rmqr-url,RMQRCode,59x15,zxing-cpp,1,pixels,0,mod5,0,0,1,RMQRCode
rmqr-url,RMQRCode,59x15,zxing-cpp,1,pixels,0,mod6,0,0,0,
rmqr-url,RMQRCode,59x15,zxing-cpp,1,pixels,0,mod12,0,0,1,RMQRCode
rmqr-url,RMQRCode,59x15,zxing-cpp,1,pixels,0,blur10,0,0,1,RMQRCode
rmqr-url,RMQRCode,59x15,zxing-cpp,1,pixels,0,blur20,0,0,0,
rmqr-url,RMQRCode,59x15,zxing-cpp,1,pixels,0,blur35,0,0,0,
rmqr-url,RMQRCode,59x15,zxing-cpp,1,pixels,0,jpeg60,0,0,1,RMQRCode
rmqr-url,RMQRCode,59x15,zxing-cpp,1,pixels,0,jpeg30,0,0,1,RMQRCode
rmqr-url,RMQRCode,59x15,zxing-cpp,1,pixels,0,jpeg15,0,0,1,RMQRCode
rmqr-url,RMQRCode,59x15,zxing-cpp,1,pixels,0,light30,0,0,1,RMQRCode
rmqr-url,RMQRCode,59x15,zxing-cpp,1,pixels,0,light60,0,0,1,RMQRCode
rmqr-url,RMQRCode,59x15,zxing-cpp,1,pixels,0,persp,0,0,0,
rmqr-url,RMQRCode,59x15,zxing-cpp,1,pixels,0,phone,0,0,0,
rmqr-url,RMQRCode,59x15,zxing-cpp,1,pixels,0,hard,0,0,0,
rmqr-url,RMQRCode,59x15,zxing-cpp,1,splats,0,front,0,0,0,
rmqr-url,RMQRCode,59x15,zxing-cpp,1,splats,0,phone,0,0,0,
rmqr-url,RMQRCode,59x15,zxing-cpp,1,splats,0,hard,0,0,0,
rmqr-url,RMQRCode,59x15,zxing-cpp,1,splats,1,front,0,0,1,RMQRCode
rmqr-url,RMQRCode,59x15,zxing-cpp,1,splats,1,phone,0,0,0,
rmqr-url,RMQRCode,59x15,zxing-cpp,1,splats,1,hard,0,0,0,
rmqr-url,RMQRCode,59x15,zxing-cpp,1,splats,2,front,0,0,0,
rmqr-url,RMQRCode,59x15,zxing-cpp,1,splats,2,phone,0,0,0,
rmqr-url,RMQRCode,59x15,zxing-cpp,1,splats,2,hard,0,0,0,
rmqr-url,RMQRCode,59x15,zxing-cpp,1,splats,3,front,0,0,0,
rmqr-url,RMQRCode,59x15,zxing-cpp,1,splats,3,phone,0,0,0,
rmqr-url,RMQRCode,59x15,zxing-cpp,1,splats,3,hard,0,0,0,
rmqr-url,RMQRCode,59x15,zxing-cpp,1,splats,4,front,0,0,0,
rmqr-url,RMQRCode,59x15,zxing-cpp,1,splats,4,phone,0,0,0,
rmqr-url,RMQRCode,59x15,zxing-cpp,1,splats,4,hard,0,0,0,
rmqr-url,RMQRCode,59x15,bwip-js,1,pixels,0,front,0,0,1,RMQRCode
rmqr-url,RMQRCode,59x15,bwip-js,1,pixels,0,tilt10,0,0,0,
rmqr-url,RMQRCode,59x15,bwip-js,1,pixels,0,tilt20,0,0,0,
rmqr-url,RMQRCode,59x15,bwip-js,1,pixels,0,tilt28,0,0,0,
rmqr-url,RMQRCode,59x15,bwip-js,1,pixels,0,tilt35,0,0,0,
rmqr-url,RMQRCode,59x15,bwip-js,1,pixels,0,mod2,0,0,0,
rmqr-url,RMQRCode,59x15,bwip-js,1,pixels,0,mod3,0,0,0,
rmqr-url,RMQRCode,59x15,bwip-js,1,pixels,0,mod4,0,0,1,RMQRCode
rmqr-url,RMQRCode,59x15,bwip-js,1,pixels,0,mod5,0,0,1,RMQRCode
rmqr-url,RMQRCode,59x15,bwip-js,1,pixels,0,mod6,0,0,0,
rmqr-url,RMQRCode,59x15,bwip-js,1,pixels,0,mod12,0,0,1,RMQRCode
rmqr-url,RMQRCode,59x15,bwip-js,1,pixels,0,blur10,0,0,1,RMQRCode
rmqr-url,RMQRCode,59x15,bwip-js,1,pixels,0,blur20,0,0,0,
rmqr-url,RMQRCode,59x15,bwip-js,1,pixels,0,blur35,0,0,0,
rmqr-url,RMQRCode,59x15,bwip-js,1,pixels,0,jpeg60,0,0,1,RMQRCode
rmqr-url,RMQRCode,59x15,bwip-js,1,pixels,0,jpeg30,0,0,1,RMQRCode
rmqr-url,RMQRCode,59x15,bwip-js,1,pixels,0,jpeg15,0,0,1,RMQRCode
rmqr-url,RMQRCode,59x15,bwip-js,1,pixels,0,light30,0,0,1,RMQRCode
rmqr-url,RMQRCode,59x15,bwip-js,1,pixels,0,light60,0,0,1,RMQRCode
rmqr-url,RMQRCode,59x15,bwip-js,1,pixels,0,persp,0,0,0,
rmqr-url,RMQRCode,59x15,bwip-js,1,pixels,0,phone,0,0,0,
rmqr-url,RMQRCode,59x15,bwip-js,1,pixels,0,hard,0,0,0,
rmqr-url,RMQRCode,59x15,bwip-js,1,splats,0,front,0,0,0,
rmqr-url,RMQRCode,59x15,bwip-js,1,splats,0,phone,0,0,0,
rmqr-url,RMQRCode,59x15,bwip-js,1,splats,0,hard,0,0,0,
rmqr-url,RMQRCode,59x15,bwip-js,1,splats,1,front,0,0,1,RMQRCode
rmqr-url,RMQRCode,59x15,bwip-js,1,splats,1,phone,0,0,0,
rmqr-url,RMQRCode,59x15,bwip-js,1,splats,1,hard,0,0,0,
rmqr-url,RMQRCode,59x15,bwip-js,1,splats,2,front,0,0,0,
rmqr-url,RMQRCode,59x15,bwip-js,1,splats,2,phone,0,0,0,
rmqr-url,RMQRCode,59x15,bwip-js,1,splats,2,hard,0,0,0,
rmqr-url,RMQRCode,59x15,bwip-js,1,splats,3,front,0,0,0,
rmqr-url,RMQRCode,59x15,bwip-js,1,splats,3,phone,0,0,0,
rmqr-url,RMQRCode,59x15,bwip-js,1,splats,3,hard,0,0,0,
rmqr-url,RMQRCode,59x15,bwip-js,1,splats,4,front,0,0,0,
rmqr-url,RMQRCode,59x15,bwip-js,1,splats,4,phone,0,0,0,
rmqr-url,RMQRCode,59x15,bwip-js,1,splats,4,hard,0,0,0,
rmqr-short,RMQRCode,59x9,zxing-cpp,1,pixels,0,front,0,0,1,RMQRCode
rmqr-short,RMQRCode,59x9,zxing-cpp,1,pixels,0,tilt10,0,0,1,RMQRCode
rmqr-short,RMQRCode,59x9,zxing-cpp,1,pixels,0,tilt20,0,0,1,RMQRCode
rmqr-short,RMQRCode,59x9,zxing-cpp,1,pixels,0,tilt28,0,0,1,RMQRCode
rmqr-short,RMQRCode,59x9,zxing-cpp,1,pixels,0,tilt35,0,0,0,
rmqr-short,RMQRCode,59x9,zxing-cpp,1,pixels,0,mod2,0,0,0,
rmqr-short,RMQRCode,59x9,zxing-cpp,1,pixels,0,mod3,0,0,0,
rmqr-short,RMQRCode,59x9,zxing-cpp,1,pixels,0,mod4,0,0,1,RMQRCode
rmqr-short,RMQRCode,59x9,zxing-cpp,1,pixels,0,mod5,0,0,1,RMQRCode
rmqr-short,RMQRCode,59x9,zxing-cpp,1,pixels,0,mod6,0,0,0,
rmqr-short,RMQRCode,59x9,zxing-cpp,1,pixels,0,mod12,0,0,1,RMQRCode
rmqr-short,RMQRCode,59x9,zxing-cpp,1,pixels,0,blur10,0,0,1,RMQRCode
rmqr-short,RMQRCode,59x9,zxing-cpp,1,pixels,0,blur20,0,0,0,
rmqr-short,RMQRCode,59x9,zxing-cpp,1,pixels,0,blur35,0,0,0,
rmqr-short,RMQRCode,59x9,zxing-cpp,1,pixels,0,jpeg60,0,0,1,RMQRCode
rmqr-short,RMQRCode,59x9,zxing-cpp,1,pixels,0,jpeg30,0,0,1,RMQRCode
rmqr-short,RMQRCode,59x9,zxing-cpp,1,pixels,0,jpeg15,0,0,1,RMQRCode
rmqr-short,RMQRCode,59x9,zxing-cpp,1,pixels,0,light30,0,0,1,RMQRCode
rmqr-short,RMQRCode,59x9,zxing-cpp,1,pixels,0,light60,0,0,1,RMQRCode
rmqr-short,RMQRCode,59x9,zxing-cpp,1,pixels,0,persp,0,0,1,RMQRCode
rmqr-short,RMQRCode,59x9,zxing-cpp,1,pixels,0,phone,0,0,0,
rmqr-short,RMQRCode,59x9,zxing-cpp,1,pixels,0,hard,0,0,1,RMQRCode
rmqr-short,RMQRCode,59x9,zxing-cpp,1,splats,0,front,0,0,0,
rmqr-short,RMQRCode,59x9,zxing-cpp,1,splats,0,phone,0,0,0,
rmqr-short,RMQRCode,59x9,zxing-cpp,1,splats,0,hard,0,0,0,
rmqr-short,RMQRCode,59x9,zxing-cpp,1,splats,1,front,0,0,0,
rmqr-short,RMQRCode,59x9,zxing-cpp,1,splats,1,phone,0,0,0,
rmqr-short,RMQRCode,59x9,zxing-cpp,1,splats,1,hard,0,0,0,
rmqr-short,RMQRCode,59x9,zxing-cpp,1,splats,2,front,0,0,0,
rmqr-short,RMQRCode,59x9,zxing-cpp,1,splats,2,phone,0,0,0,
rmqr-short,RMQRCode,59x9,zxing-cpp,1,splats,2,hard,0,0,0,
rmqr-short,RMQRCode,59x9,zxing-cpp,1,splats,3,front,0,0,0,
rmqr-short,RMQRCode,59x9,zxing-cpp,1,splats,3,phone,0,0,0,
rmqr-short,RMQRCode,59x9,zxing-cpp,1,splats,3,hard,0,0,0,
rmqr-short,RMQRCode,59x9,zxing-cpp,1,splats,4,front,0,0,1,RMQRCode
rmqr-short,RMQRCode,59x9,zxing-cpp,1,splats,4,phone,0,0,0,
rmqr-short,RMQRCode,59x9,zxing-cpp,1,splats,4,hard,0,0,0,
rmqr-short,RMQRCode,59x9,bwip-js,1,pixels,0,front,0,0,1,RMQRCode
rmqr-short,RMQRCode,59x9,bwip-js,1,pixels,0,tilt10,0,0,1,RMQRCode
rmqr-short,RMQRCode,59x9,bwip-js,1,pixels,0,tilt20,0,0,1,RMQRCode
rmqr-short,RMQRCode,59x9,bwip-js,1,pixels,0,tilt28,0,0,1,RMQRCode
rmqr-short,RMQRCode,59x9,bwip-js,1,pixels,0,tilt35,0,0,0,
rmqr-short,RMQRCode,59x9,bwip-js,1,pixels,0,mod2,0,0,0,
rmqr-short,RMQRCode,59x9,bwip-js,1,pixels,0,mod3,0,0,0,
rmqr-short,RMQRCode,59x9,bwip-js,1,pixels,0,mod4,0,0,1,RMQRCode
rmqr-short,RMQRCode,59x9,bwip-js,1,pixels,0,mod5,0,0,1,RMQRCode
rmqr-short,RMQRCode,59x9,bwip-js,1,pixels,0,mod6,0,0,0,
rmqr-short,RMQRCode,59x9,bwip-js,1,pixels,0,mod12,0,0,1,RMQRCode
rmqr-short,RMQRCode,59x9,bwip-js,1,pixels,0,blur10,0,0,1,RMQRCode
rmqr-short,RMQRCode,59x9,bwip-js,1,pixels,0,blur20,0,0,0,
rmqr-short,RMQRCode,59x9,bwip-js,1,pixels,0,blur35,0,0,0,
rmqr-short,RMQRCode,59x9,bwip-js,1,pixels,0,jpeg60,0,0,1,RMQRCode
rmqr-short,RMQRCode,59x9,bwip-js,1,pixels,0,jpeg30,0,0,1,RMQRCode
rmqr-short,RMQRCode,59x9,bwip-js,1,pixels,0,jpeg15,0,0,1,RMQRCode
rmqr-short,RMQRCode,59x9,bwip-js,1,pixels,0,light30,0,0,1,RMQRCode
rmqr-short,RMQRCode,59x9,bwip-js,1,pixels,0,light60,0,0,1,RMQRCode
rmqr-short,RMQRCode,59x9,bwip-js,1,pixels,0,persp,0,0,1,RMQRCode
rmqr-short,RMQRCode,59x9,bwip-js,1,pixels,0,phone,0,0,0,
rmqr-short,RMQRCode,59x9,bwip-js,1,pixels,0,hard,0,0,1,RMQRCode
rmqr-short,RMQRCode,59x9,bwip-js,1,splats,0,front,0,0,0,
rmqr-short,RMQRCode,59x9,bwip-js,1,splats,0,phone,0,0,0,
rmqr-short,RMQRCode,59x9,bwip-js,1,splats,0,hard,0,0,0,
rmqr-short,RMQRCode,59x9,bwip-js,1,splats,1,front,0,0,0,
rmqr-short,RMQRCode,59x9,bwip-js,1,splats,1,phone,0,0,0,
rmqr-short,RMQRCode,59x9,bwip-js,1,splats,1,hard,0,0,0,
rmqr-short,RMQRCode,59x9,bwip-js,1,splats,2,front,0,0,0,
rmqr-short,RMQRCode,59x9,bwip-js,1,splats,2,phone,0,0,0,
rmqr-short,RMQRCode,59x9,bwip-js,1,splats,2,hard,0,0,0,
rmqr-short,RMQRCode,59x9,bwip-js,1,splats,3,front,0,0,0,
rmqr-short,RMQRCode,59x9,bwip-js,1,splats,3,phone,0,0,0,
rmqr-short,RMQRCode,59x9,bwip-js,1,splats,3,hard,0,0,0,
rmqr-short,RMQRCode,59x9,bwip-js,1,splats,4,front,0,0,1,RMQRCode
rmqr-short,RMQRCode,59x9,bwip-js,1,splats,4,phone,0,0,0,
rmqr-short,RMQRCode,59x9,bwip-js,1,splats,4,hard,0,0,0,
qr-url,QRCode,33x33,zxing-cpp,0,pixels,0,front,1,1,1,QRCode
qr-url,QRCode,33x33,zxing-cpp,0,pixels,0,tilt10,1,1,1,QRCode
qr-url,QRCode,33x33,zxing-cpp,0,pixels,0,tilt20,1,1,1,QRCode
qr-url,QRCode,33x33,zxing-cpp,0,pixels,0,tilt28,1,1,1,QRCode
qr-url,QRCode,33x33,zxing-cpp,0,pixels,0,tilt35,1,1,1,QRCode
qr-url,QRCode,33x33,zxing-cpp,0,pixels,0,mod2,0,0,1,QRCode
qr-url,QRCode,33x33,zxing-cpp,0,pixels,0,mod3,1,1,1,QRCode
qr-url,QRCode,33x33,zxing-cpp,0,pixels,0,mod4,1,1,1,QRCode
qr-url,QRCode,33x33,zxing-cpp,0,pixels,0,mod5,1,1,1,QRCode
qr-url,QRCode,33x33,zxing-cpp,0,pixels,0,mod6,0,1,1,QRCode
qr-url,QRCode,33x33,zxing-cpp,0,pixels,0,mod12,1,1,1,QRCode
qr-url,QRCode,33x33,zxing-cpp,0,pixels,0,blur10,1,1,1,QRCode
qr-url,QRCode,33x33,zxing-cpp,0,pixels,0,blur20,1,1,1,QRCode
qr-url,QRCode,33x33,zxing-cpp,0,pixels,0,blur35,1,0,1,QRCode
qr-url,QRCode,33x33,zxing-cpp,0,pixels,0,jpeg60,1,1,1,QRCode
qr-url,QRCode,33x33,zxing-cpp,0,pixels,0,jpeg30,1,1,1,QRCode
qr-url,QRCode,33x33,zxing-cpp,0,pixels,0,jpeg15,1,1,1,QRCode
qr-url,QRCode,33x33,zxing-cpp,0,pixels,0,light30,1,1,1,QRCode
qr-url,QRCode,33x33,zxing-cpp,0,pixels,0,light60,1,1,1,QRCode
qr-url,QRCode,33x33,zxing-cpp,0,pixels,0,persp,1,1,1,QRCode
qr-url,QRCode,33x33,zxing-cpp,0,pixels,0,phone,1,1,1,QRCode
qr-url,QRCode,33x33,zxing-cpp,0,pixels,0,hard,1,1,1,QRCode
qr-url,QRCode,33x33,zxing-cpp,0,splats,0,front,1,1,1,QRCode
qr-url,QRCode,33x33,zxing-cpp,0,splats,0,phone,1,1,1,QRCode
qr-url,QRCode,33x33,zxing-cpp,0,splats,0,hard,1,0,1,QRCode
qr-url,QRCode,33x33,zxing-cpp,0,splats,1,front,1,1,1,QRCode
qr-url,QRCode,33x33,zxing-cpp,0,splats,1,phone,1,1,1,QRCode
qr-url,QRCode,33x33,zxing-cpp,0,splats,1,hard,1,0,1,QRCode
qr-url,QRCode,33x33,zxing-cpp,0,splats,2,front,1,1,1,QRCode
qr-url,QRCode,33x33,zxing-cpp,0,splats,2,phone,1,1,1,QRCode
qr-url,QRCode,33x33,zxing-cpp,0,splats,2,hard,1,1,1,QRCode
qr-url,QRCode,33x33,zxing-cpp,0,splats,3,front,1,1,1,QRCode
qr-url,QRCode,33x33,zxing-cpp,0,splats,3,phone,1,1,1,QRCode
qr-url,QRCode,33x33,zxing-cpp,0,splats,3,hard,1,0,1,QRCode
qr-url,QRCode,33x33,zxing-cpp,0,splats,4,front,1,1,1,QRCode
qr-url,QRCode,33x33,zxing-cpp,0,splats,4,phone,1,1,1,QRCode
qr-url,QRCode,33x33,zxing-cpp,0,splats,4,hard,1,0,1,QRCode
qr-url,QRCode,33x33,bwip-js,0,pixels,0,front,1,1,1,QRCode
qr-url,QRCode,33x33,bwip-js,0,pixels,0,tilt10,1,1,1,QRCode
qr-url,QRCode,33x33,bwip-js,0,pixels,0,tilt20,1,1,1,QRCode
qr-url,QRCode,33x33,bwip-js,0,pixels,0,tilt28,1,1,1,QRCode
qr-url,QRCode,33x33,bwip-js,0,pixels,0,tilt35,1,1,1,QRCode
qr-url,QRCode,33x33,bwip-js,0,pixels,0,mod2,0,0,1,QRCode
qr-url,QRCode,33x33,bwip-js,0,pixels,0,mod3,1,1,1,QRCode
qr-url,QRCode,33x33,bwip-js,0,pixels,0,mod4,1,1,1,QRCode
qr-url,QRCode,33x33,bwip-js,0,pixels,0,mod5,1,1,1,QRCode
qr-url,QRCode,33x33,bwip-js,0,pixels,0,mod6,1,1,1,QRCode
qr-url,QRCode,33x33,bwip-js,0,pixels,0,mod12,1,1,1,QRCode
qr-url,QRCode,33x33,bwip-js,0,pixels,0,blur10,1,1,1,QRCode
qr-url,QRCode,33x33,bwip-js,0,pixels,0,blur20,1,1,1,QRCode
qr-url,QRCode,33x33,bwip-js,0,pixels,0,blur35,1,0,1,QRCode
qr-url,QRCode,33x33,bwip-js,0,pixels,0,jpeg60,1,1,1,QRCode
qr-url,QRCode,33x33,bwip-js,0,pixels,0,jpeg30,1,1,1,QRCode
qr-url,QRCode,33x33,bwip-js,0,pixels,0,jpeg15,1,1,1,QRCode
qr-url,QRCode,33x33,bwip-js,0,pixels,0,light30,1,1,1,QRCode
qr-url,QRCode,33x33,bwip-js,0,pixels,0,light60,1,1,1,QRCode
qr-url,QRCode,33x33,bwip-js,0,pixels,0,persp,1,1,1,QRCode
qr-url,QRCode,33x33,bwip-js,0,pixels,0,phone,1,1,1,QRCode
qr-url,QRCode,33x33,bwip-js,0,pixels,0,hard,1,1,1,QRCode
qr-url,QRCode,33x33,bwip-js,0,splats,0,front,1,1,1,QRCode
qr-url,QRCode,33x33,bwip-js,0,splats,0,phone,1,1,1,QRCode
qr-url,QRCode,33x33,bwip-js,0,splats,0,hard,1,0,1,QRCode
qr-url,QRCode,33x33,bwip-js,0,splats,1,front,1,1,1,QRCode
qr-url,QRCode,33x33,bwip-js,0,splats,1,phone,1,1,1,QRCode
qr-url,QRCode,33x33,bwip-js,0,splats,1,hard,1,0,1,QRCode
qr-url,QRCode,33x33,bwip-js,0,splats,2,front,1,1,1,QRCode
qr-url,QRCode,33x33,bwip-js,0,splats,2,phone,1,1,1,QRCode
qr-url,QRCode,33x33,bwip-js,0,splats,2,hard,1,1,1,QRCode
qr-url,QRCode,33x33,bwip-js,0,splats,3,front,1,1,1,QRCode
qr-url,QRCode,33x33,bwip-js,0,splats,3,phone,1,1,1,QRCode
qr-url,QRCode,33x33,bwip-js,0,splats,3,hard,1,0,1,QRCode
qr-url,QRCode,33x33,bwip-js,0,splats,4,front,1,1,1,QRCode
qr-url,QRCode,33x33,bwip-js,0,splats,4,phone,1,1,1,QRCode
qr-url,QRCode,33x33,bwip-js,0,splats,4,hard,1,1,1,QRCode
