case,format,size,writer,writersAgree,how,cond,n,jsqr,zxing,zxingcpp,zxingcppFormat
micro-alnum,MicroQRCode,15x15,zxing-cpp,0,pixels,front,1,0,0,1,MicroQRCode
micro-alnum,MicroQRCode,15x15,zxing-cpp,0,pixels,tilt10,1,0,0,1,MicroQRCode
micro-alnum,MicroQRCode,15x15,zxing-cpp,0,pixels,tilt20,1,0,0,1,MicroQRCode
micro-alnum,MicroQRCode,15x15,zxing-cpp,0,pixels,tilt28,1,0,0,1,MicroQRCode
micro-alnum,MicroQRCode,15x15,zxing-cpp,0,pixels,tilt35,1,0,0,1,MicroQRCode
micro-alnum,MicroQRCode,15x15,zxing-cpp,0,pixels,mod2,1,0,0,0,
micro-alnum,MicroQRCode,15x15,zxing-cpp,0,pixels,mod3,1,0,0,1,MicroQRCode
micro-alnum,MicroQRCode,15x15,zxing-cpp,0,pixels,mod4,1,0,0,1,MicroQRCode
micro-alnum,MicroQRCode,15x15,zxing-cpp,0,pixels,mod5,1,0,0,1,MicroQRCode
micro-alnum,MicroQRCode,15x15,zxing-cpp,0,pixels,mod6,1,0,0,1,MicroQRCode
micro-alnum,MicroQRCode,15x15,zxing-cpp,0,pixels,mod12,1,0,0,1,MicroQRCode
micro-alnum,MicroQRCode,15x15,zxing-cpp,0,pixels,blur10,1,0,0,1,MicroQRCode
micro-alnum,MicroQRCode,15x15,zxing-cpp,0,pixels,blur20,1,0,0,1,MicroQRCode
micro-alnum,MicroQRCode,15x15,zxing-cpp,0,pixels,blur35,1,0,0,0,
micro-alnum,MicroQRCode,15x15,zxing-cpp,0,pixels,jpeg60,1,0,0,1,MicroQRCode
micro-alnum,MicroQRCode,15x15,zxing-cpp,0,pixels,jpeg30,1,0,0,1,MicroQRCode
micro-alnum,MicroQRCode,15x15,zxing-cpp,0,pixels,jpeg15,1,0,0,1,MicroQRCode
micro-alnum,MicroQRCode,15x15,zxing-cpp,0,pixels,light30,1,0,0,1,MicroQRCode
micro-alnum,MicroQRCode,15x15,zxing-cpp,0,pixels,light60,1,0,0,1,MicroQRCode
micro-alnum,MicroQRCode,15x15,zxing-cpp,0,pixels,persp,1,0,0,1,MicroQRCode
micro-alnum,MicroQRCode,15x15,zxing-cpp,0,pixels,phone,1,0,0,1,MicroQRCode
micro-alnum,MicroQRCode,15x15,zxing-cpp,0,pixels,hard,1,0,0,1,MicroQRCode
micro-alnum,MicroQRCode,15x15,zxing-cpp,0,splats,front,5,0,0,5,MicroQRCode
micro-alnum,MicroQRCode,15x15,zxing-cpp,0,splats,phone,5,0,0,4,MicroQRCode
micro-alnum,MicroQRCode,15x15,zxing-cpp,0,splats,hard,5,0,0,1,MicroQRCode
micro-alnum,MicroQRCode,15x15,bwip-js,0,pixels,front,1,0,0,1,MicroQRCode
micro-alnum,MicroQRCode,15x15,bwip-js,0,pixels,tilt10,1,0,0,1,MicroQRCode
micro-alnum,MicroQRCode,15x15,bwip-js,0,pixels,tilt20,1,0,0,1,MicroQRCode
micro-alnum,MicroQRCode,15x15,bwip-js,0,pixels,tilt28,1,0,0,1,MicroQRCode
micro-alnum,MicroQRCode,15x15,bwip-js,0,pixels,tilt35,1,0,0,1,MicroQRCode
micro-alnum,MicroQRCode,15x15,bwip-js,0,pixels,mod2,1,0,0,0,
micro-alnum,MicroQRCode,15x15,bwip-js,0,pixels,mod3,1,0,0,1,MicroQRCode
micro-alnum,MicroQRCode,15x15,bwip-js,0,pixels,mod4,1,0,0,1,MicroQRCode
micro-alnum,MicroQRCode,15x15,bwip-js,0,pixels,mod5,1,0,0,1,MicroQRCode
micro-alnum,MicroQRCode,15x15,bwip-js,0,pixels,mod6,1,0,0,1,MicroQRCode
micro-alnum,MicroQRCode,15x15,bwip-js,0,pixels,mod12,1,0,0,1,MicroQRCode
micro-alnum,MicroQRCode,15x15,bwip-js,0,pixels,blur10,1,0,0,1,MicroQRCode
micro-alnum,MicroQRCode,15x15,bwip-js,0,pixels,blur20,1,0,0,1,MicroQRCode
micro-alnum,MicroQRCode,15x15,bwip-js,0,pixels,blur35,1,0,0,1,MicroQRCode
micro-alnum,MicroQRCode,15x15,bwip-js,0,pixels,jpeg60,1,0,0,1,MicroQRCode
micro-alnum,MicroQRCode,15x15,bwip-js,0,pixels,jpeg30,1,0,0,1,MicroQRCode
micro-alnum,MicroQRCode,15x15,bwip-js,0,pixels,jpeg15,1,0,0,1,MicroQRCode
micro-alnum,MicroQRCode,15x15,bwip-js,0,pixels,light30,1,0,0,1,MicroQRCode
micro-alnum,MicroQRCode,15x15,bwip-js,0,pixels,light60,1,0,0,1,MicroQRCode
micro-alnum,MicroQRCode,15x15,bwip-js,0,pixels,persp,1,0,0,1,MicroQRCode
micro-alnum,MicroQRCode,15x15,bwip-js,0,pixels,phone,1,0,0,1,MicroQRCode
micro-alnum,MicroQRCode,15x15,bwip-js,0,pixels,hard,1,0,0,1,MicroQRCode
micro-alnum,MicroQRCode,15x15,bwip-js,0,splats,front,5,0,0,5,MicroQRCode
micro-alnum,MicroQRCode,15x15,bwip-js,0,splats,phone,5,0,0,2,MicroQRCode
micro-alnum,MicroQRCode,15x15,bwip-js,0,splats,hard,5,0,0,1,MicroQRCode
micro-bytes,MicroQRCode,15x15,zxing-cpp,1,pixels,front,1,0,0,1,MicroQRCode
micro-bytes,MicroQRCode,15x15,zxing-cpp,1,pixels,tilt10,1,0,0,1,MicroQRCode
micro-bytes,MicroQRCode,15x15,zxing-cpp,1,pixels,tilt20,1,0,0,1,MicroQRCode
micro-bytes,MicroQRCode,15x15,zxing-cpp,1,pixels,tilt28,1,0,0,1,MicroQRCode
micro-bytes,MicroQRCode,15x15,zxing-cpp,1,pixels,tilt35,1,0,0,1,MicroQRCode
micro-bytes,MicroQRCode,15x15,zxing-cpp,1,pixels,mod2,1,0,0,0,
micro-bytes,MicroQRCode,15x15,zxing-cpp,1,pixels,mod3,1,0,0,1,MicroQRCode
micro-bytes,MicroQRCode,15x15,zxing-cpp,1,pixels,mod4,1,0,0,1,MicroQRCode
micro-bytes,MicroQRCode,15x15,zxing-cpp,1,pixels,mod5,1,0,0,1,MicroQRCode
micro-bytes,MicroQRCode,15x15,zxing-cpp,1,pixels,mod6,1,0,0,1,MicroQRCode
micro-bytes,MicroQRCode,15x15,zxing-cpp,1,pixels,mod12,1,0,0,1,MicroQRCode
micro-bytes,MicroQRCode,15x15,zxing-cpp,1,pixels,blur10,1,0,0,1,MicroQRCode
micro-bytes,MicroQRCode,15x15,zxing-cpp,1,pixels,blur20,1,0,0,1,MicroQRCode
micro-bytes,MicroQRCode,15x15,zxing-cpp,1,pixels,blur35,1,0,0,1,MicroQRCode
micro-bytes,MicroQRCode,15x15,zxing-cpp,1,pixels,jpeg60,1,0,0,1,MicroQRCode
micro-bytes,MicroQRCode,15x15,zxing-cpp,1,pixels,jpeg30,1,0,0,1,MicroQRCode
micro-bytes,MicroQRCode,15x15,zxing-cpp,1,pixels,jpeg15,1,0,0,1,MicroQRCode
micro-bytes,MicroQRCode,15x15,zxing-cpp,1,pixels,light30,1,0,0,1,MicroQRCode
micro-bytes,MicroQRCode,15x15,zxing-cpp,1,pixels,light60,1,0,0,1,MicroQRCode
micro-bytes,MicroQRCode,15x15,zxing-cpp,1,pixels,persp,1,0,0,1,MicroQRCode
micro-bytes,MicroQRCode,15x15,zxing-cpp,1,pixels,phone,1,0,0,1,MicroQRCode
micro-bytes,MicroQRCode,15x15,zxing-cpp,1,pixels,hard,1,0,0,1,MicroQRCode
micro-bytes,MicroQRCode,15x15,zxing-cpp,1,splats,front,5,0,0,5,MicroQRCode
micro-bytes,MicroQRCode,15x15,zxing-cpp,1,splats,phone,5,0,0,4,MicroQRCode
micro-bytes,MicroQRCode,15x15,zxing-cpp,1,splats,hard,5,0,0,0,
micro-bytes,MicroQRCode,15x15,bwip-js,1,pixels,front,1,0,0,1,MicroQRCode
micro-bytes,MicroQRCode,15x15,bwip-js,1,pixels,tilt10,1,0,0,1,MicroQRCode
micro-bytes,MicroQRCode,15x15,bwip-js,1,pixels,tilt20,1,0,0,1,MicroQRCode
micro-bytes,MicroQRCode,15x15,bwip-js,1,pixels,tilt28,1,0,0,1,MicroQRCode
micro-bytes,MicroQRCode,15x15,bwip-js,1,pixels,tilt35,1,0,0,1,MicroQRCode
micro-bytes,MicroQRCode,15x15,bwip-js,1,pixels,mod2,1,0,0,0,
micro-bytes,MicroQRCode,15x15,bwip-js,1,pixels,mod3,1,0,0,1,MicroQRCode
micro-bytes,MicroQRCode,15x15,bwip-js,1,pixels,mod4,1,0,0,1,MicroQRCode
micro-bytes,MicroQRCode,15x15,bwip-js,1,pixels,mod5,1,0,0,1,MicroQRCode
micro-bytes,MicroQRCode,15x15,bwip-js,1,pixels,mod6,1,0,0,1,MicroQRCode
micro-bytes,MicroQRCode,15x15,bwip-js,1,pixels,mod12,1,0,0,1,MicroQRCode
micro-bytes,MicroQRCode,15x15,bwip-js,1,pixels,blur10,1,0,0,1,MicroQRCode
micro-bytes,MicroQRCode,15x15,bwip-js,1,pixels,blur20,1,0,0,1,MicroQRCode
micro-bytes,MicroQRCode,15x15,bwip-js,1,pixels,blur35,1,0,0,1,MicroQRCode
micro-bytes,MicroQRCode,15x15,bwip-js,1,pixels,jpeg60,1,0,0,1,MicroQRCode
micro-bytes,MicroQRCode,15x15,bwip-js,1,pixels,jpeg30,1,0,0,1,MicroQRCode
micro-bytes,MicroQRCode,15x15,bwip-js,1,pixels,jpeg15,1,0,0,1,MicroQRCode
micro-bytes,MicroQRCode,15x15,bwip-js,1,pixels,light30,1,0,0,1,MicroQRCode
micro-bytes,MicroQRCode,15x15,bwip-js,1,pixels,light60,1,0,0,1,MicroQRCode
micro-bytes,MicroQRCode,15x15,bwip-js,1,pixels,persp,1,0,0,1,MicroQRCode
micro-bytes,MicroQRCode,15x15,bwip-js,1,pixels,phone,1,0,0,1,MicroQRCode
micro-bytes,MicroQRCode,15x15,bwip-js,1,pixels,hard,1,0,0,1,MicroQRCode
micro-bytes,MicroQRCode,15x15,bwip-js,1,splats,front,5,0,0,5,MicroQRCode
micro-bytes,MicroQRCode,15x15,bwip-js,1,splats,phone,5,0,0,4,MicroQRCode
micro-bytes,MicroQRCode,15x15,bwip-js,1,splats,hard,5,0,0,0,
rmqr-url,RMQRCode,59x15,zxing-cpp,1,pixels,front,1,0,0,1,RMQRCode
rmqr-url,RMQRCode,59x15,zxing-cpp,1,pixels,tilt10,1,0,0,0,
rmqr-url,RMQRCode,59x15,zxing-cpp,1,pixels,tilt20,1,0,0,0,
rmqr-url,RMQRCode,59x15,zxing-cpp,1,pixels,tilt28,1,0,0,0,
rmqr-url,RMQRCode,59x15,zxing-cpp,1,pixels,tilt35,1,0,0,0,
rmqr-url,RMQRCode,59x15,zxing-cpp,1,pixels,mod2,1,0,0,0,
rmqr-url,RMQRCode,59x15,zxing-cpp,1,pixels,mod3,1,0,0,0,
rmqr-url,RMQRCode,59x15,zxing-cpp,1,pixels,mod4,1,0,0,1,RMQRCode
rmqr-url,RMQRCode,59x15,zxing-cpp,1,pixels,mod5,1,0,0,1,RMQRCode
rmqr-url,RMQRCode,59x15,zxing-cpp,1,pixels,mod6,1,0,0,0,
rmqr-url,RMQRCode,59x15,zxing-cpp,1,pixels,mod12,1,0,0,1,RMQRCode
rmqr-url,RMQRCode,59x15,zxing-cpp,1,pixels,blur10,1,0,0,1,RMQRCode
rmqr-url,RMQRCode,59x15,zxing-cpp,1,pixels,blur20,1,0,0,0,
rmqr-url,RMQRCode,59x15,zxing-cpp,1,pixels,blur35,1,0,0,0,
rmqr-url,RMQRCode,59x15,zxing-cpp,1,pixels,jpeg60,1,0,0,1,RMQRCode
rmqr-url,RMQRCode,59x15,zxing-cpp,1,pixels,jpeg30,1,0,0,1,RMQRCode
rmqr-url,RMQRCode,59x15,zxing-cpp,1,pixels,jpeg15,1,0,0,1,RMQRCode
rmqr-url,RMQRCode,59x15,zxing-cpp,1,pixels,light30,1,0,0,1,RMQRCode
rmqr-url,RMQRCode,59x15,zxing-cpp,1,pixels,light60,1,0,0,1,RMQRCode
rmqr-url,RMQRCode,59x15,zxing-cpp,1,pixels,persp,1,0,0,0,
rmqr-url,RMQRCode,59x15,zxing-cpp,1,pixels,phone,1,0,0,0,
rmqr-url,RMQRCode,59x15,zxing-cpp,1,pixels,hard,1,0,0,0,
rmqr-url,RMQRCode,59x15,zxing-cpp,1,splats,front,5,0,0,1,RMQRCode
rmqr-url,RMQRCode,59x15,zxing-cpp,1,splats,phone,5,0,0,0,
rmqr-url,RMQRCode,59x15,zxing-cpp,1,splats,hard,5,0,0,0,
rmqr-url,RMQRCode,59x15,bwip-js,1,pixels,front,1,0,0,1,RMQRCode
rmqr-url,RMQRCode,59x15,bwip-js,1,pixels,tilt10,1,0,0,0,
rmqr-url,RMQRCode,59x15,bwip-js,1,pixels,tilt20,1,0,0,0,
rmqr-url,RMQRCode,59x15,bwip-js,1,pixels,tilt28,1,0,0,0,
rmqr-url,RMQRCode,59x15,bwip-js,1,pixels,tilt35,1,0,0,0,
rmqr-url,RMQRCode,59x15,bwip-js,1,pixels,mod2,1,0,0,0,
rmqr-url,RMQRCode,59x15,bwip-js,1,pixels,mod3,1,0,0,0,
rmqr-url,RMQRCode,59x15,bwip-js,1,pixels,mod4,1,0,0,1,RMQRCode
rmqr-url,RMQRCode,59x15,bwip-js,1,pixels,mod5,1,0,0,1,RMQRCode
rmqr-url,RMQRCode,59x15,bwip-js,1,pixels,mod6,1,0,0,0,
rmqr-url,RMQRCode,59x15,bwip-js,1,pixels,mod12,1,0,0,1,RMQRCode
rmqr-url,RMQRCode,59x15,bwip-js,1,pixels,blur10,1,0,0,1,RMQRCode
rmqr-url,RMQRCode,59x15,bwip-js,1,pixels,blur20,1,0,0,0,
rmqr-url,RMQRCode,59x15,bwip-js,1,pixels,blur35,1,0,0,0,
rmqr-url,RMQRCode,59x15,bwip-js,1,pixels,jpeg60,1,0,0,1,RMQRCode
rmqr-url,RMQRCode,59x15,bwip-js,1,pixels,jpeg30,1,0,0,1,RMQRCode
rmqr-url,RMQRCode,59x15,bwip-js,1,pixels,jpeg15,1,0,0,1,RMQRCode
rmqr-url,RMQRCode,59x15,bwip-js,1,pixels,light30,1,0,0,1,RMQRCode
rmqr-url,RMQRCode,59x15,bwip-js,1,pixels,light60,1,0,0,1,RMQRCode
rmqr-url,RMQRCode,59x15,bwip-js,1,pixels,persp,1,0,0,0,
rmqr-url,RMQRCode,59x15,bwip-js,1,pixels,phone,1,0,0,0,
rmqr-url,RMQRCode,59x15,bwip-js,1,pixels,hard,1,0,0,0,
rmqr-url,RMQRCode,59x15,bwip-js,1,splats,front,5,0,0,1,RMQRCode
rmqr-url,RMQRCode,59x15,bwip-js,1,splats,phone,5,0,0,0,
rmqr-url,RMQRCode,59x15,bwip-js,1,splats,hard,5,0,0,0,
rmqr-short,RMQRCode,59x9,zxing-cpp,1,pixels,front,1,0,0,1,RMQRCode
rmqr-short,RMQRCode,59x9,zxing-cpp,1,pixels,tilt10,1,0,0,1,RMQRCode
rmqr-short,RMQRCode,59x9,zxing-cpp,1,pixels,tilt20,1,0,0,1,RMQRCode
rmqr-short,RMQRCode,59x9,zxing-cpp,1,pixels,tilt28,1,0,0,1,RMQRCode
rmqr-short,RMQRCode,59x9,zxing-cpp,1,pixels,tilt35,1,0,0,0,
rmqr-short,RMQRCode,59x9,zxing-cpp,1,pixels,mod2,1,0,0,0,
rmqr-short,RMQRCode,59x9,zxing-cpp,1,pixels,mod3,1,0,0,0,
rmqr-short,RMQRCode,59x9,zxing-cpp,1,pixels,mod4,1,0,0,1,RMQRCode
rmqr-short,RMQRCode,59x9,zxing-cpp,1,pixels,mod5,1,0,0,1,RMQRCode
rmqr-short,RMQRCode,59x9,zxing-cpp,1,pixels,mod6,1,0,0,0,
rmqr-short,RMQRCode,59x9,zxing-cpp,1,pixels,mod12,1,0,0,1,RMQRCode
rmqr-short,RMQRCode,59x9,zxing-cpp,1,pixels,blur10,1,0,0,1,RMQRCode
rmqr-short,RMQRCode,59x9,zxing-cpp,1,pixels,blur20,1,0,0,0,
rmqr-short,RMQRCode,59x9,zxing-cpp,1,pixels,blur35,1,0,0,0,
rmqr-short,RMQRCode,59x9,zxing-cpp,1,pixels,jpeg60,1,0,0,1,RMQRCode
rmqr-short,RMQRCode,59x9,zxing-cpp,1,pixels,jpeg30,1,0,0,1,RMQRCode
rmqr-short,RMQRCode,59x9,zxing-cpp,1,pixels,jpeg15,1,0,0,1,RMQRCode
rmqr-short,RMQRCode,59x9,zxing-cpp,1,pixels,light30,1,0,0,1,RMQRCode
rmqr-short,RMQRCode,59x9,zxing-cpp,1,pixels,light60,1,0,0,1,RMQRCode
rmqr-short,RMQRCode,59x9,zxing-cpp,1,pixels,persp,1,0,0,1,RMQRCode
rmqr-short,RMQRCode,59x9,zxing-cpp,1,pixels,phone,1,0,0,0,
rmqr-short,RMQRCode,59x9,zxing-cpp,1,pixels,hard,1,0,0,1,RMQRCode
rmqr-short,RMQRCode,59x9,zxing-cpp,1,splats,front,5,0,0,1,RMQRCode
rmqr-short,RMQRCode,59x9,zxing-cpp,1,splats,phone,5,0,0,0,
rmqr-short,RMQRCode,59x9,zxing-cpp,1,splats,hard,5,0,0,0,
rmqr-short,RMQRCode,59x9,bwip-js,1,pixels,front,1,0,0,1,RMQRCode
rmqr-short,RMQRCode,59x9,bwip-js,1,pixels,tilt10,1,0,0,1,RMQRCode
rmqr-short,RMQRCode,59x9,bwip-js,1,pixels,tilt20,1,0,0,1,RMQRCode
rmqr-short,RMQRCode,59x9,bwip-js,1,pixels,tilt28,1,0,0,1,RMQRCode
rmqr-short,RMQRCode,59x9,bwip-js,1,pixels,tilt35,1,0,0,0,
rmqr-short,RMQRCode,59x9,bwip-js,1,pixels,mod2,1,0,0,0,
rmqr-short,RMQRCode,59x9,bwip-js,1,pixels,mod3,1,0,0,0,
rmqr-short,RMQRCode,59x9,bwip-js,1,pixels,mod4,1,0,0,1,RMQRCode
rmqr-short,RMQRCode,59x9,bwip-js,1,pixels,mod5,1,0,0,1,RMQRCode
rmqr-short,RMQRCode,59x9,bwip-js,1,pixels,mod6,1,0,0,0,
rmqr-short,RMQRCode,59x9,bwip-js,1,pixels,mod12,1,0,0,1,RMQRCode
rmqr-short,RMQRCode,59x9,bwip-js,1,pixels,blur10,1,0,0,1,RMQRCode
rmqr-short,RMQRCode,59x9,bwip-js,1,pixels,blur20,1,0,0,0,
rmqr-short,RMQRCode,59x9,bwip-js,1,pixels,blur35,1,0,0,0,
rmqr-short,RMQRCode,59x9,bwip-js,1,pixels,jpeg60,1,0,0,1,RMQRCode
rmqr-short,RMQRCode,59x9,bwip-js,1,pixels,jpeg30,1,0,0,1,RMQRCode
rmqr-short,RMQRCode,59x9,bwip-js,1,pixels,jpeg15,1,0,0,1,RMQRCode
rmqr-short,RMQRCode,59x9,bwip-js,1,pixels,light30,1,0,0,1,RMQRCode
rmqr-short,RMQRCode,59x9,bwip-js,1,pixels,light60,1,0,0,1,RMQRCode
rmqr-short,RMQRCode,59x9,bwip-js,1,pixels,persp,1,0,0,1,RMQRCode
rmqr-short,RMQRCode,59x9,bwip-js,1,pixels,phone,1,0,0,0,
rmqr-short,RMQRCode,59x9,bwip-js,1,pixels,hard,1,0,0,1,RMQRCode
rmqr-short,RMQRCode,59x9,bwip-js,1,splats,front,5,0,0,1,RMQRCode
rmqr-short,RMQRCode,59x9,bwip-js,1,splats,phone,5,0,0,0,
rmqr-short,RMQRCode,59x9,bwip-js,1,splats,hard,5,0,0,0,
qr-url,QRCode,33x33,zxing-cpp,0,pixels,front,1,1,1,1,QRCode
qr-url,QRCode,33x33,zxing-cpp,0,pixels,tilt10,1,1,1,1,QRCode
qr-url,QRCode,33x33,zxing-cpp,0,pixels,tilt20,1,1,1,1,QRCode
qr-url,QRCode,33x33,zxing-cpp,0,pixels,tilt28,1,1,1,1,QRCode
qr-url,QRCode,33x33,zxing-cpp,0,pixels,tilt35,1,1,1,1,QRCode
qr-url,QRCode,33x33,zxing-cpp,0,pixels,mod2,1,0,0,1,QRCode
qr-url,QRCode,33x33,zxing-cpp,0,pixels,mod3,1,1,1,1,QRCode
qr-url,QRCode,33x33,zxing-cpp,0,pixels,mod4,1,1,1,1,QRCode
qr-url,QRCode,33x33,zxing-cpp,0,pixels,mod5,1,1,1,1,QRCode
qr-url,QRCode,33x33,zxing-cpp,0,pixels,mod6,1,0,1,1,QRCode
qr-url,QRCode,33x33,zxing-cpp,0,pixels,mod12,1,1,1,1,QRCode
qr-url,QRCode,33x33,zxing-cpp,0,pixels,blur10,1,1,1,1,QRCode
qr-url,QRCode,33x33,zxing-cpp,0,pixels,blur20,1,1,1,1,QRCode
qr-url,QRCode,33x33,zxing-cpp,0,pixels,blur35,1,1,0,1,QRCode
qr-url,QRCode,33x33,zxing-cpp,0,pixels,jpeg60,1,1,1,1,QRCode
qr-url,QRCode,33x33,zxing-cpp,0,pixels,jpeg30,1,1,1,1,QRCode
qr-url,QRCode,33x33,zxing-cpp,0,pixels,jpeg15,1,1,1,1,QRCode
qr-url,QRCode,33x33,zxing-cpp,0,pixels,light30,1,1,1,1,QRCode
qr-url,QRCode,33x33,zxing-cpp,0,pixels,light60,1,1,1,1,QRCode
qr-url,QRCode,33x33,zxing-cpp,0,pixels,persp,1,1,1,1,QRCode
qr-url,QRCode,33x33,zxing-cpp,0,pixels,phone,1,1,1,1,QRCode
qr-url,QRCode,33x33,zxing-cpp,0,pixels,hard,1,1,1,1,QRCode
qr-url,QRCode,33x33,zxing-cpp,0,splats,front,5,5,5,5,QRCode
qr-url,QRCode,33x33,zxing-cpp,0,splats,phone,5,5,5,5,QRCode
qr-url,QRCode,33x33,zxing-cpp,0,splats,hard,5,5,1,5,QRCode
qr-url,QRCode,33x33,bwip-js,0,pixels,front,1,1,1,1,QRCode
qr-url,QRCode,33x33,bwip-js,0,pixels,tilt10,1,1,1,1,QRCode
qr-url,QRCode,33x33,bwip-js,0,pixels,tilt20,1,1,1,1,QRCode
qr-url,QRCode,33x33,bwip-js,0,pixels,tilt28,1,1,1,1,QRCode
qr-url,QRCode,33x33,bwip-js,0,pixels,tilt35,1,1,1,1,QRCode
qr-url,QRCode,33x33,bwip-js,0,pixels,mod2,1,0,0,1,QRCode
qr-url,QRCode,33x33,bwip-js,0,pixels,mod3,1,1,1,1,QRCode
qr-url,QRCode,33x33,bwip-js,0,pixels,mod4,1,1,1,1,QRCode
qr-url,QRCode,33x33,bwip-js,0,pixels,mod5,1,1,1,1,QRCode
qr-url,QRCode,33x33,bwip-js,0,pixels,mod6,1,1,1,1,QRCode
qr-url,QRCode,33x33,bwip-js,0,pixels,mod12,1,1,1,1,QRCode
qr-url,QRCode,33x33,bwip-js,0,pixels,blur10,1,1,1,1,QRCode
qr-url,QRCode,33x33,bwip-js,0,pixels,blur20,1,1,1,1,QRCode
qr-url,QRCode,33x33,bwip-js,0,pixels,blur35,1,1,0,1,QRCode
qr-url,QRCode,33x33,bwip-js,0,pixels,jpeg60,1,1,1,1,QRCode
qr-url,QRCode,33x33,bwip-js,0,pixels,jpeg30,1,1,1,1,QRCode
qr-url,QRCode,33x33,bwip-js,0,pixels,jpeg15,1,1,1,1,QRCode
qr-url,QRCode,33x33,bwip-js,0,pixels,light30,1,1,1,1,QRCode
qr-url,QRCode,33x33,bwip-js,0,pixels,light60,1,1,1,1,QRCode
qr-url,QRCode,33x33,bwip-js,0,pixels,persp,1,1,1,1,QRCode
qr-url,QRCode,33x33,bwip-js,0,pixels,phone,1,1,1,1,QRCode
qr-url,QRCode,33x33,bwip-js,0,pixels,hard,1,1,1,1,QRCode
qr-url,QRCode,33x33,bwip-js,0,splats,front,5,5,5,5,QRCode
qr-url,QRCode,33x33,bwip-js,0,splats,phone,5,5,5,5,QRCode
qr-url,QRCode,33x33,bwip-js,0,splats,hard,5,5,2,5,QRCode
