set,level,version,trial,cond,k,save,jsqr_r,jsqr_g,jsqr_b,jsqr_all3,jsqr_plain,jsqr_mono,zxing_r,zxing_g,zxing_b,zxing_all3,zxing_plain,zxing_mono,zxingcpp_r,zxingcpp_g,zxingcpp_b,zxingcpp_all3,zxingcpp_plain,zxingcpp_mono
short,L,1,0,front,0,raw,1,1,1,1,g,1,1,1,1,1,,1,1,1,1,1,g,1
short,L,1,0,front,0,444,1,1,1,1,g,1,1,1,1,1,,1,1,1,1,1,,1
short,L,1,0,front,0,420,1,1,1,1,g,1,1,1,1,1,,1,1,1,1,1,,1
short,L,1,0,front,0.05,raw,1,1,1,1,g,1,1,1,1,1,,1,1,1,1,1,,1
short,L,1,0,front,0.05,444,1,1,1,1,g,1,1,1,1,1,,1,1,1,1,1,,1
short,L,1,0,front,0.05,420,1,1,1,1,g,1,1,1,1,1,,1,1,1,1,1,,1
short,L,1,0,front,0.1,raw,1,1,1,1,,1,1,1,1,1,,1,1,1,1,1,,1
short,L,1,0,front,0.1,444,1,1,1,1,,1,1,1,1,1,,1,1,1,1,1,,1
short,L,1,0,front,0.1,420,1,1,1,1,,1,1,1,1,1,,1,1,1,1,1,,1
short,L,1,0,front,0.15,raw,1,1,1,1,,1,1,1,1,1,,1,1,1,1,1,,1
short,L,1,0,front,0.15,444,1,1,1,1,,1,1,1,1,1,,1,1,1,1,1,,1
short,L,1,0,front,0.15,420,1,1,1,1,,1,1,1,1,1,,1,1,1,1,1,,1
short,L,1,0,front,0.2,raw,0,0,1,0,,1,0,0,1,0,,1,1,1,0,0,,1
short,L,1,0,front,0.2,444,0,0,0,0,,1,0,0,1,0,,1,1,1,0,0,,1
short,L,1,0,front,0.2,420,0,0,0,0,,1,1,0,1,0,,1,1,0,1,0,,1
short,L,1,0,front,0.3,raw,0,0,0,0,,1,0,0,0,0,,1,0,0,0,0,,1
short,L,1,0,front,0.3,444,0,0,0,0,,1,0,0,0,0,,1,0,0,0,0,,1
short,L,1,0,front,0.3,420,0,0,0,0,,1,0,0,0,0,,1,0,0,0,0,,1
short,L,1,0,phone,0,444,0,0,0,0,,0,1,1,1,1,,0,1,1,1,1,,1
short,L,1,0,phone,0,420,0,0,0,0,,0,1,1,1,1,,0,1,1,1,1,,1
short,L,1,0,phone,0.05,444,0,0,0,0,,0,1,1,1,1,,0,1,1,1,1,,1
short,L,1,0,phone,0.05,420,0,0,0,0,,0,1,1,0,0,,0,1,1,1,1,,1
short,L,1,0,phone,0.1,444,0,0,0,0,,0,1,1,1,1,,0,1,1,1,1,,1
short,L,1,0,phone,0.1,420,0,0,0,0,,0,1,1,0,0,,0,1,1,1,1,,1
short,L,1,0,phone,0.15,444,0,0,0,0,,0,1,1,1,1,,0,1,1,1,1,,1
short,L,1,0,phone,0.15,420,0,0,0,0,,0,1,0,0,0,,0,1,1,0,0,,1
short,L,1,0,phone,0.2,444,0,0,0,0,,0,0,0,0,0,,0,0,0,0,0,,1
short,L,1,0,phone,0.2,420,0,0,0,0,,0,0,0,0,0,,0,0,0,0,0,,1
short,L,1,0,phone,0.3,444,0,0,0,0,,0,0,0,0,0,,1,0,0,0,0,,1
short,L,1,0,phone,0.3,420,0,0,0,0,,0,0,0,0,0,,1,0,0,0,0,,1
short,L,1,0,hard,0,444,0,0,0,0,,0,0,0,0,0,,0,0,1,0,0,,0
short,L,1,0,hard,0,420,0,0,0,0,,0,0,0,0,0,,0,1,1,1,1,,0
short,L,1,0,hard,0.05,444,0,0,0,0,,0,0,0,0,0,,0,0,1,1,0,,0
short,L,1,0,hard,0.05,420,0,0,0,0,,0,0,0,0,0,,0,0,1,1,0,,0
short,L,1,0,hard,0.1,444,0,0,0,0,,0,0,0,0,0,,0,0,0,1,0,,0
short,L,1,0,hard,0.1,420,0,0,0,0,,0,0,0,0,0,,0,0,0,0,0,,0
short,L,1,0,hard,0.15,444,0,0,0,0,,0,0,0,0,0,,0,0,0,0,0,,0
short,L,1,0,hard,0.15,420,0,0,0,0,,0,0,0,0,0,,0,0,0,0,0,,0
short,L,1,0,hard,0.2,444,0,0,0,0,,0,0,0,0,0,,0,0,0,0,0,,0
short,L,1,0,hard,0.2,420,0,0,0,0,,0,0,0,0,0,,0,0,0,0,0,,0
short,L,1,0,hard,0.3,444,0,0,0,0,,0,0,0,0,0,,0,0,0,0,0,,0
short,L,1,0,hard,0.3,420,0,0,0,0,,0,0,0,0,0,,0,0,0,0,0,,0
short,L,1,1,front,0,raw,1,1,1,1,g,0,1,1,1,1,,1,1,1,1,1,,1
short,L,1,1,front,0,444,1,1,1,1,g,1,1,1,1,1,,1,1,1,1,1,,1
short,L,1,1,front,0,420,1,1,1,1,g,1,1,1,1,1,,1,1,1,1,1,,1
short,L,1,1,front,0.05,raw,1,1,1,1,g,0,1,1,1,1,,1,1,1,1,1,,1
short,L,1,1,front,0.05,444,1,1,1,1,g,1,1,1,1,1,,1,1,1,1,1,,1
short,L,1,1,front,0.05,420,1,1,1,1,g,1,1,1,1,1,,1,1,1,1,1,,1
short,L,1,1,front,0.1,raw,1,1,1,1,,0,1,1,1,1,,1,1,1,1,1,,1
short,L,1,1,front,0.1,444,1,1,1,1,,1,1,1,1,1,,1,1,1,1,1,,1
short,L,1,1,front,0.1,420,1,1,1,1,,1,1,1,1,1,,1,1,1,1,1,,1
short,L,1,1,front,0.15,raw,1,1,1,1,,0,1,1,1,1,,1,1,1,1,1,,1
short,L,1,1,front,0.15,444,1,1,1,1,,0,1,1,1,1,,1,1,1,1,1,,1
short,L,1,1,front,0.15,420,1,1,1,1,,0,1,1,1,1,,1,1,1,1,1,,1
short,L,1,1,front,0.2,raw,0,0,1,0,,0,0,0,1,0,,1,1,0,0,0,,1
short,L,1,1,front,0.2,444,0,0,1,0,,1,1,0,1,0,,1,1,0,1,0,,1
short,L,1,1,front,0.2,420,0,0,0,0,,1,1,0,1,0,,1,1,0,0,0,,1
short,L,1,1,front,0.3,raw,0,0,0,0,,0,0,0,0,0,,1,0,0,0,0,,1
short,L,1,1,front,0.3,444,0,0,0,0,,1,0,0,0,0,,1,0,0,0,0,,1
short,L,1,1,front,0.3,420,0,0,0,0,,1,0,0,0,0,,1,0,0,0,0,,1
short,L,1,1,phone,0,444,0,0,0,0,,0,1,1,1,1,,1,1,1,1,1,,1
short,L,1,1,phone,0,420,0,0,0,0,,0,1,1,0,0,,1,1,1,1,1,,1
short,L,1,1,phone,0.05,444,0,0,0,0,,0,1,1,1,1,,1,1,1,1,1,,1
short,L,1,1,phone,0.05,420,0,0,0,0,,0,1,1,0,0,,1,1,1,1,1,,1
short,L,1,1,phone,0.1,444,0,0,0,0,,0,1,1,1,1,,1,1,1,1,1,,1
short,L,1,1,phone,0.1,420,0,0,0,0,,0,1,1,0,0,,1,1,1,1,1,,1
short,L,1,1,phone,0.15,444,0,0,0,0,,0,1,1,0,0,,1,1,1,1,1,,1
short,L,1,1,phone,0.15,420,0,0,0,0,,0,1,0,0,0,,1,1,1,0,0,,0
short,L,1,1,phone,0.2,444,0,0,0,0,,0,0,0,0,0,,1,1,0,0,0,,1
short,L,1,1,phone,0.2,420,0,0,0,0,,0,0,0,0,0,,1,1,0,0,0,,1
short,L,1,1,phone,0.3,444,0,0,0,0,,0,0,0,0,0,,1,0,0,0,0,,0
short,L,1,1,phone,0.3,420,0,0,0,0,,0,0,0,0,0,,1,0,0,0,0,,0
short,L,1,1,hard,0,444,0,0,0,0,,0,1,1,0,0,,0,1,0,1,0,,0
short,L,1,1,hard,0,420,0,0,0,0,,0,1,1,0,0,,0,1,0,0,0,,0
short,L,1,1,hard,0.05,444,0,0,0,0,,0,0,1,0,0,,0,1,0,1,0,,0
short,L,1,1,hard,0.05,420,0,0,0,0,,0,0,0,0,0,,0,1,0,0,0,,0
short,L,1,1,hard,0.1,444,0,0,0,0,,0,0,0,0,0,,0,0,0,0,0,,0
short,L,1,1,hard,0.1,420,0,0,0,0,,0,0,0,0,0,,0,0,0,0,0,,0
short,L,1,1,hard,0.15,444,0,0,0,0,,0,0,0,0,0,,0,0,0,0,0,,0
short,L,1,1,hard,0.15,420,0,0,0,0,,0,0,0,0,0,,0,0,0,0,0,,0
short,L,1,1,hard,0.2,444,0,0,0,0,,0,0,0,0,0,,0,0,0,0,0,,0
short,L,1,1,hard,0.2,420,0,0,0,0,,0,0,0,0,0,,0,0,0,0,0,,0
short,L,1,1,hard,0.3,444,0,0,0,0,,0,0,0,0,0,,0,0,0,0,0,,0
short,L,1,1,hard,0.3,420,0,0,0,0,,0,0,0,0,0,,0,0,0,0,0,,0
short,L,1,2,front,0,raw,1,1,1,1,g,1,1,1,1,1,,1,1,1,1,1,,1
short,L,1,2,front,0,444,1,1,1,1,g,1,1,1,1,1,,1,1,1,1,1,,1
short,L,1,2,front,0,420,1,1,1,1,g,1,1,1,1,1,,1,1,1,1,1,,1
short,L,1,2,front,0.05,raw,1,1,1,1,g,1,1,1,1,1,,1,1,1,1,1,,1
short,L,1,2,front,0.05,444,1,1,1,1,g,1,1,1,1,1,,1,1,1,1,1,,1
short,L,1,2,front,0.05,420,1,1,1,1,g,1,1,1,1,1,,1,1,1,1,1,,1
short,L,1,2,front,0.1,raw,1,1,1,1,,1,1,1,1,1,,1,1,1,1,1,,1
short,L,1,2,front,0.1,444,1,1,1,1,,1,1,1,1,1,,1,1,1,1,1,,1
short,L,1,2,front,0.1,420,1,1,1,1,,1,1,1,1,1,,1,1,1,1,1,,1
short,L,1,2,front,0.15,raw,1,1,1,1,,1,1,1,1,1,,1,1,1,1,1,,1
short,L,1,2,front,0.15,444,1,1,1,1,,1,1,1,1,1,,1,1,1,1,1,,1
short,L,1,2,front,0.15,420,1,1,1,1,,1,1,1,1,1,,1,1,1,1,1,,1
short,L,1,2,front,0.2,raw,0,0,1,0,,1,0,0,0,0,,1,0,0,0,0,,1
short,L,1,2,front,0.2,444,0,0,1,0,,1,0,0,1,0,,1,0,0,0,0,,1
short,L,1,2,front,0.2,420,0,0,1,0,,1,1,0,1,0,,1,1,0,0,0,,1
short,L,1,2,front,0.3,raw,0,0,0,0,,1,0,0,0,0,,1,0,0,0,0,,1
short,L,1,2,front,0.3,444,0,0,0,0,,1,0,0,0,0,,1,0,0,0,0,,1
short,L,1,2,front,0.3,420,0,0,0,0,,1,0,0,0,0,,1,0,0,0,0,,1
short,L,1,2,phone,0,444,0,0,0,0,,0,1,1,1,1,,1,1,1,1,1,g,1
short,L,1,2,phone,0,420,0,0,0,0,,0,1,1,0,0,,1,1,1,1,1,g,0
short,L,1,2,phone,0.05,444,0,0,0,0,,0,1,1,1,1,,1,1,1,1,1,,1
short,L,1,2,phone,0.05,420,0,0,0,0,,0,1,1,0,0,,1,1,1,1,1,,0
short,L,1,2,phone,0.1,444,0,0,0,0,,0,1,1,0,0,,1,1,1,1,1,,0
short,L,1,2,phone,0.1,420,0,0,0,0,,0,1,1,0,0,,1,1,1,1,1,,0
short,L,1,2,phone,0.15,444,0,0,0,0,,0,1,0,0,0,,1,1,1,1,1,,1
short,L,1,2,phone,0.15,420,0,0,0,0,,0,1,0,0,0,,1,1,1,0,0,,0
short,L,1,2,phone,0.2,444,0,0,0,0,,0,0,0,0,0,,1,0,1,0,0,,0
short,L,1,2,phone,0.2,420,0,0,0,0,,0,0,0,0,0,,1,0,1,0,0,,0
short,L,1,2,phone,0.3,444,0,0,0,0,,0,0,0,0,0,,1,0,0,0,0,,0
short,L,1,2,phone,0.3,420,0,0,0,0,,0,0,0,0,0,,1,0,0,0,0,,0
short,L,1,2,hard,0,444,0,0,0,0,,0,1,1,0,0,,0,1,0,0,0,,0
short,L,1,2,hard,0,420,0,0,0,0,,0,1,1,0,0,,0,1,1,0,0,,0
short,L,1,2,hard,0.05,444,0,0,0,0,,0,0,1,0,0,,0,1,1,1,1,,0
short,L,1,2,hard,0.05,420,0,0,0,0,,0,1,1,0,0,,0,1,0,0,0,,0
short,L,1,2,hard,0.1,444,0,0,0,0,,0,0,1,0,0,,0,1,1,0,0,,0
short,L,1,2,hard,0.1,420,0,0,0,0,,0,0,0,0,0,,0,0,0,0,0,,0
short,L,1,2,hard,0.15,444,0,0,0,0,,0,0,0,0,0,,0,0,0,0,0,,0
short,L,1,2,hard,0.15,420,0,0,0,0,,0,0,0,0,0,,0,0,0,0,0,,0
short,L,1,2,hard,0.2,444,0,0,0,0,,0,0,0,0,0,,0,0,0,0,0,,0
short,L,1,2,hard,0.2,420,0,0,0,0,,0,0,0,0,0,,0,0,0,0,0,,0
short,L,1,2,hard,0.3,444,0,0,0,0,,0,0,0,0,0,,0,0,0,0,0,,0
short,L,1,2,hard,0.3,420,0,0,0,0,,0,0,0,0,0,,0,0,0,0,0,,0
short,M,1,0,front,0,raw,1,1,1,1,g,1,1,1,1,1,g,1,1,1,1,1,g,1
short,M,1,0,front,0,444,1,1,1,1,g,1,1,1,1,1,g,1,1,1,1,1,g,1
short,M,1,0,front,0,420,1,1,1,1,g,1,1,1,1,1,g,1,1,1,1,1,g,1
short,M,1,0,front,0.05,raw,1,1,1,1,g,1,1,1,1,1,,1,1,1,1,1,g,1
short,M,1,0,front,0.05,444,1,1,1,1,g,1,1,1,1,1,,1,1,1,1,1,g,1
short,M,1,0,front,0.05,420,1,1,1,1,g,1,1,1,1,1,,1,1,1,1,1,g,1
short,M,1,0,front,0.1,raw,1,1,1,1,g,1,1,1,1,1,,1,1,1,1,1,,1
short,M,1,0,front,0.1,444,1,1,1,1,g,1,1,1,1,1,,1,1,1,1,1,,1
short,M,1,0,front,0.1,420,1,1,1,1,g,1,1,1,1,1,,1,1,1,1,1,,1
short,M,1,0,front,0.15,raw,1,1,1,1,,1,1,1,1,1,,1,1,1,1,1,,1
short,M,1,0,front,0.15,444,1,1,1,1,,1,1,1,1,1,,1,1,1,1,1,,1
short,M,1,0,front,0.15,420,1,1,1,1,,1,1,1,1,1,,1,1,1,1,1,,1
short,M,1,0,front,0.2,raw,1,1,1,1,,1,1,1,1,1,,1,1,1,1,1,,1
short,M,1,0,front,0.2,444,0,1,0,0,,1,1,1,1,1,,1,1,1,1,1,,1
short,M,1,0,front,0.2,420,1,1,1,1,,1,1,1,1,1,,1,1,1,1,1,,1
short,M,1,0,front,0.3,raw,0,0,0,0,,1,0,0,0,0,,1,0,0,0,0,,1
short,M,1,0,front,0.3,444,0,0,0,0,,1,0,0,0,0,,1,0,0,0,0,,1
short,M,1,0,front,0.3,420,0,0,0,0,,1,0,0,0,0,,1,0,0,0,0,,1
short,M,1,0,phone,0,444,0,0,0,0,,0,1,1,1,1,g,1,1,1,1,1,g,0
short,M,1,0,phone,0,420,0,0,0,0,,0,1,1,1,1,g,1,1,1,1,1,g,1
short,M,1,0,phone,0.05,444,0,0,0,0,,0,1,1,1,1,,1,1,1,1,1,g,0
short,M,1,0,phone,0.05,420,0,0,0,0,,0,1,1,1,1,,1,1,1,1,1,,1
short,M,1,0,phone,0.1,444,0,0,0,0,,0,1,1,1,1,,1,1,1,1,1,,0
short,M,1,0,phone,0.1,420,0,1,0,0,,0,1,1,1,1,,1,1,1,1,1,,1
short,M,1,0,phone,0.15,444,0,0,0,0,,0,1,1,1,1,,1,1,1,1,1,,1
short,M,1,0,phone,0.15,420,0,1,0,0,,0,1,1,1,1,,1,1,1,1,1,,1
short,M,1,0,phone,0.2,444,0,0,0,0,,0,0,1,0,0,,1,1,1,1,1,,1
short,M,1,0,phone,0.2,420,0,0,0,0,,0,0,0,0,0,,1,0,1,0,0,,1
short,M,1,0,phone,0.3,444,0,0,0,0,,0,0,0,0,0,,1,0,0,0,0,,1
short,M,1,0,phone,0.3,420,0,0,0,0,,0,0,0,0,0,,1,0,0,0,0,,1
short,M,1,0,hard,0,444,0,0,0,0,,0,0,0,1,0,,0,1,1,1,1,,0
short,M,1,0,hard,0,420,0,0,0,0,,0,0,0,1,0,,0,0,1,1,0,,0
short,M,1,0,hard,0.05,444,0,0,0,0,,0,0,0,0,0,,0,1,1,1,1,,0
short,M,1,0,hard,0.05,420,0,0,0,0,,0,0,0,0,0,,0,0,1,0,0,,0
short,M,1,0,hard,0.1,444,0,0,0,0,,0,0,0,0,0,,0,1,1,1,1,,0
short,M,1,0,hard,0.1,420,0,0,0,0,,0,0,0,0,0,,0,0,1,0,0,,0
short,M,1,0,hard,0.15,444,0,0,0,0,,0,0,0,0,0,,0,1,0,0,0,,0
short,M,1,0,hard,0.15,420,0,0,0,0,,0,0,0,0,0,,0,0,0,0,0,,0
short,M,1,0,hard,0.2,444,0,0,0,0,,0,0,0,0,0,,0,0,0,0,0,,0
short,M,1,0,hard,0.2,420,0,0,0,0,,0,0,0,0,0,,0,0,0,0,0,,0
short,M,1,0,hard,0.3,444,0,0,0,0,,0,0,0,0,0,,0,0,0,0,0,,0
short,M,1,0,hard,0.3,420,0,0,0,0,,0,0,0,0,0,,0,0,0,0,0,,0
short,M,1,1,front,0,raw,1,1,1,1,g,1,1,1,1,1,g,1,1,1,1,1,g,1
short,M,1,1,front,0,444,1,1,1,1,g,1,1,1,1,1,g,1,1,1,1,1,g,1
short,M,1,1,front,0,420,1,1,1,1,g,1,1,1,1,1,g,1,1,1,1,1,g,1
short,M,1,1,front,0.05,raw,1,1,1,1,g,1,1,1,1,1,,1,1,1,1,1,g,1
short,M,1,1,front,0.05,444,1,1,1,1,g,1,1,1,1,1,,1,1,1,1,1,g,1
short,M,1,1,front,0.05,420,1,1,1,1,g,1,1,1,1,1,,1,1,1,1,1,g,1
short,M,1,1,front,0.1,raw,1,1,1,1,g,1,1,1,1,1,,1,1,1,1,1,,1
short,M,1,1,front,0.1,444,1,1,1,1,g,1,1,1,1,1,,1,1,1,1,1,,1
short,M,1,1,front,0.1,420,1,1,1,1,g,1,1,1,1,1,,1,1,1,1,1,,1
short,M,1,1,front,0.15,raw,1,1,1,1,,1,1,1,1,1,,1,1,1,1,1,,1
short,M,1,1,front,0.15,444,1,1,1,1,,1,1,1,1,1,,1,1,1,1,1,,1
short,M,1,1,front,0.15,420,1,1,1,1,,1,1,1,1,1,,1,1,1,1,1,,1
short,M,1,1,front,0.2,raw,1,1,1,1,,1,1,1,1,1,,1,1,1,1,1,,1
short,M,1,1,front,0.2,444,1,1,0,0,,1,1,1,1,1,,1,1,1,1,1,,1
short,M,1,1,front,0.2,420,1,1,1,1,,1,1,1,1,1,,1,1,1,1,1,,1
short,M,1,1,front,0.3,raw,0,0,0,0,,1,0,0,0,0,,1,0,0,0,0,,1
short,M,1,1,front,0.3,444,0,0,0,0,,1,0,0,0,0,,1,0,0,0,0,,1
short,M,1,1,front,0.3,420,0,0,0,0,,1,0,0,0,0,,1,0,0,0,0,,1
short,M,1,1,phone,0,444,0,0,0,0,,0,1,1,1,1,g,1,1,1,1,1,g,1
short,M,1,1,phone,0,420,0,0,0,0,,0,1,1,1,1,g,1,1,1,1,1,g,1
short,M,1,1,phone,0.05,444,0,0,0,0,,0,1,1,1,1,,1,1,1,1,1,,1
short,M,1,1,phone,0.05,420,0,0,0,0,,0,1,1,1,1,,1,1,1,1,1,,1
short,M,1,1,phone,0.1,444,0,0,0,0,,0,1,1,1,1,,1,1,1,1,1,,1
short,M,1,1,phone,0.1,420,0,0,0,0,,0,1,1,1,1,,1,1,1,1,1,,1
short,M,1,1,phone,0.15,444,0,0,0,0,,0,1,1,1,1,,1,1,1,1,1,,1
short,M,1,1,phone,0.15,420,0,0,0,0,,0,1,1,1,1,,1,1,1,1,1,,1
short,M,1,1,phone,0.2,444,0,0,0,0,,0,0,1,0,0,,1,0,1,1,0,,1
short,M,1,1,phone,0.2,420,0,0,0,0,,0,0,1,0,0,,1,0,1,0,0,,1
short,M,1,1,phone,0.3,444,0,0,0,0,,0,0,0,0,0,,1,0,0,0,0,,1
short,M,1,1,phone,0.3,420,0,0,0,0,,0,0,0,0,0,,1,0,0,0,0,,1
short,M,1,1,hard,0,444,0,0,0,0,,0,1,1,1,1,,0,1,0,0,0,,0
short,M,1,1,hard,0,420,0,0,0,0,,0,0,1,1,0,,0,1,1,0,0,,1
short,M,1,1,hard,0.05,444,0,0,0,0,,0,0,1,1,0,,0,1,1,0,0,,0
short,M,1,1,hard,0.05,420,0,0,0,0,,0,0,1,0,0,,0,1,1,0,0,,0
short,M,1,1,hard,0.1,444,0,0,0,0,,0,0,0,0,0,,0,1,1,0,0,,0
short,M,1,1,hard,0.1,420,0,0,0,0,,0,0,0,0,0,,0,0,1,0,0,,0
short,M,1,1,hard,0.15,444,0,0,0,0,,0,0,0,0,0,,0,0,1,0,0,,0
short,M,1,1,hard,0.15,420,0,0,0,0,,0,0,0,0,0,,0,0,1,0,0,,0
short,M,1,1,hard,0.2,444,0,0,0,0,,0,0,0,0,0,,0,0,0,0,0,,0
short,M,1,1,hard,0.2,420,0,0,0,0,,0,0,0,0,0,,0,0,0,0,0,,1
short,M,1,1,hard,0.3,444,0,0,0,0,,0,0,0,0,0,,0,0,0,0,0,,1
short,M,1,1,hard,0.3,420,0,0,0,0,,0,0,0,0,0,,0,0,0,0,0,,1
short,M,1,2,front,0,raw,1,1,1,1,g,1,1,1,1,1,g,1,1,1,1,1,g,1
short,M,1,2,front,0,444,1,1,1,1,g,1,1,1,1,1,g,1,1,1,1,1,g,1
short,M,1,2,front,0,420,1,1,1,1,g,1,1,1,1,1,g,1,1,1,1,1,g,1
short,M,1,2,front,0.05,raw,1,1,1,1,g,1,1,1,1,1,,1,1,1,1,1,g,1
short,M,1,2,front,0.05,444,1,1,1,1,g,1,1,1,1,1,,1,1,1,1,1,,1
short,M,1,2,front,0.05,420,1,1,1,1,g,1,1,1,1,1,,1,1,1,1,1,g,1
short,M,1,2,front,0.1,raw,1,1,1,1,g,1,1,1,1,1,,1,1,1,1,1,,1
short,M,1,2,front,0.1,444,1,1,1,1,g,1,1,1,1,1,,1,1,1,1,1,,1
short,M,1,2,front,0.1,420,1,1,1,1,g,1,1,1,1,1,,1,1,1,1,1,,1
short,M,1,2,front,0.15,raw,1,1,1,1,,1,1,1,1,1,,1,1,1,1,1,,1
short,M,1,2,front,0.15,444,1,1,1,1,,1,1,1,1,1,,1,1,1,1,1,,1
short,M,1,2,front,0.15,420,1,1,1,1,,1,1,1,1,1,,1,1,1,1,1,,1
short,M,1,2,front,0.2,raw,1,1,1,1,,1,1,1,1,1,,1,1,1,1,1,,1
short,M,1,2,front,0.2,444,1,1,0,0,,1,1,1,1,1,,1,1,1,1,1,,1
short,M,1,2,front,0.2,420,0,1,1,0,,1,1,1,1,1,,1,1,1,1,1,,1
short,M,1,2,front,0.3,raw,0,0,0,0,,1,0,0,0,0,,1,0,0,0,0,,1
short,M,1,2,front,0.3,444,0,0,0,0,,1,0,0,0,0,,1,0,0,0,0,,1
short,M,1,2,front,0.3,420,0,0,0,0,,1,0,0,0,0,,1,0,0,0,0,,1
short,M,1,2,phone,0,444,0,0,0,0,,0,1,1,1,1,g,1,1,1,1,1,g,1
short,M,1,2,phone,0,420,0,0,0,0,,0,1,1,1,1,g,1,1,1,1,1,g,1
short,M,1,2,phone,0.05,444,0,0,0,0,,0,1,1,1,1,,1,1,1,1,1,,1
short,M,1,2,phone,0.05,420,0,0,0,0,,0,1,1,1,1,,1,1,1,1,1,g,1
short,M,1,2,phone,0.1,444,0,0,0,0,,0,1,1,1,1,,1,1,1,1,1,,1
short,M,1,2,phone,0.1,420,0,0,0,0,,0,1,1,1,1,,1,1,1,1,1,,1
short,M,1,2,phone,0.15,444,0,0,0,0,,0,1,1,1,1,,1,1,1,1,1,,1
short,M,1,2,phone,0.15,420,0,0,0,0,,0,1,1,1,1,,1,1,1,1,1,,1
short,M,1,2,phone,0.2,444,0,0,0,0,,0,0,1,1,0,,1,0,1,1,0,,1
short,M,1,2,phone,0.2,420,0,0,0,0,,0,0,0,0,0,,1,0,1,0,0,,1
short,M,1,2,phone,0.3,444,0,0,0,0,,0,0,0,0,0,,1,0,0,0,0,,1
short,M,1,2,phone,0.3,420,0,0,0,0,,0,0,0,0,0,,1,0,0,0,0,,1
short,M,1,2,hard,0,444,0,0,0,0,,0,0,1,1,0,,0,1,1,1,1,,0
short,M,1,2,hard,0,420,0,0,0,0,,0,0,0,1,0,,0,1,1,1,1,,0
short,M,1,2,hard,0.05,444,0,0,0,0,,0,0,1,1,0,,0,1,1,1,1,,0
short,M,1,2,hard,0.05,420,0,0,0,0,,0,0,0,0,0,,0,1,1,1,1,,0
short,M,1,2,hard,0.1,444,0,0,0,0,,0,0,0,1,0,,0,1,1,1,1,,0
short,M,1,2,hard,0.1,420,0,0,0,0,,0,0,1,0,0,,0,0,1,0,0,,0
short,M,1,2,hard,0.15,444,0,0,0,0,,0,0,0,0,0,,0,0,1,0,0,,0
short,M,1,2,hard,0.15,420,0,0,0,0,,0,0,0,0,0,,0,0,0,0,0,,0
short,M,1,2,hard,0.2,444,0,0,0,0,,0,0,0,0,0,,0,0,0,0,0,,0
short,M,1,2,hard,0.2,420,0,0,0,0,,0,0,0,0,0,,0,0,0,0,0,,0
short,M,1,2,hard,0.3,444,0,0,0,0,,0,0,0,0,0,,0,0,0,0,0,,0
short,M,1,2,hard,0.3,420,0,0,0,0,,0,0,0,0,0,,0,0,0,0,0,,0
short,Q,2,0,front,0,raw,1,1,1,1,g,1,1,1,1,1,g,1,1,1,1,1,g,1
short,Q,2,0,front,0,444,1,1,1,1,g,1,1,1,1,1,g,1,1,1,1,1,g,1
short,Q,2,0,front,0,420,1,1,1,1,g,1,1,1,1,1,g,1,1,1,1,1,g,1
short,Q,2,0,front,0.05,raw,1,1,1,1,g,1,1,1,1,1,g,1,1,1,1,1,g,1
short,Q,2,0,front,0.05,444,1,1,1,1,g,1,1,1,1,1,g,1,1,1,1,1,g,1
short,Q,2,0,front,0.05,420,1,1,1,1,g,1,1,1,1,1,g,1,1,1,1,1,g,1
short,Q,2,0,front,0.1,raw,1,1,1,1,g,1,1,1,1,1,,1,1,1,1,1,,1
short,Q,2,0,front,0.1,444,1,1,1,1,g,1,1,1,1,1,,1,1,1,1,1,,1
short,Q,2,0,front,0.1,420,1,1,1,1,g,1,1,1,1,1,,1,1,1,1,1,,1
short,Q,2,0,front,0.15,raw,1,1,1,1,,1,1,1,1,1,,1,1,1,1,1,,1
short,Q,2,0,front,0.15,444,1,1,1,1,,1,1,1,1,1,,1,1,1,1,1,,1
short,Q,2,0,front,0.15,420,1,1,1,1,,1,1,1,1,1,,1,1,1,1,1,,1
short,Q,2,0,front,0.2,raw,1,1,1,1,,1,1,1,1,1,,1,1,1,1,1,,1
short,Q,2,0,front,0.2,444,1,1,1,1,,1,1,1,1,1,,1,1,1,1,1,,1
short,Q,2,0,front,0.2,420,0,1,0,0,,1,1,1,0,0,,1,1,1,1,1,,1
short,Q,2,0,front,0.3,raw,0,0,0,0,,1,0,0,0,0,,1,0,0,0,0,,1
short,Q,2,0,front,0.3,444,0,0,0,0,,1,0,0,0,0,,1,0,0,0,0,,1
short,Q,2,0,front,0.3,420,0,0,0,0,,1,0,0,0,0,,1,0,0,0,0,,1
short,Q,2,0,phone,0,444,1,1,1,1,g,1,1,1,1,1,g,1,1,1,1,1,g,1
short,Q,2,0,phone,0,420,1,1,1,1,g,1,1,1,1,1,g,1,1,1,1,1,g,1
short,Q,2,0,phone,0.05,444,1,1,1,1,g,1,1,1,1,1,,1,1,1,1,1,g,1
short,Q,2,0,phone,0.05,420,1,1,1,1,g,1,1,1,1,1,,1,1,1,1,1,g,1
short,Q,2,0,phone,0.1,444,1,1,1,1,g,1,1,1,1,1,,1,1,1,1,1,,1
short,Q,2,0,phone,0.1,420,1,1,1,1,g,1,1,1,1,1,,1,1,1,1,1,,1
short,Q,2,0,phone,0.15,444,1,1,1,1,,1,1,1,1,1,,1,1,1,1,1,,1
short,Q,2,0,phone,0.15,420,1,1,1,1,,1,1,1,1,1,,1,1,1,1,1,,1
short,Q,2,0,phone,0.2,444,1,1,1,1,,1,1,1,1,1,,1,1,1,1,1,,1
short,Q,2,0,phone,0.2,420,1,1,0,0,,1,1,1,0,0,,1,1,1,0,0,,1
short,Q,2,0,phone,0.3,444,0,0,0,0,,1,0,0,0,0,,1,0,0,0,0,,1
short,Q,2,0,phone,0.3,420,0,0,0,0,,1,0,0,0,0,,1,0,0,0,0,,1
short,Q,2,0,hard,0,444,1,1,1,1,g,1,0,0,0,0,,0,1,1,1,1,,1
short,Q,2,0,hard,0,420,1,1,1,1,g,1,0,0,0,0,,0,1,1,1,1,,1
short,Q,2,0,hard,0.05,444,1,1,1,1,g,1,0,0,0,0,,0,1,1,1,1,,1
short,Q,2,0,hard,0.05,420,1,1,1,1,g,1,0,0,0,0,,0,1,1,1,1,,1
short,Q,2,0,hard,0.1,444,1,1,1,1,,1,0,0,0,0,,0,1,1,1,1,,1
short,Q,2,0,hard,0.1,420,1,1,0,0,,1,0,0,0,0,,0,1,1,0,0,,1
short,Q,2,0,hard,0.15,444,1,1,0,0,,1,0,0,0,0,,0,1,1,0,0,,1
short,Q,2,0,hard,0.15,420,0,0,0,0,,1,0,0,0,0,,0,1,1,0,0,,1
short,Q,2,0,hard,0.2,444,0,0,0,0,,1,0,0,0,0,,0,0,0,0,0,,1
short,Q,2,0,hard,0.2,420,0,0,0,0,,1,0,0,0,0,,0,0,0,0,0,,1
short,Q,2,0,hard,0.3,444,0,0,0,0,,1,0,0,0,0,,0,0,0,0,0,,1
short,Q,2,0,hard,0.3,420,0,0,0,0,,1,0,0,0,0,,0,0,0,0,0,,1
short,Q,2,1,front,0,raw,1,1,1,1,g,1,1,1,1,1,g,1,1,1,1,1,g,1
short,Q,2,1,front,0,444,1,1,1,1,g,1,1,1,1,1,g,1,1,1,1,1,g,1
short,Q,2,1,front,0,420,1,1,1,1,g,1,1,1,1,1,g,1,1,1,1,1,g,1
short,Q,2,1,front,0.05,raw,1,1,1,1,g,1,1,1,1,1,g,1,1,1,1,1,g,1
short,Q,2,1,front,0.05,444,1,1,1,1,g,1,1,1,1,1,g,1,1,1,1,1,g,1
short,Q,2,1,front,0.05,420,1,1,1,1,g,1,1,1,1,1,g,1,1,1,1,1,g,1
short,Q,2,1,front,0.1,raw,1,1,1,1,g,1,1,1,1,1,,1,1,1,1,1,,1
short,Q,2,1,front,0.1,444,1,1,1,1,g,1,1,1,1,1,,1,1,1,1,1,,1
short,Q,2,1,front,0.1,420,1,1,1,1,g,1,1,1,1,1,,1,1,1,1,1,,1
short,Q,2,1,front,0.15,raw,1,1,1,1,,1,1,1,1,1,,1,1,1,1,1,,1
short,Q,2,1,front,0.15,444,1,1,1,1,,1,1,1,1,1,,1,1,1,1,1,,1
short,Q,2,1,front,0.15,420,1,1,1,1,,1,1,1,1,1,,1,1,1,1,1,,1
short,Q,2,1,front,0.2,raw,1,1,1,1,,1,1,1,1,1,,1,1,1,1,1,,1
short,Q,2,1,front,0.2,444,0,1,1,0,,1,1,1,1,1,,1,1,1,1,1,,1
short,Q,2,1,front,0.2,420,1,1,1,1,,1,1,1,1,1,,1,1,1,1,1,,1
short,Q,2,1,front,0.3,raw,0,0,0,0,,1,0,0,0,0,,1,0,0,0,0,,1
short,Q,2,1,front,0.3,444,0,0,0,0,,1,0,0,0,0,,1,0,0,0,0,,1
short,Q,2,1,front,0.3,420,0,0,0,0,,1,0,0,0,0,,1,0,0,0,0,,1
short,Q,2,1,phone,0,444,1,1,1,1,g,1,0,1,1,0,g,1,1,1,1,1,g,1
short,Q,2,1,phone,0,420,1,1,1,1,g,1,1,1,1,1,g,1,1,1,1,1,g,1
short,Q,2,1,phone,0.05,444,1,1,1,1,g,1,0,1,1,0,,1,1,1,1,1,,1
short,Q,2,1,phone,0.05,420,1,1,1,1,g,1,0,1,1,0,,1,1,1,1,1,,1
short,Q,2,1,phone,0.1,444,1,1,1,1,g,1,0,1,1,0,,1,1,1,1,1,,1
short,Q,2,1,phone,0.1,420,1,1,1,1,g,1,0,1,1,0,,1,1,1,1,1,,1
short,Q,2,1,phone,0.15,444,1,1,1,1,,1,0,1,1,0,,1,1,1,1,1,,1
short,Q,2,1,phone,0.15,420,1,1,1,1,,1,0,1,1,0,,1,1,1,1,1,,1
short,Q,2,1,phone,0.2,444,1,1,1,1,,1,1,1,1,1,,1,1,1,1,1,,1
short,Q,2,1,phone,0.2,420,0,1,0,0,,1,1,0,0,0,,1,1,1,0,0,,1
short,Q,2,1,phone,0.3,444,0,0,0,0,,1,0,0,0,0,,1,0,0,0,0,,1
short,Q,2,1,phone,0.3,420,0,0,0,0,,1,0,0,0,0,,1,0,0,0,0,,1
short,Q,2,1,hard,0,444,1,1,1,1,g,1,0,0,0,0,,0,1,1,1,1,,1
short,Q,2,1,hard,0,420,1,1,1,1,g,1,0,0,0,0,,0,1,1,1,1,,1
short,Q,2,1,hard,0.05,444,1,1,1,1,g,1,0,0,0,0,,0,1,1,1,1,,1
short,Q,2,1,hard,0.05,420,1,1,1,1,g,1,0,0,0,0,,0,1,1,1,1,,1
short,Q,2,1,hard,0.1,444,1,1,1,1,,1,0,0,0,0,,0,1,1,1,1,,1
short,Q,2,1,hard,0.1,420,1,1,0,0,,1,0,0,0,0,,0,1,1,1,1,,1
short,Q,2,1,hard,0.15,444,1,1,0,0,,1,0,0,0,0,,0,1,1,0,0,,1
short,Q,2,1,hard,0.15,420,0,1,0,0,,1,0,0,0,0,,0,0,1,0,0,,1
short,Q,2,1,hard,0.2,444,0,0,0,0,,1,0,0,0,0,,0,0,0,0,0,,1
short,Q,2,1,hard,0.2,420,0,0,0,0,,1,0,0,0,0,,0,0,0,0,0,,1
short,Q,2,1,hard,0.3,444,0,0,0,0,,1,0,0,0,0,,0,0,0,0,0,,1
short,Q,2,1,hard,0.3,420,0,0,0,0,,1,0,0,0,0,,0,0,0,0,0,,1
short,Q,2,2,front,0,raw,1,1,1,1,g,1,1,1,1,1,g,1,1,1,1,1,g,1
short,Q,2,2,front,0,444,1,1,1,1,g,1,1,1,1,1,g,1,1,1,1,1,g,1
short,Q,2,2,front,0,420,1,1,1,1,g,1,1,1,1,1,g,1,1,1,1,1,g,1
short,Q,2,2,front,0.05,raw,1,1,1,1,g,1,1,1,1,1,g,1,1,1,1,1,g,1
short,Q,2,2,front,0.05,444,1,1,1,1,g,1,1,1,1,1,,1,1,1,1,1,g,1
short,Q,2,2,front,0.05,420,1,1,1,1,g,1,1,1,1,1,,1,1,1,1,1,,1
short,Q,2,2,front,0.1,raw,1,1,1,1,g,1,1,1,1,1,,1,1,1,1,1,,1
short,Q,2,2,front,0.1,444,1,1,1,1,g,1,1,1,1,1,,1,1,1,1,1,,1
short,Q,2,2,front,0.1,420,1,1,1,1,g,1,1,1,1,1,,1,1,1,1,1,,1
short,Q,2,2,front,0.15,raw,1,1,1,1,,1,1,1,1,1,,1,1,1,1,1,,1
short,Q,2,2,front,0.15,444,1,1,1,1,,1,1,1,1,1,,1,1,1,1,1,,1
short,Q,2,2,front,0.15,420,1,1,1,1,,1,1,1,1,1,,1,1,1,1,1,,1
short,Q,2,2,front,0.2,raw,1,1,1,1,,1,1,1,1,1,,1,1,1,1,1,,1
short,Q,2,2,front,0.2,444,1,1,1,1,,1,1,1,1,1,,1,1,1,1,1,,1
short,Q,2,2,front,0.2,420,1,1,1,1,,1,1,1,1,1,,1,1,1,1,1,,1
short,Q,2,2,front,0.3,raw,0,0,0,0,,1,0,0,0,0,,1,0,0,0,0,,1
short,Q,2,2,front,0.3,444,0,0,0,0,,1,0,0,0,0,,1,0,0,0,0,,1
short,Q,2,2,front,0.3,420,0,0,0,0,,1,0,0,0,0,,1,0,0,0,0,,1
short,Q,2,2,phone,0,444,1,1,1,1,g,1,1,1,1,1,g,1,1,1,1,1,g,1
short,Q,2,2,phone,0,420,1,1,1,1,g,1,1,1,1,1,g,1,1,1,1,1,g,1
short,Q,2,2,phone,0.05,444,1,1,1,1,g,1,1,1,1,1,,1,1,1,1,1,,1
short,Q,2,2,phone,0.05,420,1,1,1,1,g,1,1,1,1,1,,1,1,1,1,1,,1
short,Q,2,2,phone,0.1,444,1,1,1,1,g,1,1,1,1,1,,1,1,1,1,1,,1
short,Q,2,2,phone,0.1,420,1,1,1,1,g,1,1,1,1,1,,1,1,1,1,1,,1
short,Q,2,2,phone,0.15,444,1,1,1,1,,1,1,1,1,1,,1,1,1,1,1,,1
short,Q,2,2,phone,0.15,420,1,1,1,1,,1,1,1,1,1,,1,1,1,1,1,,1
short,Q,2,2,phone,0.2,444,1,1,1,1,,1,1,1,1,1,,1,1,1,1,1,,1
short,Q,2,2,phone,0.2,420,0,1,0,0,,1,0,1,0,0,,1,1,1,0,0,,1
short,Q,2,2,phone,0.3,444,0,0,0,0,,1,0,0,0,0,,1,0,0,0,0,,1
short,Q,2,2,phone,0.3,420,0,0,0,0,,1,0,0,0,0,,1,0,0,0,0,,1
short,Q,2,2,hard,0,444,1,1,1,1,g,1,0,0,0,0,,0,1,1,1,1,,1
short,Q,2,2,hard,0,420,1,1,1,1,g,1,0,0,0,0,,0,1,1,1,1,g,1
short,Q,2,2,hard,0.05,444,1,1,1,1,,1,0,0,0,0,,0,1,1,1,1,,1
short,Q,2,2,hard,0.05,420,1,1,1,1,,1,0,0,0,0,,0,1,1,1,1,,1
short,Q,2,2,hard,0.1,444,1,1,1,1,,1,0,0,0,0,,0,1,1,1,1,,1
short,Q,2,2,hard,0.1,420,1,1,0,0,,1,0,1,0,0,,0,1,1,1,1,,1
short,Q,2,2,hard,0.15,444,0,0,0,0,,1,0,0,0,0,,0,1,1,1,1,,1
short,Q,2,2,hard,0.15,420,0,0,0,0,,1,0,0,0,0,,0,1,1,0,0,,1
short,Q,2,2,hard,0.2,444,0,0,0,0,,1,0,0,0,0,,0,0,0,0,0,,1
short,Q,2,2,hard,0.2,420,0,0,0,0,,1,0,0,0,0,,0,0,0,0,0,,1
short,Q,2,2,hard,0.3,444,0,0,0,0,,1,0,0,0,0,,0,0,0,0,0,,1
short,Q,2,2,hard,0.3,420,0,0,0,0,,1,0,0,0,0,,0,0,0,0,0,,1
short,H,2,0,front,0,raw,1,1,1,1,g,1,0,1,1,0,g,1,1,1,1,1,g,1
short,H,2,0,front,0,444,1,1,1,1,g,1,0,1,1,0,g,1,1,1,1,1,g,1
short,H,2,0,front,0,420,1,1,1,1,g,1,1,1,1,1,g,1,1,1,1,1,g,1
short,H,2,0,front,0.05,raw,1,1,1,1,g,1,0,1,1,0,,1,1,1,1,1,g,1
short,H,2,0,front,0.05,444,1,1,1,1,g,1,0,1,1,0,g,1,1,1,1,1,g,1
short,H,2,0,front,0.05,420,1,1,1,1,g,1,1,1,0,0,g,1,1,1,1,1,g,1
short,H,2,0,front,0.1,raw,1,1,1,1,g,1,1,1,1,1,,1,1,1,1,1,,1
short,H,2,0,front,0.1,444,1,1,1,1,g,1,1,1,1,1,,1,1,1,1,1,,1
short,H,2,0,front,0.1,420,1,1,1,1,g,1,1,1,1,1,,1,1,1,1,1,,1
short,H,2,0,front,0.15,raw,1,1,1,1,,1,1,1,1,1,,1,1,1,1,1,,1
short,H,2,0,front,0.15,444,1,1,1,1,,1,1,1,1,1,,1,1,1,1,1,,1
short,H,2,0,front,0.15,420,1,1,1,1,,1,1,1,1,1,,1,1,1,1,1,,1
short,H,2,0,front,0.2,raw,1,1,1,1,,1,1,1,1,1,,1,1,1,1,1,,1
short,H,2,0,front,0.2,444,1,1,1,1,,1,1,1,1,1,,1,1,1,1,1,,1
short,H,2,0,front,0.2,420,1,1,1,1,,1,1,1,1,1,,1,1,1,1,1,,1
short,H,2,0,front,0.3,raw,0,0,0,0,,1,0,0,0,0,,1,0,0,0,0,,1
short,H,2,0,front,0.3,444,0,0,0,0,,1,0,0,0,0,,1,0,0,0,0,,1
short,H,2,0,front,0.3,420,0,0,0,0,,1,0,0,0,0,,1,0,0,0,0,,1
short,H,2,0,phone,0,444,1,1,1,1,g,1,1,1,1,1,g,1,1,1,1,1,g,1
short,H,2,0,phone,0,420,1,1,1,1,g,1,1,1,1,1,g,1,1,1,1,1,g,1
short,H,2,0,phone,0.05,444,1,1,1,1,g,1,1,1,1,1,,1,1,1,1,1,g,1
short,H,2,0,phone,0.05,420,1,1,1,1,g,1,1,1,1,1,,1,1,1,1,1,g,1
short,H,2,0,phone,0.1,444,1,1,1,1,g,1,1,1,1,1,,1,1,1,1,1,,1
short,H,2,0,phone,0.1,420,1,1,1,1,g,1,1,1,1,1,,1,1,1,1,1,,1
short,H,2,0,phone,0.15,444,1,1,1,1,,1,1,1,1,1,,1,1,1,1,1,,1
short,H,2,0,phone,0.15,420,1,1,1,1,,1,1,1,1,1,,1,1,1,1,1,,1
short,H,2,0,phone,0.2,444,1,1,1,1,,1,1,1,1,1,,1,1,1,1,1,,1
short,H,2,0,phone,0.2,420,1,1,1,1,,1,0,1,1,0,,1,1,1,1,1,,1
short,H,2,0,phone,0.3,444,0,0,0,0,,1,0,0,0,0,,1,0,0,0,0,,1
short,H,2,0,phone,0.3,420,0,0,0,0,,1,0,0,0,0,,1,0,0,0,0,,1
short,H,2,0,hard,0,444,1,1,1,1,g,1,0,0,0,0,,0,1,1,1,1,,1
short,H,2,0,hard,0,420,1,1,1,1,g,1,0,0,0,0,,0,1,1,1,1,,1
short,H,2,0,hard,0.05,444,1,1,1,1,g,1,0,0,0,0,,0,1,1,1,1,,1
short,H,2,0,hard,0.05,420,1,1,1,1,g,1,0,0,0,0,,0,1,1,1,1,,1
short,H,2,0,hard,0.1,444,1,1,1,1,,1,0,0,0,0,,0,1,1,1,1,,1
short,H,2,0,hard,0.1,420,1,1,1,1,,1,0,0,0,0,,0,1,1,1,1,,1
short,H,2,0,hard,0.15,444,1,1,1,1,,1,0,0,0,0,,0,1,1,1,1,,1
short,H,2,0,hard,0.15,420,1,1,0,0,,1,0,0,0,0,,0,1,1,0,0,,1
short,H,2,0,hard,0.2,444,0,0,0,0,,1,0,0,0,0,,0,0,0,0,0,,1
short,H,2,0,hard,0.2,420,0,0,0,0,,1,0,0,0,0,,0,0,0,0,0,,1
short,H,2,0,hard,0.3,444,0,0,0,0,,1,0,0,0,0,,0,0,0,0,0,,1
short,H,2,0,hard,0.3,420,0,0,0,0,,1,0,0,0,0,,0,0,0,0,0,,1
short,H,2,1,front,0,raw,1,1,1,1,g,1,1,1,0,0,g,1,1,1,1,1,g,1
short,H,2,1,front,0,444,1,1,1,1,g,1,1,1,0,0,g,1,1,1,1,1,g,1
short,H,2,1,front,0,420,1,1,1,1,g,1,1,1,1,1,g,1,1,1,1,1,g,1
short,H,2,1,front,0.05,raw,1,1,1,1,g,1,1,1,0,0,g,1,1,1,1,1,g,1
short,H,2,1,front,0.05,444,1,1,1,1,g,1,1,1,0,0,g,1,1,1,1,1,g,1
short,H,2,1,front,0.05,420,1,1,1,1,g,1,1,1,1,1,g,1,1,1,1,1,g,1
short,H,2,1,front,0.1,raw,1,1,1,1,g,1,1,1,0,0,,1,1,1,1,1,,1
short,H,2,1,front,0.1,444,1,1,1,1,g,1,1,1,0,0,,1,1,1,1,1,,1
short,H,2,1,front,0.1,420,1,1,1,1,g,1,1,1,1,1,,1,1,1,1,1,,1
short,H,2,1,front,0.15,raw,1,1,1,1,,1,1,1,0,0,,1,1,1,1,1,,1
short,H,2,1,front,0.15,444,1,1,1,1,,1,1,1,0,0,,1,1,1,1,1,,1
short,H,2,1,front,0.15,420,1,1,1,1,,1,1,1,1,1,,1,1,1,1,1,,1
short,H,2,1,front,0.2,raw,1,1,1,1,,1,1,1,0,0,,1,1,1,1,1,,1
short,H,2,1,front,0.2,444,1,1,1,1,,1,1,1,1,1,,1,1,1,1,1,,1
short,H,2,1,front,0.2,420,1,1,1,1,,1,1,0,1,0,,1,1,1,1,1,,1
short,H,2,1,front,0.3,raw,0,0,0,0,,1,0,0,0,0,,1,0,0,0,0,,1
short,H,2,1,front,0.3,444,0,0,0,0,,1,0,0,0,0,,1,0,0,0,0,,1
short,H,2,1,front,0.3,420,0,0,0,0,,1,0,0,0,0,,1,0,0,0,0,,1
short,H,2,1,phone,0,444,1,1,1,1,g,1,1,1,1,1,g,1,1,1,1,1,g,1
short,H,2,1,phone,0,420,1,1,1,1,g,1,1,1,1,1,g,1,1,1,1,1,g,1
short,H,2,1,phone,0.05,444,1,1,1,1,g,1,1,1,1,1,,1,1,1,1,1,g,1
short,H,2,1,phone,0.05,420,1,1,1,1,g,1,1,1,1,1,,1,1,1,1,1,g,1
short,H,2,1,phone,0.1,444,1,1,1,1,g,1,1,1,1,1,,1,1,1,1,1,,1
short,H,2,1,phone,0.1,420,1,1,1,1,g,1,1,1,1,1,,1,1,1,1,1,,1
short,H,2,1,phone,0.15,444,1,1,1,1,,1,1,1,1,1,,1,1,1,1,1,,1
short,H,2,1,phone,0.15,420,1,1,1,1,,1,1,1,1,1,,1,1,1,1,1,,1
short,H,2,1,phone,0.2,444,1,1,1,1,,1,1,1,1,1,,1,1,1,1,1,,1
short,H,2,1,phone,0.2,420,1,1,1,1,,1,1,1,0,0,,1,1,1,0,0,,1
short,H,2,1,phone,0.3,444,0,0,0,0,,1,0,0,0,0,,1,0,0,0,0,,1
short,H,2,1,phone,0.3,420,0,0,0,0,,1,0,0,0,0,,1,0,0,0,0,,1
short,H,2,1,hard,0,444,1,1,1,1,g,1,0,0,0,0,,0,1,1,1,1,g,1
short,H,2,1,hard,0,420,1,1,1,1,g,1,0,0,0,0,,0,1,1,1,1,g,1
short,H,2,1,hard,0.05,444,1,1,1,1,g,1,0,0,0,0,,0,1,1,1,1,,1
short,H,2,1,hard,0.05,420,1,1,1,1,g,1,0,0,0,0,,0,1,1,1,1,,1
short,H,2,1,hard,0.1,444,1,1,1,1,,1,0,0,0,0,,0,1,1,1,1,,1
short,H,2,1,hard,0.1,420,1,1,1,1,,1,0,0,0,0,,0,1,1,1,1,,1
short,H,2,1,hard,0.15,444,1,1,0,0,,1,0,0,0,0,,0,1,1,1,1,,1
short,H,2,1,hard,0.15,420,0,1,0,0,,1,0,0,0,0,,0,1,1,0,0,,1
short,H,2,1,hard,0.2,444,0,0,0,0,,1,0,0,0,0,,0,0,1,0,0,,1
short,H,2,1,hard,0.2,420,0,0,0,0,,1,0,0,0,0,,0,0,0,0,0,,1
short,H,2,1,hard,0.3,444,0,0,0,0,,1,0,0,0,0,,0,0,0,0,0,,1
short,H,2,1,hard,0.3,420,0,0,0,0,,1,0,0,0,0,,0,0,0,0,0,,1
short,H,2,2,front,0,raw,1,1,1,1,g,1,1,1,0,0,g,1,1,1,1,1,g,1
short,H,2,2,front,0,444,1,1,1,1,g,1,1,1,1,1,g,1,1,1,1,1,g,1
short,H,2,2,front,0,420,1,1,1,1,g,1,1,1,1,1,g,1,1,1,1,1,g,1
short,H,2,2,front,0.05,raw,1,1,1,1,g,1,1,1,0,0,g,1,1,1,1,1,g,1
short,H,2,2,front,0.05,444,1,1,1,1,g,1,1,1,1,1,g,1,1,1,1,1,g,1
short,H,2,2,front,0.05,420,1,1,1,1,g,1,1,1,1,1,g,1,1,1,1,1,g,1
short,H,2,2,front,0.1,raw,1,1,1,1,g,1,1,1,0,0,,1,1,1,1,1,,1
short,H,2,2,front,0.1,444,1,1,1,1,g,1,1,1,1,1,,1,1,1,1,1,,1
short,H,2,2,front,0.1,420,1,1,1,1,g,1,1,1,1,1,,1,1,1,1,1,,1
short,H,2,2,front,0.15,raw,1,1,1,1,,1,1,1,1,1,,1,1,1,1,1,,1
short,H,2,2,front,0.15,444,1,1,1,1,,1,1,1,1,1,,1,1,1,1,1,,1
short,H,2,2,front,0.15,420,1,1,1,1,,1,1,1,1,1,,1,1,1,1,1,,1
short,H,2,2,front,0.2,raw,1,1,1,1,,1,1,1,1,1,,1,1,1,1,1,,1
short,H,2,2,front,0.2,444,1,1,1,1,,1,1,1,1,1,,1,1,1,1,1,,1
short,H,2,2,front,0.2,420,1,1,1,1,,1,1,1,1,1,,1,1,1,1,1,,1
short,H,2,2,front,0.3,raw,0,0,0,0,,1,0,0,0,0,,1,0,0,0,0,,1
short,H,2,2,front,0.3,444,0,0,0,0,,1,0,0,0,0,,1,0,0,0,0,,1
short,H,2,2,front,0.3,420,0,0,0,0,,1,0,0,0,0,,1,0,0,0,0,,1
short,H,2,2,phone,0,444,1,1,1,1,g,1,1,1,1,1,g,1,1,1,1,1,g,1
short,H,2,2,phone,0,420,1,1,1,1,g,1,1,1,1,1,g,1,1,1,1,1,g,1
short,H,2,2,phone,0.05,444,1,1,1,1,g,1,1,1,1,1,,1,1,1,1,1,g,1
short,H,2,2,phone,0.05,420,1,1,1,1,g,1,1,1,1,1,,1,1,1,1,1,g,1
short,H,2,2,phone,0.1,444,1,1,1,1,g,1,1,1,1,1,,1,1,1,1,1,,1
short,H,2,2,phone,0.1,420,1,1,1,1,g,1,1,1,1,1,,1,1,1,1,1,,1
short,H,2,2,phone,0.15,444,1,1,1,1,,1,1,1,1,1,,1,1,1,1,1,,1
short,H,2,2,phone,0.15,420,1,1,1,1,,1,1,1,1,1,,1,1,1,1,1,,1
short,H,2,2,phone,0.2,444,1,1,1,1,,1,1,1,1,1,,1,1,1,1,1,,1
short,H,2,2,phone,0.2,420,1,1,0,0,,1,1,1,0,0,,1,1,1,1,1,,1
short,H,2,2,phone,0.3,444,0,0,0,0,,1,0,0,0,0,,1,0,0,0,0,,1
short,H,2,2,phone,0.3,420,0,0,0,0,,1,0,0,0,0,,1,0,0,0,0,,1
short,H,2,2,hard,0,444,1,1,1,1,g,1,0,0,0,0,,0,1,1,1,1,g,1
short,H,2,2,hard,0,420,1,1,1,1,g,1,0,0,0,0,,0,1,1,1,1,,1
short,H,2,2,hard,0.05,444,1,1,1,1,g,1,0,0,0,0,,0,1,1,1,1,,1
short,H,2,2,hard,0.05,420,1,1,0,0,,1,0,0,0,0,,0,1,1,1,1,,1
short,H,2,2,hard,0.1,444,1,1,1,1,,1,0,0,0,0,,0,1,1,1,1,,1
short,H,2,2,hard,0.1,420,1,1,0,0,,1,1,1,0,0,,0,1,1,1,1,,1
short,H,2,2,hard,0.15,444,0,1,1,0,,1,0,0,0,0,,0,1,1,1,1,,1
short,H,2,2,hard,0.15,420,0,1,0,0,,1,0,0,0,0,,0,1,1,0,0,,1
short,H,2,2,hard,0.2,444,0,0,0,0,,1,0,0,0,0,,0,0,0,0,0,,1
short,H,2,2,hard,0.2,420,0,0,0,0,,1,0,0,0,0,,0,0,0,0,0,,1
short,H,2,2,hard,0.3,444,0,0,0,0,,1,0,0,0,0,,0,0,0,0,0,,1
short,H,2,2,hard,0.3,420,0,0,0,0,,1,0,0,0,0,,0,0,0,0,0,,1
url,L,3,0,front,0,raw,1,1,1,1,g,1,1,1,1,1,g,1,1,1,1,1,g,1
url,L,3,0,front,0,444,1,1,1,1,g,1,1,1,1,1,g,1,1,1,1,1,g,1
url,L,3,0,front,0,420,1,1,1,1,g,1,1,1,1,1,g,1,1,1,1,1,g,1
url,L,3,0,front,0.05,raw,1,1,1,1,g,1,1,1,1,1,,1,1,1,1,1,g,1
url,L,3,0,front,0.05,444,1,1,1,1,g,1,1,1,1,1,,1,1,1,1,1,g,1
url,L,3,0,front,0.05,420,1,1,1,1,g,1,1,1,1,1,,1,1,1,1,1,g,1
url,L,3,0,front,0.1,raw,1,1,1,1,g,1,1,1,1,1,,1,1,1,1,1,,1
url,L,3,0,front,0.1,444,1,1,1,1,g,1,1,1,1,1,,1,1,1,1,1,,1
url,L,3,0,front,0.1,420,1,1,1,1,g,1,1,1,1,1,,1,1,1,1,1,,1
url,L,3,0,front,0.15,raw,1,1,1,1,,1,1,1,1,1,,1,1,1,1,1,,1
url,L,3,0,front,0.15,444,1,1,1,1,,1,1,1,1,1,,1,1,1,1,1,,1
url,L,3,0,front,0.15,420,1,1,1,1,,1,1,1,1,1,,1,1,1,1,1,,1
url,L,3,0,front,0.2,raw,1,1,0,0,,1,1,1,1,1,,1,1,1,1,1,,1
url,L,3,0,front,0.2,444,0,1,0,0,,1,0,1,0,0,,1,1,1,1,1,,1
url,L,3,0,front,0.2,420,0,1,0,0,,1,0,1,0,0,,1,1,1,1,1,,1
url,L,3,0,front,0.3,raw,0,0,0,0,,1,0,0,0,0,,1,0,0,0,0,,1
url,L,3,0,front,0.3,444,0,0,0,0,,1,0,0,0,0,,1,0,0,0,0,,1
url,L,3,0,front,0.3,420,0,0,0,0,,1,0,0,0,0,,1,0,0,0,0,,1
url,L,3,0,phone,0,444,1,1,1,1,g,1,1,1,1,1,,1,1,1,1,1,g,1
url,L,3,0,phone,0,420,1,1,1,1,g,1,1,1,1,1,,1,1,1,1,1,g,1
url,L,3,0,phone,0.05,444,1,1,1,1,g,1,1,1,1,1,,1,1,1,1,1,,1
url,L,3,0,phone,0.05,420,1,1,1,1,g,1,1,1,1,1,,1,1,1,1,1,,1
url,L,3,0,phone,0.1,444,1,1,1,1,g,1,1,1,1,1,,1,1,1,1,1,,1
url,L,3,0,phone,0.1,420,1,1,1,1,,1,1,1,1,1,,1,1,1,1,1,,1
url,L,3,0,phone,0.15,444,1,1,1,1,,1,1,1,1,1,,1,1,1,1,1,,1
url,L,3,0,phone,0.15,420,1,1,1,1,,1,1,1,1,1,,1,1,1,1,1,,1
url,L,3,0,phone,0.2,444,0,0,0,0,,1,0,1,0,0,,1,0,1,0,0,,1
url,L,3,0,phone,0.2,420,0,0,0,0,,1,0,0,0,0,,1,0,1,0,0,,1
url,L,3,0,phone,0.3,444,0,0,0,0,,1,0,0,0,0,,1,0,0,0,0,,1
url,L,3,0,phone,0.3,420,0,0,0,0,,1,0,0,0,0,,1,0,0,0,0,,1
url,L,3,0,hard,0,444,1,1,1,1,,0,1,0,0,0,,0,1,1,1,1,,0
url,L,3,0,hard,0,420,1,1,1,1,,0,1,0,0,0,,0,1,1,1,1,,0
url,L,3,0,hard,0.05,444,1,1,1,1,,0,1,0,0,0,,0,1,1,1,1,,0
url,L,3,0,hard,0.05,420,0,1,0,0,,0,1,0,0,0,,0,1,1,1,1,,0
url,L,3,0,hard,0.1,444,0,1,0,0,,0,1,1,0,0,,0,1,1,1,1,,1
url,L,3,0,hard,0.1,420,0,1,0,0,,0,0,1,0,0,,0,0,1,0,0,,1
url,L,3,0,hard,0.15,444,0,0,0,0,,0,0,0,0,0,,0,0,0,0,0,,1
url,L,3,0,hard,0.15,420,0,0,0,0,,0,0,0,0,0,,0,0,0,0,0,,1
url,L,3,0,hard,0.2,444,0,0,0,0,,0,0,0,0,0,,0,0,0,0,0,,0
url,L,3,0,hard,0.2,420,0,0,0,0,,0,0,0,0,0,,0,0,0,0,0,,0
url,L,3,0,hard,0.3,444,0,0,0,0,,0,0,0,0,0,,0,0,0,0,0,,1
url,L,3,0,hard,0.3,420,0,0,0,0,,0,0,0,0,0,,0,0,0,0,0,,1
url,L,3,1,front,0,raw,1,1,1,1,g,1,1,1,1,1,g,1,1,1,1,1,g,1
url,L,3,1,front,0,444,1,1,1,1,g,1,1,1,1,1,g,1,1,1,1,1,g,1
url,L,3,1,front,0,420,1,1,1,1,g,1,1,1,1,1,g,1,1,1,1,1,g,1
url,L,3,1,front,0.05,raw,1,1,1,1,g,1,1,1,1,1,,1,1,1,1,1,g,1
url,L,3,1,front,0.05,444,1,1,1,1,g,1,1,1,1,1,,1,1,1,1,1,g,1
url,L,3,1,front,0.05,420,1,1,1,1,g,1,1,1,1,1,,1,1,1,1,1,g,1
url,L,3,1,front,0.1,raw,1,1,1,1,g,1,1,1,1,1,,1,1,1,1,1,,1
url,L,3,1,front,0.1,444,1,1,1,1,g,1,1,1,1,1,,1,1,1,1,1,,1
url,L,3,1,front,0.1,420,1,1,1,1,g,1,1,1,1,1,,1,1,1,1,1,,1
url,L,3,1,front,0.15,raw,1,1,1,1,,1,1,1,1,1,,1,1,1,1,1,,1
url,L,3,1,front,0.15,444,1,1,1,1,,1,1,1,1,1,,1,1,1,1,1,,1
url,L,3,1,front,0.15,420,1,1,1,1,,1,1,1,1,1,,1,1,1,1,1,,1
url,L,3,1,front,0.2,raw,1,1,1,1,,1,1,1,0,0,,1,1,1,1,1,,1
url,L,3,1,front,0.2,444,0,1,0,0,,1,0,1,1,0,,1,1,1,1,1,,1
url,L,3,1,front,0.2,420,1,1,1,1,,1,1,1,1,1,,1,1,1,1,1,,1
url,L,3,1,front,0.3,raw,0,0,0,0,,1,0,0,0,0,,1,0,0,0,0,,1
url,L,3,1,front,0.3,444,0,0,0,0,,1,0,0,0,0,,1,0,0,0,0,,1
url,L,3,1,front,0.3,420,0,0,0,0,,1,0,0,0,0,,1,0,0,0,0,,1
url,L,3,1,phone,0,444,1,1,1,1,g,1,1,1,1,1,g,1,1,1,1,1,g,1
url,L,3,1,phone,0,420,1,1,1,1,g,1,1,1,1,1,g,1,1,1,1,1,g,1
url,L,3,1,phone,0.05,444,1,1,1,1,g,1,1,1,1,1,,1,1,1,1,1,,1
url,L,3,1,phone,0.05,420,1,1,1,1,g,1,1,1,1,1,,1,1,1,1,1,,1
url,L,3,1,phone,0.1,444,1,1,1,1,,1,1,1,1,1,,1,1,1,1,1,,1
url,L,3,1,phone,0.1,420,1,1,1,1,,1,1,1,1,1,,1,1,1,1,1,,1
url,L,3,1,phone,0.15,444,1,1,1,1,,1,1,1,1,1,,1,1,1,1,1,,1
url,L,3,1,phone,0.15,420,1,1,1,1,,1,1,1,1,1,,1,1,1,1,1,,1
url,L,3,1,phone,0.2,444,0,0,0,0,,1,0,0,0,0,,1,0,1,1,0,,1
url,L,3,1,phone,0.2,420,0,0,0,0,,1,0,0,0,0,,1,0,0,0,0,,1
url,L,3,1,phone,0.3,444,0,0,0,0,,1,0,0,0,0,,1,0,0,0,0,,1
url,L,3,1,phone,0.3,420,0,0,0,0,,1,0,0,0,0,,1,0,0,0,0,,1
url,L,3,1,hard,0,444,1,1,1,1,,1,1,1,1,1,,0,1,1,1,1,,0
url,L,3,1,hard,0,420,1,1,1,1,,1,1,1,1,1,,0,1,1,1,1,,1
url,L,3,1,hard,0.05,444,1,1,1,1,,1,1,1,1,1,,0,1,1,1,1,,1
url,L,3,1,hard,0.05,420,1,1,0,0,,1,1,1,0,0,,0,1,1,1,1,,1
url,L,3,1,hard,0.1,444,1,1,0,0,,1,1,1,0,0,,0,1,1,1,1,,0
url,L,3,1,hard,0.1,420,0,1,0,0,,1,0,1,0,0,,0,0,1,0,0,,0
url,L,3,1,hard,0.15,444,0,0,0,0,,1,0,0,0,0,,0,0,1,0,0,,0
url,L,3,1,hard,0.15,420,0,0,0,0,,1,0,0,0,0,,0,0,0,0,0,,0
url,L,3,1,hard,0.2,444,0,0,0,0,,1,0,0,0,0,,0,0,0,0,0,,0
url,L,3,1,hard,0.2,420,0,0,0,0,,1,0,0,0,0,,0,0,0,0,0,,1
url,L,3,1,hard,0.3,444,0,0,0,0,,1,0,0,0,0,,0,0,0,0,0,,1
url,L,3,1,hard,0.3,420,0,0,0,0,,1,0,0,0,0,,0,0,0,0,0,,1
url,L,3,2,front,0,raw,1,1,1,1,g,1,1,1,1,1,g,1,1,1,1,1,g,1
url,L,3,2,front,0,444,1,1,1,1,g,1,1,1,1,1,g,1,1,1,1,1,g,1
url,L,3,2,front,0,420,1,1,1,1,g,1,1,1,1,1,g,1,1,1,1,1,g,1
url,L,3,2,front,0.05,raw,1,1,1,1,g,1,1,1,1,1,,1,1,1,1,1,g,1
url,L,3,2,front,0.05,444,1,1,1,1,g,1,1,1,1,1,,1,1,1,1,1,g,1
url,L,3,2,front,0.05,420,1,1,1,1,g,1,1,1,1,1,,1,1,1,1,1,g,1
url,L,3,2,front,0.1,raw,1,1,1,1,g,1,1,1,1,1,,1,1,1,1,1,,1
url,L,3,2,front,0.1,444,1,1,1,1,g,1,1,1,1,1,,1,1,1,1,1,,1
url,L,3,2,front,0.1,420,1,1,1,1,g,1,1,1,1,1,,1,1,1,1,1,,1
url,L,3,2,front,0.15,raw,1,1,1,1,,1,1,1,1,1,,1,1,1,1,1,,1
url,L,3,2,front,0.15,444,1,1,1,1,,1,1,1,1,1,,1,1,1,1,1,,1
url,L,3,2,front,0.15,420,1,1,1,1,,1,1,1,1,1,,1,1,1,1,1,,1
url,L,3,2,front,0.2,raw,1,1,1,1,,1,1,1,1,1,,1,1,1,1,1,,1
url,L,3,2,front,0.2,444,0,1,0,0,,1,0,1,1,0,,1,1,1,1,1,,1
url,L,3,2,front,0.2,420,1,1,0,0,,1,0,1,1,0,,1,1,1,1,1,,1
url,L,3,2,front,0.3,raw,0,0,0,0,,1,0,0,0,0,,1,0,0,0,0,,1
url,L,3,2,front,0.3,444,0,0,0,0,,1,0,0,0,0,,1,0,0,0,0,,1
url,L,3,2,front,0.3,420,0,0,0,0,,1,0,0,0,0,,1,0,0,0,0,,1
url,L,3,2,phone,0,444,1,1,1,1,g,1,1,1,1,1,,1,1,1,1,1,g,1
url,L,3,2,phone,0,420,1,1,1,1,g,1,1,1,1,1,g,1,1,1,1,1,g,1
url,L,3,2,phone,0.05,444,1,1,1,1,g,1,1,1,1,1,,1,1,1,1,1,,1
url,L,3,2,phone,0.05,420,1,1,1,1,g,1,1,1,1,1,,1,1,1,1,1,,1
url,L,3,2,phone,0.1,444,1,1,1,1,,1,1,1,1,1,,1,1,1,1,1,,1
url,L,3,2,phone,0.1,420,1,1,1,1,,1,1,1,1,1,,1,1,1,1,1,,1
url,L,3,2,phone,0.15,444,1,1,1,1,,1,1,1,1,1,,1,1,1,1,1,,1
url,L,3,2,phone,0.15,420,1,1,1,1,,1,1,1,1,1,,1,1,1,1,1,,1
url,L,3,2,phone,0.2,444,0,0,0,0,,1,1,0,0,0,,1,0,1,0,0,,1
url,L,3,2,phone,0.2,420,0,0,0,0,,1,0,0,0,0,,1,0,0,0,0,,1
url,L,3,2,phone,0.3,444,0,0,0,0,,1,0,0,0,0,,1,0,0,0,0,,1
url,L,3,2,phone,0.3,420,0,0,0,0,,1,0,0,0,0,,1,0,0,0,0,,1
url,L,3,2,hard,0,444,1,1,1,1,,0,1,1,1,1,,0,1,1,1,1,,1
url,L,3,2,hard,0,420,1,1,1,1,,1,1,1,1,1,,0,1,1,1,1,,1
url,L,3,2,hard,0.05,444,1,1,1,1,,0,1,1,1,1,,0,1,1,1,1,,1
url,L,3,2,hard,0.05,420,1,1,0,0,,0,1,1,0,0,,0,1,1,1,1,,1
url,L,3,2,hard,0.1,444,1,1,1,1,,0,1,1,0,0,,0,1,1,1,1,,1
url,L,3,2,hard,0.1,420,0,1,0,0,,1,0,1,0,0,,0,0,1,0,0,,1
url,L,3,2,hard,0.15,444,0,0,0,0,,0,0,0,0,0,,0,0,1,0,0,,1
url,L,3,2,hard,0.15,420,0,0,0,0,,1,0,0,0,0,,0,0,0,0,0,,1
url,L,3,2,hard,0.2,444,0,0,0,0,,0,0,0,0,0,,0,0,0,0,0,,1
url,L,3,2,hard,0.2,420,0,0,0,0,,0,0,0,0,0,,0,0,0,0,0,,1
url,L,3,2,hard,0.3,444,0,0,0,0,,0,0,0,0,0,,0,0,0,0,0,,1
url,L,3,2,hard,0.3,420,0,0,0,0,,0,0,0,0,0,,0,0,0,0,0,,1
url,M,4,0,front,0,raw,1,1,1,1,g,1,1,1,1,1,g,1,1,1,1,1,g,1
url,M,4,0,front,0,444,1,1,1,1,g,1,1,1,1,1,g,1,1,1,1,1,g,1
url,M,4,0,front,0,420,1,1,1,1,g,1,1,1,1,1,g,1,1,1,1,1,g,1
url,M,4,0,front,0.05,raw,1,1,1,1,g,1,1,1,1,1,,1,1,1,1,1,g,1
url,M,4,0,front,0.05,444,1,1,1,1,g,1,1,1,1,1,,1,1,1,1,1,g,1
url,M,4,0,front,0.05,420,1,1,1,1,g,1,1,1,1,1,,1,1,1,1,1,g,1
url,M,4,0,front,0.1,raw,1,1,1,1,g,1,1,1,1,1,,1,1,1,1,1,,1
url,M,4,0,front,0.1,444,1,1,1,1,g,1,1,1,1,1,,1,1,1,1,1,,1
url,M,4,0,front,0.1,420,1,1,1,1,g,1,1,1,1,1,,1,1,1,1,1,,1
url,M,4,0,front,0.15,raw,1,1,1,1,,1,1,1,1,1,,1,1,1,1,1,,1
url,M,4,0,front,0.15,444,1,1,1,1,,1,1,1,1,1,,1,1,1,1,1,,1
url,M,4,0,front,0.15,420,1,1,1,1,,1,1,1,1,1,,1,1,1,1,1,,1
url,M,4,0,front,0.2,raw,1,1,1,1,,1,1,1,1,1,,1,1,1,1,1,,1
url,M,4,0,front,0.2,444,1,1,1,1,,1,1,1,1,1,,1,1,1,1,1,,1
url,M,4,0,front,0.2,420,1,1,1,1,,1,1,1,1,1,,1,1,1,1,1,,1
url,M,4,0,front,0.3,raw,0,0,0,0,,1,0,0,0,0,,1,0,0,0,0,,1
url,M,4,0,front,0.3,444,0,0,0,0,,1,0,0,0,0,,1,0,0,0,0,,1
url,M,4,0,front,0.3,420,0,0,0,0,,1,0,0,0,0,,1,0,0,0,0,,1
url,M,4,0,phone,0,444,1,1,1,1,g,1,1,1,1,1,g,1,1,1,1,1,g,1
url,M,4,0,phone,0,420,1,1,1,1,g,1,1,1,1,1,g,1,1,1,1,1,g,1
url,M,4,0,phone,0.05,444,1,1,1,1,g,1,1,1,1,1,,1,1,1,1,1,,1
url,M,4,0,phone,0.05,420,1,1,1,1,g,1,1,1,1,1,,1,1,1,1,1,,1
url,M,4,0,phone,0.1,444,1,1,1,1,g,1,1,1,1,1,,1,1,1,1,1,,1
url,M,4,0,phone,0.1,420,1,1,1,1,g,1,1,1,1,1,,1,1,1,1,1,,1
url,M,4,0,phone,0.15,444,1,1,1,1,,1,1,1,1,1,,1,1,1,1,1,,1
url,M,4,0,phone,0.15,420,1,1,1,1,,1,1,1,1,1,,1,1,1,1,1,,1
url,M,4,0,phone,0.2,444,1,1,1,1,,1,0,1,0,0,,1,1,1,1,1,,1
url,M,4,0,phone,0.2,420,0,1,0,0,,1,0,1,0,0,,1,0,1,0,0,,1
url,M,4,0,phone,0.3,444,0,0,0,0,,1,0,0,0,0,,1,0,0,0,0,,1
url,M,4,0,phone,0.3,420,0,0,0,0,,1,0,0,0,0,,1,0,0,0,0,,1
url,M,4,0,hard,0,444,1,1,1,1,g,1,0,0,0,0,,0,1,1,1,1,,1
url,M,4,0,hard,0,420,1,1,1,1,g,1,0,0,0,0,,0,1,1,1,1,,1
url,M,4,0,hard,0.05,444,1,1,1,1,,1,0,0,0,0,,0,1,1,1,1,,1
url,M,4,0,hard,0.05,420,1,1,1,1,,1,0,0,0,0,,0,1,1,1,1,,1
url,M,4,0,hard,0.1,444,1,1,1,1,,1,0,0,0,0,,0,1,1,1,1,,1
url,M,4,0,hard,0.1,420,0,1,0,0,,1,0,0,0,0,,0,0,1,1,0,,1
url,M,4,0,hard,0.15,444,0,0,0,0,,1,0,0,0,0,,0,1,1,0,0,,1
url,M,4,0,hard,0.15,420,0,0,0,0,,1,0,0,0,0,,0,0,0,0,0,,1
url,M,4,0,hard,0.2,444,0,0,0,0,,1,0,0,0,0,,0,0,0,0,0,,1
url,M,4,0,hard,0.2,420,0,0,0,0,,1,0,0,0,0,,0,0,0,0,0,,1
url,M,4,0,hard,0.3,444,0,0,0,0,,1,0,0,0,0,,0,0,0,0,0,,1
url,M,4,0,hard,0.3,420,0,0,0,0,,1,0,0,0,0,,0,0,0,0,0,,1
url,M,4,1,front,0,raw,1,1,1,1,g,1,1,1,1,1,g,1,1,1,1,1,g,1
url,M,4,1,front,0,444,1,1,1,1,g,1,1,1,1,1,g,1,1,1,1,1,g,1
url,M,4,1,front,0,420,1,1,1,1,g,1,1,1,1,1,g,1,1,1,1,1,g,1
url,M,4,1,front,0.05,raw,1,1,1,1,g,1,1,1,1,1,,1,1,1,1,1,g,1
url,M,4,1,front,0.05,444,1,1,1,1,g,1,1,1,1,1,,1,1,1,1,1,g,1
url,M,4,1,front,0.05,420,1,1,1,1,g,1,1,1,1,1,,1,1,1,1,1,g,1
url,M,4,1,front,0.1,raw,1,1,1,1,g,1,1,1,1,1,,1,1,1,1,1,,1
url,M,4,1,front,0.1,444,1,1,1,1,g,1,1,1,1,1,,1,1,1,1,1,,1
url,M,4,1,front,0.1,420,1,1,1,1,g,1,1,1,1,1,,1,1,1,1,1,,1
url,M,4,1,front,0.15,raw,1,1,1,1,,1,1,1,1,1,,1,1,1,1,1,,1
url,M,4,1,front,0.15,444,1,1,1,1,,1,1,1,1,1,,1,1,1,1,1,,1
url,M,4,1,front,0.15,420,1,1,1,1,,1,1,1,1,1,,1,1,1,1,1,,1
url,M,4,1,front,0.2,raw,1,1,1,1,,1,1,1,1,1,,1,1,1,1,1,,1
url,M,4,1,front,0.2,444,1,1,1,1,,1,1,1,1,1,,1,1,1,1,1,,1
url,M,4,1,front,0.2,420,1,1,1,1,,1,1,1,1,1,,1,1,1,1,1,,1
url,M,4,1,front,0.3,raw,0,0,0,0,,1,0,0,0,0,,1,0,0,0,0,,1
url,M,4,1,front,0.3,444,0,0,0,0,,1,0,0,0,0,,1,0,0,0,0,,1
url,M,4,1,front,0.3,420,0,0,0,0,,1,0,0,0,0,,1,0,0,0,0,,1
url,M,4,1,phone,0,444,1,1,1,1,g,1,0,1,1,0,g,1,1,1,1,1,g,1
url,M,4,1,phone,0,420,1,1,1,1,g,1,0,1,1,0,g,1,1,1,1,1,g,1
url,M,4,1,phone,0.05,444,1,1,1,1,g,1,0,1,1,0,,1,1,1,1,1,g,1
url,M,4,1,phone,0.05,420,1,1,1,1,g,1,0,1,1,0,,1,1,1,1,1,g,1
url,M,4,1,phone,0.1,444,1,1,1,1,g,1,0,1,1,0,,1,1,1,1,1,,1
url,M,4,1,phone,0.1,420,1,1,1,1,g,1,0,1,1,0,,1,1,1,1,1,,1
url,M,4,1,phone,0.15,444,1,1,1,1,,1,1,1,1,1,,1,1,1,1,1,,1
url,M,4,1,phone,0.15,420,1,1,1,1,,1,1,1,1,1,,1,1,1,1,1,,1
url,M,4,1,phone,0.2,444,1,1,1,1,,1,0,1,1,0,,1,1,1,0,0,,1
url,M,4,1,phone,0.2,420,0,1,0,0,,1,0,1,0,0,,1,0,1,0,0,,1
url,M,4,1,phone,0.3,444,0,0,0,0,,1,0,0,0,0,,1,0,0,0,0,,1
url,M,4,1,phone,0.3,420,0,0,0,0,,1,0,0,0,0,,1,0,0,0,0,,1
url,M,4,1,hard,0,444,1,1,1,1,g,1,1,0,0,0,,0,1,1,1,1,,1
url,M,4,1,hard,0,420,1,1,1,1,g,1,1,1,0,0,,0,1,1,1,1,,1
url,M,4,1,hard,0.05,444,1,1,1,1,g,1,1,1,1,1,,0,1,1,1,1,,1
url,M,4,1,hard,0.05,420,1,1,0,0,,1,1,0,0,0,,0,1,1,1,1,,1
url,M,4,1,hard,0.1,444,1,1,1,1,,1,1,1,0,0,,0,1,1,1,1,,1
url,M,4,1,hard,0.1,420,0,1,0,0,,1,0,0,0,0,,0,1,1,0,0,,1
url,M,4,1,hard,0.15,444,0,1,0,0,,1,0,1,0,0,,0,1,1,0,0,,1
url,M,4,1,hard,0.15,420,0,0,0,0,,1,0,0,0,0,,0,0,1,0,0,,1
url,M,4,1,hard,0.2,444,0,0,0,0,,1,0,0,0,0,,0,0,0,0,0,,1
url,M,4,1,hard,0.2,420,0,0,0,0,,1,0,0,0,0,,0,0,0,0,0,,1
url,M,4,1,hard,0.3,444,0,0,0,0,,1,0,0,0,0,,0,0,0,0,0,,1
url,M,4,1,hard,0.3,420,0,0,0,0,,1,0,0,0,0,,0,0,0,0,0,,1
url,M,4,2,front,0,raw,1,1,1,1,g,1,1,1,1,1,g,1,1,1,1,1,g,1
url,M,4,2,front,0,444,1,1,1,1,g,1,1,1,1,1,g,1,1,1,1,1,g,1
url,M,4,2,front,0,420,1,1,1,1,g,1,1,1,1,1,g,1,1,1,1,1,g,1
url,M,4,2,front,0.05,raw,1,1,1,1,g,1,1,1,1,1,,1,1,1,1,1,g,1
url,M,4,2,front,0.05,444,1,1,1,1,g,1,1,1,1,1,,1,1,1,1,1,g,1
url,M,4,2,front,0.05,420,1,1,1,1,g,1,1,1,1,1,,1,1,1,1,1,g,1
url,M,4,2,front,0.1,raw,1,1,1,1,g,1,1,1,1,1,,1,1,1,1,1,,1
url,M,4,2,front,0.1,444,1,1,1,1,g,1,1,1,1,1,,1,1,1,1,1,,1
url,M,4,2,front,0.1,420,1,1,1,1,g,1,1,1,1,1,,1,1,1,1,1,,1
url,M,4,2,front,0.15,raw,1,1,1,1,,1,1,1,1,1,,1,1,1,1,1,,1
url,M,4,2,front,0.15,444,1,1,1,1,,1,1,1,1,1,,1,1,1,1,1,,1
url,M,4,2,front,0.15,420,1,1,1,1,,1,1,1,1,1,,1,1,1,1,1,,1
url,M,4,2,front,0.2,raw,1,1,1,1,,1,1,1,1,1,,1,1,1,1,1,,1
url,M,4,2,front,0.2,444,1,1,1,1,,1,1,1,1,1,,1,1,1,1,1,,1
url,M,4,2,front,0.2,420,1,1,1,1,,1,1,1,0,0,,1,1,1,1,1,,1
url,M,4,2,front,0.3,raw,0,0,0,0,,1,0,0,0,0,,1,0,0,0,0,,1
url,M,4,2,front,0.3,444,0,0,0,0,,1,0,0,0,0,,1,0,0,0,0,,1
url,M,4,2,front,0.3,420,0,0,0,0,,1,0,0,0,0,,1,0,0,0,0,,1
url,M,4,2,phone,0,444,1,1,1,1,g,1,1,1,1,1,g,1,1,1,1,1,g,1
url,M,4,2,phone,0,420,1,1,1,1,g,1,1,1,1,1,g,1,1,1,1,1,g,1
url,M,4,2,phone,0.05,444,1,1,1,1,g,1,1,1,1,1,,1,1,1,1,1,,1
url,M,4,2,phone,0.05,420,1,1,1,1,g,1,1,1,1,1,,1,1,1,1,1,g,1
url,M,4,2,phone,0.1,444,1,1,1,1,g,1,1,1,1,1,,1,1,1,1,1,,1
url,M,4,2,phone,0.1,420,1,1,1,1,g,1,1,1,1,1,,1,1,1,1,1,,1
url,M,4,2,phone,0.15,444,1,1,1,1,,1,1,1,1,1,,1,1,1,1,1,,1
url,M,4,2,phone,0.15,420,1,1,1,1,,1,1,1,1,1,,1,1,1,1,1,,1
url,M,4,2,phone,0.2,444,1,1,0,0,,1,0,1,1,0,,1,1,1,1,1,,1
url,M,4,2,phone,0.2,420,0,1,0,0,,1,0,1,0,0,,1,0,1,0,0,,1
url,M,4,2,phone,0.3,444,0,0,0,0,,1,0,0,0,0,,1,0,0,0,0,,1
url,M,4,2,phone,0.3,420,0,0,0,0,,1,0,0,0,0,,1,0,0,0,0,,1
url,M,4,2,hard,0,444,1,1,1,1,g,1,1,1,1,1,,1,1,1,1,1,,1
url,M,4,2,hard,0,420,1,1,1,1,g,1,1,1,1,1,,1,1,1,1,1,,1
url,M,4,2,hard,0.05,444,1,1,1,1,g,1,1,1,1,1,,1,1,1,1,1,,1
url,M,4,2,hard,0.05,420,1,1,0,0,,1,1,1,1,1,,1,1,1,1,1,,1
url,M,4,2,hard,0.1,444,1,1,1,1,,1,1,1,1,1,,1,1,1,1,1,,1
url,M,4,2,hard,0.1,420,1,1,0,0,,1,0,1,0,0,,1,1,1,0,0,,1
url,M,4,2,hard,0.15,444,0,1,0,0,,1,0,1,0,0,,1,1,1,0,0,,1
url,M,4,2,hard,0.15,420,0,0,0,0,,1,0,0,0,0,,1,0,1,0,0,,1
url,M,4,2,hard,0.2,444,0,0,0,0,,1,0,0,0,0,,1,0,0,0,0,,1
url,M,4,2,hard,0.2,420,0,0,0,0,,1,0,0,0,0,,1,0,0,0,0,,1
url,M,4,2,hard,0.3,444,0,0,0,0,,1,0,0,0,0,,1,0,0,0,0,,1
url,M,4,2,hard,0.3,420,0,0,0,0,,1,0,0,0,0,,1,0,0,0,0,,1
url,Q,5,0,front,0,raw,1,1,1,1,g,0,1,1,1,1,g,0,1,1,1,1,g,1
url,Q,5,0,front,0,444,1,1,1,1,g,0,1,1,1,1,g,0,1,1,1,1,g,1
url,Q,5,0,front,0,420,1,1,1,1,g,0,1,1,1,1,g,0,1,1,1,1,g,1
url,Q,5,0,front,0.05,raw,1,1,1,1,g,0,1,1,1,1,,0,1,1,1,1,g,1
url,Q,5,0,front,0.05,444,1,1,1,1,g,0,0,1,1,0,,0,1,1,1,1,g,1
url,Q,5,0,front,0.05,420,1,1,1,1,g,0,1,1,1,1,,0,1,1,1,1,g,1
url,Q,5,0,front,0.1,raw,1,1,1,1,g,0,1,1,1,1,,0,1,1,1,1,,1
url,Q,5,0,front,0.1,444,1,1,1,1,g,0,0,1,1,0,,0,1,1,1,1,g,1
url,Q,5,0,front,0.1,420,1,1,1,1,g,0,1,1,1,1,,0,1,1,1,1,g,1
url,Q,5,0,front,0.15,raw,1,1,1,1,,0,1,1,1,1,,0,1,1,1,1,,1
url,Q,5,0,front,0.15,444,1,1,1,1,,0,1,1,1,1,,0,1,1,1,1,,1
url,Q,5,0,front,0.15,420,1,1,1,1,,0,0,1,1,0,,0,1,1,1,1,,1
url,Q,5,0,front,0.2,raw,1,1,1,1,,0,1,1,1,1,,0,1,1,1,1,,1
url,Q,5,0,front,0.2,444,1,1,1,1,,0,0,1,1,0,,0,1,1,1,1,,1
url,Q,5,0,front,0.2,420,1,1,1,1,,0,0,1,1,0,,0,1,1,1,1,,1
url,Q,5,0,front,0.3,raw,0,0,0,0,,0,0,0,0,0,,0,0,0,0,0,,1
url,Q,5,0,front,0.3,444,0,0,0,0,,0,0,0,0,0,,0,0,0,0,0,,1
url,Q,5,0,front,0.3,420,0,0,0,0,,0,0,0,0,0,,0,0,0,0,0,,1
url,Q,5,0,phone,0,444,1,1,1,1,g,1,1,1,1,1,g,1,1,1,1,1,g,1
url,Q,5,0,phone,0,420,1,1,1,1,g,1,1,1,1,1,g,1,1,1,1,1,g,1
url,Q,5,0,phone,0.05,444,1,1,1,1,g,1,1,1,1,1,g,1,1,1,1,1,g,1
url,Q,5,0,phone,0.05,420,1,1,1,1,g,1,1,1,1,1,g,1,1,1,1,1,g,1
url,Q,5,0,phone,0.1,444,1,1,1,1,g,1,1,1,1,1,,1,1,1,1,1,,1
url,Q,5,0,phone,0.1,420,1,1,1,1,g,1,1,1,1,1,,1,1,1,1,1,,1
url,Q,5,0,phone,0.15,444,1,1,1,1,g,1,1,1,1,1,,1,1,1,1,1,,1
url,Q,5,0,phone,0.15,420,1,1,1,1,g,1,1,1,1,1,,1,1,1,1,1,,1
url,Q,5,0,phone,0.2,444,0,1,1,0,,1,0,1,1,0,,1,1,1,1,1,,1
url,Q,5,0,phone,0.2,420,0,1,1,0,,1,0,1,0,0,,1,0,1,0,0,,1
url,Q,5,0,phone,0.3,444,0,0,0,0,,1,0,0,0,0,,1,0,0,0,0,,1
url,Q,5,0,phone,0.3,420,0,0,0,0,,1,0,0,0,0,,1,0,0,0,0,,1
url,Q,5,0,hard,0,444,1,1,1,1,g,1,1,0,1,0,,1,1,1,1,1,g,1
url,Q,5,0,hard,0,420,1,1,1,1,g,1,1,0,1,0,,1,1,1,1,1,g,1
url,Q,5,0,hard,0.05,444,1,1,1,1,g,1,1,0,1,0,,1,1,1,1,1,,1
url,Q,5,0,hard,0.05,420,1,1,1,1,g,1,1,0,1,0,,1,1,1,1,1,,1
url,Q,5,0,hard,0.1,444,1,0,1,0,g,1,0,0,0,0,,1,1,1,1,1,,1
url,Q,5,0,hard,0.1,420,1,1,1,1,,1,0,0,0,0,,1,1,1,1,1,,1
url,Q,5,0,hard,0.15,444,0,1,1,0,,1,0,0,0,0,,0,1,1,1,1,,1
url,Q,5,0,hard,0.15,420,0,1,1,0,,1,0,0,0,0,,1,0,1,1,0,,1
url,Q,5,0,hard,0.2,444,0,0,0,0,,1,0,0,0,0,,1,0,1,0,0,,1
url,Q,5,0,hard,0.2,420,0,0,0,0,,1,0,0,0,0,,0,0,0,0,0,,1
url,Q,5,0,hard,0.3,444,0,0,0,0,,1,0,0,0,0,,1,0,0,0,0,,1
url,Q,5,0,hard,0.3,420,0,0,0,0,,1,0,0,0,0,,1,0,0,0,0,,1
url,Q,5,1,front,0,raw,1,1,1,1,g,1,1,1,1,1,g,0,1,1,1,1,g,1
url,Q,5,1,front,0,444,1,1,1,1,g,1,1,1,1,1,g,0,1,1,1,1,g,1
url,Q,5,1,front,0,420,1,1,1,1,g,1,1,1,1,1,g,0,1,1,1,1,g,1
url,Q,5,1,front,0.05,raw,1,1,1,1,g,1,1,1,1,1,,0,1,1,1,1,g,1
url,Q,5,1,front,0.05,444,1,1,1,1,g,1,1,1,1,1,,0,1,1,1,1,g,1
url,Q,5,1,front,0.05,420,1,1,1,1,g,1,1,1,1,1,,0,1,1,1,1,g,1
url,Q,5,1,front,0.1,raw,1,1,1,1,g,1,1,1,1,1,,0,1,1,1,1,g,1
url,Q,5,1,front,0.1,444,1,1,1,1,g,1,1,1,1,1,,0,1,1,1,1,,1
url,Q,5,1,front,0.1,420,1,1,1,1,g,1,1,1,1,1,,0,1,1,1,1,g,1
url,Q,5,1,front,0.15,raw,1,1,1,1,,1,1,1,1,1,,0,1,1,1,1,,1
url,Q,5,1,front,0.15,444,1,1,1,1,,1,1,1,1,1,,0,1,1,1,1,,1
url,Q,5,1,front,0.15,420,1,1,1,1,,1,1,1,1,1,,0,1,1,1,1,,1
url,Q,5,1,front,0.2,raw,0,1,1,0,,1,1,1,1,1,,0,1,1,1,1,,1
url,Q,5,1,front,0.2,444,1,1,1,1,,1,1,1,1,1,,0,1,1,1,1,,1
url,Q,5,1,front,0.2,420,0,1,1,0,,1,0,1,1,0,,0,1,1,1,1,,1
url,Q,5,1,front,0.3,raw,0,0,0,0,,1,0,0,0,0,,0,0,0,0,0,,1
url,Q,5,1,front,0.3,444,0,0,0,0,,1,0,0,0,0,,0,0,0,0,0,,1
url,Q,5,1,front,0.3,420,0,0,0,0,,1,0,0,0,0,,0,0,0,0,0,,1
url,Q,5,1,phone,0,444,1,1,1,1,g,1,1,1,1,1,g,1,1,1,1,1,g,1
url,Q,5,1,phone,0,420,1,1,1,1,g,1,1,1,1,1,g,1,1,1,1,1,g,1
url,Q,5,1,phone,0.05,444,1,1,1,1,g,1,1,1,1,1,g,1,1,1,1,1,g,1
url,Q,5,1,phone,0.05,420,1,1,1,1,g,1,1,1,1,1,g,1,1,1,1,1,g,1
url,Q,5,1,phone,0.1,444,1,1,1,1,g,1,1,1,1,1,,1,1,1,1,1,,1
url,Q,5,1,phone,0.1,420,1,1,1,1,g,1,1,1,1,1,,1,1,1,1,1,,1
url,Q,5,1,phone,0.15,444,1,1,1,1,g,1,1,1,1,1,,1,1,1,1,1,,1
url,Q,5,1,phone,0.15,420,1,1,1,1,,1,1,1,1,1,,1,1,1,1,1,,1
url,Q,5,1,phone,0.2,444,0,1,1,0,,1,0,1,0,0,,1,1,1,1,1,,1
url,Q,5,1,phone,0.2,420,0,1,1,0,,1,0,1,0,0,,1,0,1,1,0,,1
url,Q,5,1,phone,0.3,444,0,0,0,0,,1,0,0,0,0,,1,0,0,0,0,,1
url,Q,5,1,phone,0.3,420,0,0,0,0,,1,0,0,0,0,,1,0,0,0,0,,1
url,Q,5,1,hard,0,444,1,1,1,1,g,1,1,0,1,0,g,0,1,1,1,1,g,1
url,Q,5,1,hard,0,420,1,1,1,1,g,1,1,1,1,1,g,0,1,1,1,1,g,1
url,Q,5,1,hard,0.05,444,1,1,1,1,g,1,1,1,1,1,,0,1,1,1,1,,1
url,Q,5,1,hard,0.05,420,1,1,1,1,g,1,1,1,1,1,,0,1,1,1,1,,1
url,Q,5,1,hard,0.1,444,1,1,1,1,g,1,1,1,1,1,,0,1,1,1,1,,1
url,Q,5,1,hard,0.1,420,0,1,1,0,,1,0,1,1,0,,0,1,1,1,1,,1
url,Q,5,1,hard,0.15,444,0,1,1,0,,1,0,1,1,0,,1,0,1,1,0,,1
url,Q,5,1,hard,0.15,420,0,1,1,0,,1,0,1,1,0,,1,0,1,1,0,,1
url,Q,5,1,hard,0.2,444,0,0,0,0,,1,0,0,0,0,,0,0,1,0,0,,1
url,Q,5,1,hard,0.2,420,0,0,0,0,,1,0,0,0,0,,0,0,1,0,0,,1
url,Q,5,1,hard,0.3,444,0,0,0,0,,1,0,0,0,0,,0,0,0,0,0,,1
url,Q,5,1,hard,0.3,420,0,0,0,0,,1,0,0,0,0,,0,0,0,0,0,,1
url,Q,5,2,front,0,raw,1,1,1,1,g,1,1,1,1,1,g,1,1,1,1,1,g,1
url,Q,5,2,front,0,444,1,1,1,1,g,1,1,1,1,1,g,0,1,1,1,1,g,1
url,Q,5,2,front,0,420,1,1,1,1,g,1,1,1,1,1,g,0,1,1,1,1,g,1
url,Q,5,2,front,0.05,raw,1,1,1,1,g,1,1,1,1,1,,1,1,1,1,1,g,1
url,Q,5,2,front,0.05,444,1,1,1,1,g,1,0,1,1,0,,0,1,1,1,1,g,1
url,Q,5,2,front,0.05,420,1,1,1,1,g,1,1,1,1,1,,0,1,1,1,1,g,1
url,Q,5,2,front,0.1,raw,1,1,1,1,g,1,1,1,1,1,,1,1,1,1,1,g,1
url,Q,5,2,front,0.1,444,1,1,1,1,g,1,1,1,1,1,,0,1,1,1,1,g,1
url,Q,5,2,front,0.1,420,1,1,1,1,g,1,1,1,1,1,,0,1,1,1,1,g,1
url,Q,5,2,front,0.15,raw,1,1,1,1,,1,1,1,1,1,,1,1,1,1,1,,1
url,Q,5,2,front,0.15,444,1,1,1,1,,1,1,1,1,1,,0,1,1,1,1,,1
url,Q,5,2,front,0.15,420,1,1,1,1,,1,1,1,1,1,,0,1,1,1,1,,1
url,Q,5,2,front,0.2,raw,0,1,1,0,,1,0,1,1,0,,1,1,1,1,1,,1
url,Q,5,2,front,0.2,444,1,1,1,1,,1,0,1,1,0,,1,1,1,1,1,,1
url,Q,5,2,front,0.2,420,1,1,1,1,,1,0,1,1,0,,1,1,1,1,1,,1
url,Q,5,2,front,0.3,raw,0,0,0,0,,1,0,0,0,0,,1,0,0,0,0,,1
url,Q,5,2,front,0.3,444,0,0,0,0,,1,0,0,0,0,,0,0,0,0,0,,1
url,Q,5,2,front,0.3,420,0,0,0,0,,1,0,0,0,0,,0,0,0,0,0,,1
url,Q,5,2,phone,0,444,1,1,1,1,g,1,1,1,1,1,g,1,1,1,1,1,g,1
url,Q,5,2,phone,0,420,1,1,1,1,g,1,1,1,1,1,g,1,1,1,1,1,g,1
url,Q,5,2,phone,0.05,444,1,1,1,1,g,1,1,1,1,1,g,1,1,1,1,1,g,1
url,Q,5,2,phone,0.05,420,1,1,1,1,g,1,1,1,1,1,g,1,1,1,1,1,g,1
url,Q,5,2,phone,0.1,444,1,1,1,1,g,1,1,1,1,1,,1,1,1,1,1,g,1
url,Q,5,2,phone,0.1,420,1,1,1,1,g,1,1,1,1,1,,1,1,1,1,1,,1
url,Q,5,2,phone,0.15,444,1,1,1,1,g,1,1,1,1,1,,1,1,1,1,1,,1
url,Q,5,2,phone,0.15,420,1,1,1,1,g,1,1,1,1,1,,1,1,1,1,1,,1
url,Q,5,2,phone,0.2,444,1,1,1,1,,1,0,1,1,0,,1,1,1,1,1,,1
url,Q,5,2,phone,0.2,420,0,1,1,0,,1,0,1,0,0,,1,0,1,1,0,,1
url,Q,5,2,phone,0.3,444,0,0,0,0,,1,0,0,0,0,,1,0,0,0,0,,1
url,Q,5,2,phone,0.3,420,0,0,0,0,,1,0,0,0,0,,1,0,0,0,0,,1
url,Q,5,2,hard,0,444,1,1,1,1,g,1,1,1,1,1,,0,1,1,1,1,,1
url,Q,5,2,hard,0,420,1,1,1,1,g,1,1,1,1,1,,0,1,1,1,1,g,1
url,Q,5,2,hard,0.05,444,1,1,1,1,g,1,1,1,1,1,,0,1,1,1,1,,1
url,Q,5,2,hard,0.05,420,1,1,1,1,g,1,1,1,1,1,,0,1,1,1,1,,1
url,Q,5,2,hard,0.1,444,1,1,1,1,g,1,1,1,1,1,,0,1,1,1,1,,1
url,Q,5,2,hard,0.1,420,0,1,1,0,,1,0,1,1,0,,0,1,1,1,1,,1
url,Q,5,2,hard,0.15,444,0,1,1,0,,1,0,1,1,0,,0,1,1,1,1,,1
url,Q,5,2,hard,0.15,420,0,1,1,0,,1,0,1,1,0,,0,0,1,1,0,,1
url,Q,5,2,hard,0.2,444,0,0,0,0,,1,0,0,0,0,,0,0,1,0,0,,1
url,Q,5,2,hard,0.2,420,0,0,0,0,,1,0,0,0,0,,0,0,0,0,0,,1
url,Q,5,2,hard,0.3,444,0,0,0,0,,1,0,0,0,0,,0,0,0,0,0,,1
url,Q,5,2,hard,0.3,420,0,0,0,0,,1,0,0,0,0,,0,0,0,0,0,,1
url,H,6,0,front,0,raw,1,1,1,1,g,1,1,1,0,0,g,1,1,1,1,1,g,1
url,H,6,0,front,0,444,1,1,1,1,g,1,1,1,0,0,g,1,1,1,1,1,g,1
url,H,6,0,front,0,420,1,1,1,1,g,1,1,1,1,1,g,1,1,1,1,1,g,1
url,H,6,0,front,0.05,raw,1,1,1,1,g,1,1,1,0,0,,1,1,1,1,1,g,1
url,H,6,0,front,0.05,444,1,1,1,1,g,1,1,1,0,0,g,1,1,1,1,1,g,1
url,H,6,0,front,0.05,420,1,1,1,1,g,1,1,1,1,1,g,1,1,1,1,1,g,1
url,H,6,0,front,0.1,raw,1,1,1,1,g,1,1,1,0,0,,1,1,1,1,1,g,1
url,H,6,0,front,0.1,444,1,1,1,1,g,1,1,1,0,0,,1,1,1,1,1,g,1
url,H,6,0,front,0.1,420,1,1,1,1,g,1,1,1,1,1,,1,1,1,1,1,g,1
url,H,6,0,front,0.15,raw,1,1,1,1,,1,1,1,0,0,,1,1,1,1,1,,1
url,H,6,0,front,0.15,444,1,1,1,1,,1,1,1,0,0,,1,1,1,1,1,,1
url,H,6,0,front,0.15,420,1,1,1,1,,1,1,1,1,1,,1,1,1,1,1,,1
url,H,6,0,front,0.2,raw,1,1,1,1,,1,1,1,1,1,,1,1,1,1,1,,1
url,H,6,0,front,0.2,444,1,1,0,0,,1,1,1,0,0,,1,1,1,1,1,,1
url,H,6,0,front,0.2,420,1,1,0,0,,1,1,1,1,1,,1,1,1,1,1,,1
url,H,6,0,front,0.3,raw,0,0,0,0,,1,0,0,0,0,,1,0,0,0,0,,1
url,H,6,0,front,0.3,444,0,0,0,0,,1,0,0,0,0,,1,0,0,0,0,,1
url,H,6,0,front,0.3,420,0,0,0,0,,1,0,0,0,0,,1,0,0,0,0,,1
url,H,6,0,phone,0,444,1,1,1,1,g,1,1,1,1,1,g,0,1,1,1,1,g,1
url,H,6,0,phone,0,420,1,1,1,1,g,0,1,1,1,1,g,0,1,1,1,1,g,1
url,H,6,0,phone,0.05,444,1,1,1,1,g,1,1,1,1,1,g,0,1,1,1,1,g,1
url,H,6,0,phone,0.05,420,1,1,1,1,g,0,1,1,0,0,g,0,1,1,1,1,g,1
url,H,6,0,phone,0.1,444,1,1,1,1,g,1,1,1,1,1,,0,1,1,1,1,,1
url,H,6,0,phone,0.1,420,1,1,1,1,g,1,1,1,1,1,,0,1,1,1,1,,1
url,H,6,0,phone,0.15,444,1,1,1,1,g,1,1,1,1,1,,0,1,1,1,1,,1
url,H,6,0,phone,0.15,420,1,1,1,1,g,1,1,1,1,1,,0,1,1,1,1,,1
url,H,6,0,phone,0.2,444,1,1,0,0,,1,1,1,0,0,,0,1,1,0,0,,1
url,H,6,0,phone,0.2,420,1,1,0,0,,1,1,1,0,0,,0,1,1,0,0,,1
url,H,6,0,phone,0.3,444,0,0,0,0,,1,0,0,0,0,,0,0,0,0,0,,1
url,H,6,0,phone,0.3,420,0,0,0,0,,1,0,0,0,0,,0,0,0,0,0,,1
url,H,6,0,hard,0,444,1,1,0,0,,0,0,0,0,0,,0,1,1,1,1,g,1
url,H,6,0,hard,0,420,1,1,0,0,,0,1,1,1,1,g,0,1,1,1,1,g,1
url,H,6,0,hard,0.05,444,1,1,0,0,g,0,0,0,0,0,,0,1,1,1,1,g,1
url,H,6,0,hard,0.05,420,1,1,0,0,g,0,1,1,0,0,g,0,1,1,0,0,g,1
url,H,6,0,hard,0.1,444,1,1,0,0,g,0,1,1,1,1,,0,1,1,1,1,,1
url,H,6,0,hard,0.1,420,1,1,0,0,g,0,0,0,0,0,,0,1,1,0,0,,1
url,H,6,0,hard,0.15,444,0,0,0,0,,0,1,1,0,0,,0,1,1,0,0,,1
url,H,6,0,hard,0.15,420,1,1,0,0,g,0,0,0,0,0,,0,1,1,0,0,,1
url,H,6,0,hard,0.2,444,0,1,0,0,,0,0,1,0,0,,0,0,1,0,0,,1
url,H,6,0,hard,0.2,420,0,1,0,0,,0,0,1,0,0,,0,0,1,0,0,,1
url,H,6,0,hard,0.3,444,0,0,0,0,,0,0,0,0,0,,0,0,0,0,0,,1
url,H,6,0,hard,0.3,420,0,0,0,0,,0,0,0,0,0,,0,0,0,0,0,,1
url,H,6,1,front,0,raw,1,1,1,1,g,1,1,1,0,0,g,1,1,1,1,1,g,1
url,H,6,1,front,0,444,1,1,1,1,g,1,1,1,0,0,g,1,1,1,1,1,g,1
url,H,6,1,front,0,420,1,1,0,0,g,1,1,1,1,1,g,1,1,1,1,1,g,1
url,H,6,1,front,0.05,raw,1,1,1,1,g,1,1,1,0,0,,1,1,1,1,1,g,1
url,H,6,1,front,0.05,444,1,1,1,1,g,1,1,1,0,0,,1,1,1,1,1,g,1
url,H,6,1,front,0.05,420,1,1,0,0,g,1,1,1,1,1,g,1,1,1,1,1,g,1
url,H,6,1,front,0.1,raw,1,1,1,1,g,1,1,1,0,0,,1,1,1,1,1,,1
url,H,6,1,front,0.1,444,1,1,1,1,g,1,1,1,0,0,,1,1,1,1,1,g,1
url,H,6,1,front,0.1,420,1,1,1,1,g,1,1,1,1,1,,1,1,1,1,1,g,1
url,H,6,1,front,0.15,raw,1,1,1,1,,1,1,1,0,0,,1,1,1,1,1,,1
url,H,6,1,front,0.15,444,1,1,1,1,,1,1,1,0,0,,1,1,1,1,1,,1
url,H,6,1,front,0.15,420,1,1,1,1,,1,1,1,1,1,,1,1,1,1,1,,1
url,H,6,1,front,0.2,raw,1,1,1,1,,1,1,1,1,1,,1,1,1,1,1,,1
url,H,6,1,front,0.2,444,1,1,0,0,,1,1,1,1,1,,1,1,1,1,1,,1
url,H,6,1,front,0.2,420,1,1,0,0,,1,1,1,1,1,,1,1,1,1,1,,1
url,H,6,1,front,0.3,raw,0,0,0,0,,1,0,0,0,0,,1,0,0,0,0,,1
url,H,6,1,front,0.3,444,0,0,0,0,,1,0,0,0,0,,1,0,0,0,0,,1
url,H,6,1,front,0.3,420,0,0,0,0,,1,0,0,0,0,,1,0,0,0,0,,1
url,H,6,1,phone,0,444,1,1,1,1,g,0,1,1,1,1,g,0,1,1,1,1,g,1
url,H,6,1,phone,0,420,1,1,1,1,g,0,1,1,1,1,g,0,1,1,1,1,g,1
url,H,6,1,phone,0.05,444,1,1,1,1,g,0,1,1,1,1,g,0,1,1,1,1,g,1
url,H,6,1,phone,0.05,420,1,1,1,1,g,0,1,1,1,1,g,0,1,1,1,1,g,1
url,H,6,1,phone,0.1,444,1,1,1,1,g,0,1,1,1,1,,0,1,1,1,1,,1
url,H,6,1,phone,0.1,420,1,1,1,1,g,0,1,1,1,1,,0,1,1,1,1,,1
url,H,6,1,phone,0.15,444,1,1,1,1,g,0,1,1,1,1,,0,1,1,1,1,,1
url,H,6,1,phone,0.15,420,1,1,1,1,g,0,1,1,1,1,,0,1,1,1,1,,1
url,H,6,1,phone,0.2,444,1,1,0,0,,0,1,1,0,0,,0,1,1,0,0,,1
url,H,6,1,phone,0.2,420,1,1,0,0,,0,1,1,0,0,,0,1,1,0,0,,1
url,H,6,1,phone,0.3,444,0,0,0,0,,0,0,0,0,0,,0,0,0,0,0,,1
url,H,6,1,phone,0.3,420,0,0,0,0,,0,0,0,0,0,,0,0,0,0,0,,1
url,H,6,1,hard,0,444,0,0,0,0,,0,0,0,0,0,,0,1,1,1,1,g,1
url,H,6,1,hard,0,420,0,0,0,0,,0,0,0,0,0,,0,1,1,1,1,g,1
url,H,6,1,hard,0.05,444,0,0,0,0,,0,0,0,0,0,,0,1,1,1,1,g,1
url,H,6,1,hard,0.05,420,0,0,0,0,,0,0,0,0,0,,0,1,1,1,1,g,1
url,H,6,1,hard,0.1,444,0,0,0,0,,0,0,0,0,0,,0,1,1,1,1,,1
url,H,6,1,hard,0.1,420,0,0,0,0,,1,0,0,0,0,,0,1,1,0,0,,1
url,H,6,1,hard,0.15,444,0,0,0,0,,0,0,0,0,0,,0,1,1,0,0,,1
url,H,6,1,hard,0.15,420,0,0,0,0,,0,0,0,0,0,,0,1,1,0,0,,1
url,H,6,1,hard,0.2,444,0,0,0,0,,0,0,0,0,0,,0,0,1,0,0,,1
url,H,6,1,hard,0.2,420,0,0,0,0,,0,0,0,0,0,,0,0,1,0,0,,1
url,H,6,1,hard,0.3,444,0,0,0,0,,1,0,0,0,0,,0,0,0,0,0,,1
url,H,6,1,hard,0.3,420,0,0,0,0,,1,0,0,0,0,,0,0,0,0,0,,1
url,H,6,2,front,0,raw,1,1,1,1,g,1,1,1,0,0,g,1,1,1,1,1,g,1
url,H,6,2,front,0,444,1,1,1,1,g,1,1,1,0,0,g,1,1,1,1,1,g,1
url,H,6,2,front,0,420,1,1,1,1,g,1,1,1,1,1,g,1,1,1,1,1,g,1
url,H,6,2,front,0.05,raw,1,1,1,1,g,1,1,1,0,0,,1,1,1,1,1,g,1
url,H,6,2,front,0.05,444,1,1,1,1,g,1,1,1,0,0,,1,1,1,1,1,g,1
url,H,6,2,front,0.05,420,1,1,1,1,g,1,1,1,1,1,,1,1,1,1,1,g,1
url,H,6,2,front,0.1,raw,1,1,1,1,g,1,1,1,0,0,,1,1,1,1,1,,1
url,H,6,2,front,0.1,444,1,1,1,1,g,1,1,1,0,0,,1,1,1,1,1,,1
url,H,6,2,front,0.1,420,1,1,1,1,g,1,1,1,1,1,,1,1,1,1,1,,1
url,H,6,2,front,0.15,raw,1,1,1,1,,1,1,1,0,0,,1,1,1,1,1,,1
url,H,6,2,front,0.15,444,1,1,1,1,,1,1,1,0,0,,1,1,1,1,1,,1
url,H,6,2,front,0.15,420,1,1,1,1,,1,1,1,1,1,,1,1,1,1,1,,1
url,H,6,2,front,0.2,raw,1,1,1,1,,1,1,1,1,1,,1,1,1,1,1,,1
url,H,6,2,front,0.2,444,1,1,1,1,,1,1,1,1,1,,1,1,1,1,1,,1
url,H,6,2,front,0.2,420,1,1,0,0,,1,1,1,1,1,,1,1,1,1,1,,1
url,H,6,2,front,0.3,raw,0,0,0,0,,1,0,0,0,0,,1,0,0,0,0,,1
url,H,6,2,front,0.3,444,0,0,0,0,,1,0,0,0,0,,1,0,0,0,0,,1
url,H,6,2,front,0.3,420,0,0,0,0,,1,0,0,0,0,,1,0,0,0,0,,1
url,H,6,2,phone,0,444,1,1,1,1,g,1,1,1,1,1,g,1,1,1,1,1,g,1
url,H,6,2,phone,0,420,1,1,1,1,g,0,1,1,1,1,g,1,1,1,1,1,g,1
url,H,6,2,phone,0.05,444,1,1,1,1,g,0,1,1,1,1,g,1,1,1,1,1,g,1
url,H,6,2,phone,0.05,420,1,1,1,1,g,1,1,1,1,1,g,1,1,1,1,1,g,1
url,H,6,2,phone,0.1,444,1,1,1,1,g,1,1,1,0,0,,1,1,1,1,1,,1
url,H,6,2,phone,0.1,420,1,1,0,0,g,1,1,1,1,1,,1,1,1,1,1,,1
url,H,6,2,phone,0.15,444,1,1,1,1,g,1,1,1,1,1,,1,1,1,1,1,,1
url,H,6,2,phone,0.15,420,1,1,0,0,g,1,1,1,1,1,,1,1,1,1,1,,1
url,H,6,2,phone,0.2,444,1,1,0,0,,1,1,1,0,0,,1,1,1,0,0,,1
url,H,6,2,phone,0.2,420,1,1,0,0,,1,1,1,0,0,,1,1,1,0,0,,1
url,H,6,2,phone,0.3,444,0,0,0,0,,0,0,0,0,0,,1,0,0,0,0,,1
url,H,6,2,phone,0.3,420,0,0,0,0,,0,0,0,0,0,,1,0,0,0,0,,1
url,H,6,2,hard,0,444,0,0,0,0,,1,0,0,0,0,,0,1,1,1,1,g,1
url,H,6,2,hard,0,420,0,0,0,0,,1,0,0,0,0,,0,1,1,1,1,g,0
url,H,6,2,hard,0.05,444,0,0,0,0,,1,0,0,0,0,,0,1,1,1,1,g,1
url,H,6,2,hard,0.05,420,0,0,0,0,,1,0,0,0,0,,0,1,1,1,1,g,1
url,H,6,2,hard,0.1,444,0,0,0,0,,1,0,0,0,0,,1,1,1,1,1,,1
url,H,6,2,hard,0.1,420,0,0,0,0,g,1,0,0,0,0,,1,1,1,0,0,,1
url,H,6,2,hard,0.15,444,0,1,0,0,g,1,0,0,0,0,,0,1,1,0,0,,1
url,H,6,2,hard,0.15,420,0,1,0,0,,1,0,0,0,0,,0,0,1,0,0,,1
url,H,6,2,hard,0.2,444,0,0,0,0,,1,0,0,0,0,,0,0,1,0,0,,1
url,H,6,2,hard,0.2,420,0,0,0,0,,1,0,0,0,0,,0,0,1,0,0,,1
url,H,6,2,hard,0.3,444,0,0,0,0,,1,0,0,0,0,,0,0,0,0,0,,1
url,H,6,2,hard,0.3,420,0,0,0,0,,1,0,0,0,0,,0,0,0,0,0,,1
