level,cond,k,save,n,jsqr_all3,jsqr_all3_ci,jsqr_channels,jsqr_mono,jsqr_plain,zxing_all3,zxing_all3_ci,zxing_channels,zxing_mono,zxing_plain,zxingcpp_all3,zxingcpp_all3_ci,zxingcpp_channels,zxingcpp_mono,zxingcpp_plain
L,front,0,raw,6,1,61–100%,1,0.83,r:0 g:6 b:0 other:0 none:0,1,61–100%,1,1,r:0 g:3 b:0 other:0 none:3,1,61–100%,1,1,r:0 g:4 b:0 other:0 none:2
L,front,0,444,6,1,61–100%,1,1,r:0 g:6 b:0 other:0 none:0,1,61–100%,1,1,r:0 g:3 b:0 other:0 none:3,1,61–100%,1,1,r:0 g:3 b:0 other:0 none:3
L,front,0,420,6,1,61–100%,1,1,r:0 g:6 b:0 other:0 none:0,1,61–100%,1,1,r:0 g:3 b:0 other:0 none:3,1,61–100%,1,1,r:0 g:3 b:0 other:0 none:3
L,front,0.05,raw,6,1,61–100%,1,0.83,r:0 g:6 b:0 other:0 none:0,1,61–100%,1,1,r:0 g:0 b:0 other:0 none:6,1,61–100%,1,1,r:0 g:3 b:0 other:0 none:3
L,front,0.05,444,6,1,61–100%,1,1,r:0 g:6 b:0 other:0 none:0,1,61–100%,1,1,r:0 g:0 b:0 other:0 none:6,1,61–100%,1,1,r:0 g:3 b:0 other:0 none:3
L,front,0.05,420,6,1,61–100%,1,1,r:0 g:6 b:0 other:0 none:0,1,61–100%,1,1,r:0 g:0 b:0 other:0 none:6,1,61–100%,1,1,r:0 g:3 b:0 other:0 none:3
L,front,0.1,raw,6,1,61–100%,1,0.83,r:0 g:3 b:0 other:0 none:3,1,61–100%,1,1,r:0 g:0 b:0 other:0 none:6,1,61–100%,1,1,r:0 g:0 b:0 other:0 none:6
L,front,0.1,444,6,1,61–100%,1,1,r:0 g:3 b:0 other:0 none:3,1,61–100%,1,1,r:0 g:0 b:0 other:0 none:6,1,61–100%,1,1,r:0 g:0 b:0 other:0 none:6
L,front,0.1,420,6,1,61–100%,1,1,r:0 g:3 b:0 other:0 none:3,1,61–100%,1,1,r:0 g:0 b:0 other:0 none:6,1,61–100%,1,1,r:0 g:0 b:0 other:0 none:6
L,front,0.15,raw,6,1,61–100%,1,0.83,r:0 g:0 b:0 other:0 none:6,1,61–100%,1,1,r:0 g:0 b:0 other:0 none:6,1,61–100%,1,1,r:0 g:0 b:0 other:0 none:6
L,front,0.15,444,6,1,61–100%,1,0.83,r:0 g:0 b:0 other:0 none:6,1,61–100%,1,1,r:0 g:0 b:0 other:0 none:6,1,61–100%,1,1,r:0 g:0 b:0 other:0 none:6
L,front,0.15,420,6,1,61–100%,1,0.83,r:0 g:0 b:0 other:0 none:6,1,61–100%,1,1,r:0 g:0 b:0 other:0 none:6,1,61–100%,1,1,r:0 g:0 b:0 other:0 none:6
L,front,0.2,raw,6,0.33,10–70%,0.61,0.83,r:0 g:0 b:0 other:0 none:6,0.33,10–70%,0.56,1,r:0 g:0 b:0 other:0 none:6,0.5,19–81%,0.67,1,r:0 g:0 b:0 other:0 none:6
L,front,0.2,444,6,0,0–39%,0.28,1,r:0 g:0 b:0 other:0 none:6,0,0–39%,0.5,1,r:0 g:0 b:0 other:0 none:6,0.5,19–81%,0.72,1,r:0 g:0 b:0 other:0 none:6
L,front,0.2,420,6,0.17,3–56%,0.39,1,r:0 g:0 b:0 other:0 none:6,0.17,3–56%,0.67,1,r:0 g:0 b:0 other:0 none:6,0.5,19–81%,0.72,1,r:0 g:0 b:0 other:0 none:6
L,front,0.3,raw,6,0,0–39%,0,0.83,r:0 g:0 b:0 other:0 none:6,0,0–39%,0,1,r:0 g:0 b:0 other:0 none:6,0,0–39%,0,1,r:0 g:0 b:0 other:0 none:6
L,front,0.3,444,6,0,0–39%,0,1,r:0 g:0 b:0 other:0 none:6,0,0–39%,0,1,r:0 g:0 b:0 other:0 none:6,0,0–39%,0,1,r:0 g:0 b:0 other:0 none:6
L,front,0.3,420,6,0,0–39%,0,1,r:0 g:0 b:0 other:0 none:6,0,0–39%,0,1,r:0 g:0 b:0 other:0 none:6,0,0–39%,0,1,r:0 g:0 b:0 other:0 none:6
L,phone,0,444,6,0.5,19–81%,0.5,0.5,r:0 g:3 b:0 other:0 none:3,1,61–100%,1,0.83,r:0 g:1 b:0 other:0 none:5,1,61–100%,1,1,r:0 g:4 b:0 other:0 none:2
L,phone,0,420,6,0.5,19–81%,0.5,0.5,r:0 g:3 b:0 other:0 none:3,0.67,30–90%,0.89,0.83,r:0 g:2 b:0 other:0 none:4,1,61–100%,1,0.83,r:0 g:4 b:0 other:0 none:2
L,phone,0.05,444,6,0.5,19–81%,0.5,0.5,r:0 g:3 b:0 other:0 none:3,1,61–100%,1,0.83,r:0 g:0 b:0 other:0 none:6,1,61–100%,1,1,r:0 g:0 b:0 other:0 none:6
L,phone,0.05,420,6,0.5,19–81%,0.5,0.5,r:0 g:3 b:0 other:0 none:3,0.5,19–81%,0.83,0.83,r:0 g:0 b:0 other:0 none:6,1,61–100%,1,0.83,r:0 g:0 b:0 other:0 none:6
L,phone,0.1,444,6,0.5,19–81%,0.5,0.5,r:0 g:1 b:0 other:0 none:5,0.83,44–97%,0.94,0.83,r:0 g:0 b:0 other:0 none:6,1,61–100%,1,0.83,r:0 g:0 b:0 other:0 none:6
L,phone,0.1,420,6,0.5,19–81%,0.5,0.5,r:0 g:0 b:0 other:0 none:6,0.5,19–81%,0.83,0.83,r:0 g:0 b:0 other:0 none:6,1,61–100%,1,0.83,r:0 g:0 b:0 other:0 none:6
L,phone,0.15,444,6,0.5,19–81%,0.5,0.5,r:0 g:0 b:0 other:0 none:6,0.67,30–90%,0.83,0.83,r:0 g:0 b:0 other:0 none:6,1,61–100%,1,1,r:0 g:0 b:0 other:0 none:6
L,phone,0.15,420,6,0.5,19–81%,0.5,0.5,r:0 g:0 b:0 other:0 none:6,0.5,19–81%,0.67,0.83,r:0 g:0 b:0 other:0 none:6,0.5,19–81%,0.83,0.67,r:0 g:0 b:0 other:0 none:6
L,phone,0.2,444,6,0,0–39%,0,0.5,r:0 g:0 b:0 other:0 none:6,0,0–39%,0.11,0.83,r:0 g:0 b:0 other:0 none:6,0,0–39%,0.33,0.83,r:0 g:0 b:0 other:0 none:6
L,phone,0.2,420,6,0,0–39%,0,0.5,r:0 g:0 b:0 other:0 none:6,0,0–39%,0,0.83,r:0 g:0 b:0 other:0 none:6,0,0–39%,0.17,0.83,r:0 g:0 b:0 other:0 none:6
L,phone,0.3,444,6,0,0–39%,0,0.5,r:0 g:0 b:0 other:0 none:6,0,0–39%,0,1,r:0 g:0 b:0 other:0 none:6,0,0–39%,0,0.67,r:0 g:0 b:0 other:0 none:6
L,phone,0.3,420,6,0,0–39%,0,0.5,r:0 g:0 b:0 other:0 none:6,0,0–39%,0,1,r:0 g:0 b:0 other:0 none:6,0,0–39%,0,0.67,r:0 g:0 b:0 other:0 none:6
L,hard,0,444,6,0.5,19–81%,0.5,0.17,r:0 g:0 b:0 other:0 none:6,0.33,10–70%,0.61,0,r:0 g:0 b:0 other:0 none:6,0.5,19–81%,0.72,0.17,r:0 g:0 b:0 other:0 none:6
L,hard,0,420,6,0.5,19–81%,0.5,0.33,r:0 g:0 b:0 other:0 none:6,0.33,10–70%,0.61,0,r:0 g:0 b:0 other:0 none:6,0.67,30–90%,0.83,0.33,r:0 g:0 b:0 other:0 none:6
L,hard,0.05,444,6,0.5,19–81%,0.5,0.17,r:0 g:0 b:0 other:0 none:6,0.33,10–70%,0.5,0,r:0 g:0 b:0 other:0 none:6,0.67,30–90%,0.89,0.33,r:0 g:0 b:0 other:0 none:6
L,hard,0.05,420,6,0,0–39%,0.28,0.17,r:0 g:0 b:0 other:0 none:6,0,0–39%,0.39,0,r:0 g:0 b:0 other:0 none:6,0.5,19–81%,0.72,0.33,r:0 g:0 b:0 other:0 none:6
L,hard,0.1,444,6,0.17,3–56%,0.33,0.17,r:0 g:0 b:0 other:0 none:6,0,0–39%,0.39,0,r:0 g:0 b:0 other:0 none:6,0.5,19–81%,0.67,0.33,r:0 g:0 b:0 other:0 none:6
L,hard,0.1,420,6,0,0–39%,0.17,0.33,r:0 g:0 b:0 other:0 none:6,0,0–39%,0.17,0,r:0 g:0 b:0 other:0 none:6,0,0–39%,0.17,0.33,r:0 g:0 b:0 other:0 none:6
L,hard,0.15,444,6,0,0–39%,0,0.17,r:0 g:0 b:0 other:0 none:6,0,0–39%,0,0,r:0 g:0 b:0 other:0 none:6,0,0–39%,0.11,0.33,r:0 g:0 b:0 other:0 none:6
L,hard,0.15,420,6,0,0–39%,0,0.33,r:0 g:0 b:0 other:0 none:6,0,0–39%,0,0,r:0 g:0 b:0 other:0 none:6,0,0–39%,0,0.33,r:0 g:0 b:0 other:0 none:6
L,hard,0.2,444,6,0,0–39%,0,0.17,r:0 g:0 b:0 other:0 none:6,0,0–39%,0,0,r:0 g:0 b:0 other:0 none:6,0,0–39%,0,0.17,r:0 g:0 b:0 other:0 none:6
L,hard,0.2,420,6,0,0–39%,0,0.17,r:0 g:0 b:0 other:0 none:6,0,0–39%,0,0,r:0 g:0 b:0 other:0 none:6,0,0–39%,0,0.33,r:0 g:0 b:0 other:0 none:6
L,hard,0.3,444,6,0,0–39%,0,0.17,r:0 g:0 b:0 other:0 none:6,0,0–39%,0,0,r:0 g:0 b:0 other:0 none:6,0,0–39%,0,0.5,r:0 g:0 b:0 other:0 none:6
L,hard,0.3,420,6,0,0–39%,0,0.17,r:0 g:0 b:0 other:0 none:6,0,0–39%,0,0,r:0 g:0 b:0 other:0 none:6,0,0–39%,0,0.5,r:0 g:0 b:0 other:0 none:6
M,front,0,raw,6,1,61–100%,1,1,r:0 g:6 b:0 other:0 none:0,1,61–100%,1,1,r:0 g:6 b:0 other:0 none:0,1,61–100%,1,1,r:0 g:6 b:0 other:0 none:0
M,front,0,444,6,1,61–100%,1,1,r:0 g:6 b:0 other:0 none:0,1,61–100%,1,1,r:0 g:6 b:0 other:0 none:0,1,61–100%,1,1,r:0 g:6 b:0 other:0 none:0
M,front,0,420,6,1,61–100%,1,1,r:0 g:6 b:0 other:0 none:0,1,61–100%,1,1,r:0 g:6 b:0 other:0 none:0,1,61–100%,1,1,r:0 g:6 b:0 other:0 none:0
M,front,0.05,raw,6,1,61–100%,1,1,r:0 g:6 b:0 other:0 none:0,1,61–100%,1,1,r:0 g:0 b:0 other:0 none:6,1,61–100%,1,1,r:0 g:6 b:0 other:0 none:0
M,front,0.05,444,6,1,61–100%,1,1,r:0 g:6 b:0 other:0 none:0,1,61–100%,1,1,r:0 g:0 b:0 other:0 none:6,1,61–100%,1,1,r:0 g:5 b:0 other:0 none:1
M,front,0.05,420,6,1,61–100%,1,1,r:0 g:6 b:0 other:0 none:0,1,61–100%,1,1,r:0 g:0 b:0 other:0 none:6,1,61–100%,1,1,r:0 g:6 b:0 other:0 none:0
M,front,0.1,raw,6,1,61–100%,1,1,r:0 g:6 b:0 other:0 none:0,1,61–100%,1,1,r:0 g:0 b:0 other:0 none:6,1,61–100%,1,1,r:0 g:0 b:0 other:0 none:6
M,front,0.1,444,6,1,61–100%,1,1,r:0 g:6 b:0 other:0 none:0,1,61–100%,1,1,r:0 g:0 b:0 other:0 none:6,1,61–100%,1,1,r:0 g:0 b:0 other:0 none:6
M,front,0.1,420,6,1,61–100%,1,1,r:0 g:6 b:0 other:0 none:0,1,61–100%,1,1,r:0 g:0 b:0 other:0 none:6,1,61–100%,1,1,r:0 g:0 b:0 other:0 none:6
M,front,0.15,raw,6,1,61–100%,1,1,r:0 g:0 b:0 other:0 none:6,1,61–100%,1,1,r:0 g:0 b:0 other:0 none:6,1,61–100%,1,1,r:0 g:0 b:0 other:0 none:6
M,front,0.15,444,6,1,61–100%,1,1,r:0 g:0 b:0 other:0 none:6,1,61–100%,1,1,r:0 g:0 b:0 other:0 none:6,1,61–100%,1,1,r:0 g:0 b:0 other:0 none:6
M,front,0.15,420,6,1,61–100%,1,1,r:0 g:0 b:0 other:0 none:6,1,61–100%,1,1,r:0 g:0 b:0 other:0 none:6,1,61–100%,1,1,r:0 g:0 b:0 other:0 none:6
M,front,0.2,raw,6,1,61–100%,1,1,r:0 g:0 b:0 other:0 none:6,1,61–100%,1,1,r:0 g:0 b:0 other:0 none:6,1,61–100%,1,1,r:0 g:0 b:0 other:0 none:6
M,front,0.2,444,6,0.5,19–81%,0.78,1,r:0 g:0 b:0 other:0 none:6,1,61–100%,1,1,r:0 g:0 b:0 other:0 none:6,1,61–100%,1,1,r:0 g:0 b:0 other:0 none:6
M,front,0.2,420,6,0.83,44–97%,0.94,1,r:0 g:0 b:0 other:0 none:6,0.83,44–97%,0.94,1,r:0 g:0 b:0 other:0 none:6,1,61–100%,1,1,r:0 g:0 b:0 other:0 none:6
M,front,0.3,raw,6,0,0–39%,0,1,r:0 g:0 b:0 other:0 none:6,0,0–39%,0,1,r:0 g:0 b:0 other:0 none:6,0,0–39%,0,1,r:0 g:0 b:0 other:0 none:6
M,front,0.3,444,6,0,0–39%,0,1,r:0 g:0 b:0 other:0 none:6,0,0–39%,0,1,r:0 g:0 b:0 other:0 none:6,0,0–39%,0,1,r:0 g:0 b:0 other:0 none:6
M,front,0.3,420,6,0,0–39%,0,1,r:0 g:0 b:0 other:0 none:6,0,0–39%,0,1,r:0 g:0 b:0 other:0 none:6,0,0–39%,0,1,r:0 g:0 b:0 other:0 none:6
M,phone,0,444,6,0.5,19–81%,0.5,0.5,r:0 g:3 b:0 other:0 none:3,0.83,44–97%,0.94,1,r:0 g:6 b:0 other:0 none:0,1,61–100%,1,0.83,r:0 g:6 b:0 other:0 none:0
M,phone,0,420,6,0.5,19–81%,0.5,0.5,r:0 g:3 b:0 other:0 none:3,0.83,44–97%,0.94,1,r:0 g:6 b:0 other:0 none:0,1,61–100%,1,1,r:0 g:6 b:0 other:0 none:0
M,phone,0.05,444,6,0.5,19–81%,0.5,0.5,r:0 g:3 b:0 other:0 none:3,0.83,44–97%,0.94,1,r:0 g:0 b:0 other:0 none:6,1,61–100%,1,0.83,r:0 g:2 b:0 other:0 none:4
M,phone,0.05,420,6,0.5,19–81%,0.5,0.5,r:0 g:3 b:0 other:0 none:3,0.83,44–97%,0.94,1,r:0 g:0 b:0 other:0 none:6,1,61–100%,1,1,r:0 g:3 b:0 other:0 none:3
M,phone,0.1,444,6,0.5,19–81%,0.5,0.5,r:0 g:3 b:0 other:0 none:3,0.83,44–97%,0.94,1,r:0 g:0 b:0 other:0 none:6,1,61–100%,1,0.83,r:0 g:0 b:0 other:0 none:6
M,phone,0.1,420,6,0.5,19–81%,0.56,0.5,r:0 g:3 b:0 other:0 none:3,0.83,44–97%,0.94,1,r:0 g:0 b:0 other:0 none:6,1,61–100%,1,1,r:0 g:0 b:0 other:0 none:6
M,phone,0.15,444,6,0.5,19–81%,0.5,0.5,r:0 g:0 b:0 other:0 none:6,1,61–100%,1,1,r:0 g:0 b:0 other:0 none:6,1,61–100%,1,1,r:0 g:0 b:0 other:0 none:6
M,phone,0.15,420,6,0.5,19–81%,0.56,0.5,r:0 g:0 b:0 other:0 none:6,1,61–100%,1,1,r:0 g:0 b:0 other:0 none:6,1,61–100%,1,1,r:0 g:0 b:0 other:0 none:6
M,phone,0.2,444,6,0.33,10–70%,0.44,0.5,r:0 g:0 b:0 other:0 none:6,0,0–39%,0.5,1,r:0 g:0 b:0 other:0 none:6,0.5,19–81%,0.83,1,r:0 g:0 b:0 other:0 none:6
M,phone,0.2,420,6,0,0–39%,0.17,0.5,r:0 g:0 b:0 other:0 none:6,0,0–39%,0.22,1,r:0 g:0 b:0 other:0 none:6,0,0–39%,0.33,1,r:0 g:0 b:0 other:0 none:6
M,phone,0.3,444,6,0,0–39%,0,0.5,r:0 g:0 b:0 other:0 none:6,0,0–39%,0,1,r:0 g:0 b:0 other:0 none:6,0,0–39%,0,1,r:0 g:0 b:0 other:0 none:6
M,phone,0.3,420,6,0,0–39%,0,0.5,r:0 g:0 b:0 other:0 none:6,0,0–39%,0,1,r:0 g:0 b:0 other:0 none:6,0,0–39%,0,1,r:0 g:0 b:0 other:0 none:6
M,hard,0,444,6,0.5,19–81%,0.5,0.5,r:0 g:3 b:0 other:0 none:3,0.33,10–70%,0.56,0.17,r:0 g:0 b:0 other:0 none:6,0.83,44–97%,0.89,0.5,r:0 g:0 b:0 other:0 none:6
M,hard,0,420,6,0.5,19–81%,0.5,0.5,r:0 g:3 b:0 other:0 none:3,0.17,3–56%,0.5,0.17,r:0 g:0 b:0 other:0 none:6,0.67,30–90%,0.89,0.67,r:0 g:0 b:0 other:0 none:6
M,hard,0.05,444,6,0.5,19–81%,0.5,0.5,r:0 g:2 b:0 other:0 none:4,0.33,10–70%,0.56,0.17,r:0 g:0 b:0 other:0 none:6,0.83,44–97%,0.94,0.5,r:0 g:0 b:0 other:0 none:6
M,hard,0.05,420,6,0.17,3–56%,0.39,0.5,r:0 g:0 b:0 other:0 none:6,0.17,3–56%,0.28,0.17,r:0 g:0 b:0 other:0 none:6,0.67,30–90%,0.83,0.5,r:0 g:0 b:0 other:0 none:6
M,hard,0.1,444,6,0.5,19–81%,0.5,0.5,r:0 g:0 b:0 other:0 none:6,0.17,3–56%,0.33,0.17,r:0 g:0 b:0 other:0 none:6,0.83,44–97%,0.94,0.5,r:0 g:0 b:0 other:0 none:6
M,hard,0.1,420,6,0,0–39%,0.22,0.5,r:0 g:0 b:0 other:0 none:6,0,0–39%,0.11,0.17,r:0 g:0 b:0 other:0 none:6,0,0–39%,0.5,0.5,r:0 g:0 b:0 other:0 none:6
M,hard,0.15,444,6,0,0–39%,0.11,0.5,r:0 g:0 b:0 other:0 none:6,0,0–39%,0.11,0.17,r:0 g:0 b:0 other:0 none:6,0,0–39%,0.5,0.5,r:0 g:0 b:0 other:0 none:6
M,hard,0.15,420,6,0,0–39%,0,0.5,r:0 g:0 b:0 other:0 none:6,0,0–39%,0,0.17,r:0 g:0 b:0 other:0 none:6,0,0–39%,0.17,0.5,r:0 g:0 b:0 other:0 none:6
M,hard,0.2,444,6,0,0–39%,0,0.5,r:0 g:0 b:0 other:0 none:6,0,0–39%,0,0.17,r:0 g:0 b:0 other:0 none:6,0,0–39%,0,0.5,r:0 g:0 b:0 other:0 none:6
M,hard,0.2,420,6,0,0–39%,0,0.5,r:0 g:0 b:0 other:0 none:6,0,0–39%,0,0.17,r:0 g:0 b:0 other:0 none:6,0,0–39%,0,0.67,r:0 g:0 b:0 other:0 none:6
M,hard,0.3,444,6,0,0–39%,0,0.5,r:0 g:0 b:0 other:0 none:6,0,0–39%,0,0.17,r:0 g:0 b:0 other:0 none:6,0,0–39%,0,0.67,r:0 g:0 b:0 other:0 none:6
M,hard,0.3,420,6,0,0–39%,0,0.5,r:0 g:0 b:0 other:0 none:6,0,0–39%,0,0.17,r:0 g:0 b:0 other:0 none:6,0,0–39%,0,0.67,r:0 g:0 b:0 other:0 none:6
Q,front,0,raw,6,1,61–100%,1,0.83,r:0 g:6 b:0 other:0 none:0,1,61–100%,1,0.67,r:0 g:6 b:0 other:0 none:0,1,61–100%,1,1,r:0 g:6 b:0 other:0 none:0
Q,front,0,444,6,1,61–100%,1,0.83,r:0 g:6 b:0 other:0 none:0,1,61–100%,1,0.5,r:0 g:6 b:0 other:0 none:0,1,61–100%,1,1,r:0 g:6 b:0 other:0 none:0
Q,front,0,420,6,1,61–100%,1,0.83,r:0 g:6 b:0 other:0 none:0,1,61–100%,1,0.5,r:0 g:6 b:0 other:0 none:0,1,61–100%,1,1,r:0 g:6 b:0 other:0 none:0
Q,front,0.05,raw,6,1,61–100%,1,0.83,r:0 g:6 b:0 other:0 none:0,1,61–100%,1,0.67,r:0 g:3 b:0 other:0 none:3,1,61–100%,1,1,r:0 g:6 b:0 other:0 none:0
Q,front,0.05,444,6,1,61–100%,1,0.83,r:0 g:6 b:0 other:0 none:0,0.67,30–90%,0.89,0.5,r:0 g:2 b:0 other:0 none:4,1,61–100%,1,1,r:0 g:6 b:0 other:0 none:0
Q,front,0.05,420,6,1,61–100%,1,0.83,r:0 g:6 b:0 other:0 none:0,1,61–100%,1,0.5,r:0 g:2 b:0 other:0 none:4,1,61–100%,1,1,r:0 g:5 b:0 other:0 none:1
Q,front,0.1,raw,6,1,61–100%,1,0.83,r:0 g:6 b:0 other:0 none:0,1,61–100%,1,0.67,r:0 g:0 b:0 other:0 none:6,1,61–100%,1,1,r:0 g:2 b:0 other:0 none:4
Q,front,0.1,444,6,1,61–100%,1,0.83,r:0 g:6 b:0 other:0 none:0,0.83,44–97%,0.94,0.5,r:0 g:0 b:0 other:0 none:6,1,61–100%,1,1,r:0 g:2 b:0 other:0 none:4
Q,front,0.1,420,6,1,61–100%,1,0.83,r:0 g:6 b:0 other:0 none:0,1,61–100%,1,0.5,r:0 g:0 b:0 other:0 none:6,1,61–100%,1,1,r:0 g:3 b:0 other:0 none:3
Q,front,0.15,raw,6,1,61–100%,1,0.83,r:0 g:0 b:0 other:0 none:6,1,61–100%,1,0.67,r:0 g:0 b:0 other:0 none:6,1,61–100%,1,1,r:0 g:0 b:0 other:0 none:6
Q,front,0.15,444,6,1,61–100%,1,0.83,r:0 g:0 b:0 other:0 none:6,1,61–100%,1,0.5,r:0 g:0 b:0 other:0 none:6,1,61–100%,1,1,r:0 g:0 b:0 other:0 none:6
Q,front,0.15,420,6,1,61–100%,1,0.83,r:0 g:0 b:0 other:0 none:6,0.83,44–97%,0.94,0.5,r:0 g:0 b:0 other:0 none:6,1,61–100%,1,1,r:0 g:0 b:0 other:0 none:6
Q,front,0.2,raw,6,0.67,30–90%,0.89,0.83,r:0 g:0 b:0 other:0 none:6,0.83,44–97%,0.94,0.67,r:0 g:0 b:0 other:0 none:6,1,61–100%,1,1,r:0 g:0 b:0 other:0 none:6
Q,front,0.2,444,6,0.83,44–97%,0.94,0.83,r:0 g:0 b:0 other:0 none:6,0.67,30–90%,0.89,0.67,r:0 g:0 b:0 other:0 none:6,1,61–100%,1,1,r:0 g:0 b:0 other:0 none:6
Q,front,0.2,420,6,0.67,30–90%,0.83,0.83,r:0 g:0 b:0 other:0 none:6,0.33,10–70%,0.78,0.67,r:0 g:0 b:0 other:0 none:6,1,61–100%,1,1,r:0 g:0 b:0 other:0 none:6
Q,front,0.3,raw,6,0,0–39%,0,0.83,r:0 g:0 b:0 other:0 none:6,0,0–39%,0,0.67,r:0 g:0 b:0 other:0 none:6,0,0–39%,0,1,r:0 g:0 b:0 other:0 none:6
Q,front,0.3,444,6,0,0–39%,0,0.83,r:0 g:0 b:0 other:0 none:6,0,0–39%,0,0.5,r:0 g:0 b:0 other:0 none:6,0,0–39%,0,1,r:0 g:0 b:0 other:0 none:6
Q,front,0.3,420,6,0,0–39%,0,0.83,r:0 g:0 b:0 other:0 none:6,0,0–39%,0,0.5,r:0 g:0 b:0 other:0 none:6,0,0–39%,0,1,r:0 g:0 b:0 other:0 none:6
Q,phone,0,444,6,1,61–100%,1,1,r:0 g:6 b:0 other:0 none:0,0.83,44–97%,0.94,1,r:0 g:6 b:0 other:0 none:0,1,61–100%,1,1,r:0 g:6 b:0 other:0 none:0
Q,phone,0,420,6,1,61–100%,1,1,r:0 g:6 b:0 other:0 none:0,1,61–100%,1,1,r:0 g:6 b:0 other:0 none:0,1,61–100%,1,1,r:0 g:6 b:0 other:0 none:0
Q,phone,0.05,444,6,1,61–100%,1,1,r:0 g:6 b:0 other:0 none:0,0.83,44–97%,0.94,1,r:0 g:3 b:0 other:0 none:3,1,61–100%,1,1,r:0 g:4 b:0 other:0 none:2
Q,phone,0.05,420,6,1,61–100%,1,1,r:0 g:6 b:0 other:0 none:0,0.83,44–97%,0.94,1,r:0 g:3 b:0 other:0 none:3,1,61–100%,1,1,r:0 g:4 b:0 other:0 none:2
Q,phone,0.1,444,6,1,61–100%,1,1,r:0 g:6 b:0 other:0 none:0,0.83,44–97%,0.94,1,r:0 g:0 b:0 other:0 none:6,1,61–100%,1,1,r:0 g:1 b:0 other:0 none:5
Q,phone,0.1,420,6,1,61–100%,1,1,r:0 g:6 b:0 other:0 none:0,0.83,44–97%,0.94,1,r:0 g:0 b:0 other:0 none:6,1,61–100%,1,1,r:0 g:0 b:0 other:0 none:6
Q,phone,0.15,444,6,1,61–100%,1,1,r:0 g:3 b:0 other:0 none:3,0.83,44–97%,0.94,1,r:0 g:0 b:0 other:0 none:6,1,61–100%,1,1,r:0 g:0 b:0 other:0 none:6
Q,phone,0.15,420,6,1,61–100%,1,1,r:0 g:2 b:0 other:0 none:4,0.83,44–97%,0.94,1,r:0 g:0 b:0 other:0 none:6,1,61–100%,1,1,r:0 g:0 b:0 other:0 none:6
Q,phone,0.2,444,6,0.67,30–90%,0.89,1,r:0 g:0 b:0 other:0 none:6,0.5,19–81%,0.78,1,r:0 g:0 b:0 other:0 none:6,1,61–100%,1,1,r:0 g:0 b:0 other:0 none:6
Q,phone,0.2,420,6,0,0–39%,0.56,1,r:0 g:0 b:0 other:0 none:6,0,0–39%,0.39,1,r:0 g:0 b:0 other:0 none:6,0,0–39%,0.61,1,r:0 g:0 b:0 other:0 none:6
Q,phone,0.3,444,6,0,0–39%,0,1,r:0 g:0 b:0 other:0 none:6,0,0–39%,0,1,r:0 g:0 b:0 other:0 none:6,0,0–39%,0,1,r:0 g:0 b:0 other:0 none:6
Q,phone,0.3,420,6,0,0–39%,0,1,r:0 g:0 b:0 other:0 none:6,0,0–39%,0,1,r:0 g:0 b:0 other:0 none:6,0,0–39%,0,1,r:0 g:0 b:0 other:0 none:6
Q,hard,0,444,6,1,61–100%,1,1,r:0 g:6 b:0 other:0 none:0,0.17,3–56%,0.39,0.17,r:0 g:1 b:0 other:0 none:5,1,61–100%,1,1,r:0 g:2 b:0 other:0 none:4
Q,hard,0,420,6,1,61–100%,1,1,r:0 g:6 b:0 other:0 none:0,0.33,10–70%,0.44,0.17,r:0 g:1 b:0 other:0 none:5,1,61–100%,1,1,r:0 g:4 b:0 other:0 none:2
Q,hard,0.05,444,6,1,61–100%,1,1,r:0 g:5 b:0 other:0 none:1,0.33,10–70%,0.44,0.17,r:0 g:0 b:0 other:0 none:6,1,61–100%,1,1,r:0 g:0 b:0 other:0 none:6
Q,hard,0.05,420,6,1,61–100%,1,1,r:0 g:5 b:0 other:0 none:1,0.33,10–70%,0.44,0.17,r:0 g:0 b:0 other:0 none:6,1,61–100%,1,1,r:0 g:0 b:0 other:0 none:6
Q,hard,0.1,444,6,0.83,44–97%,0.94,1,r:0 g:3 b:0 other:0 none:3,0.33,10–70%,0.33,0.17,r:0 g:0 b:0 other:0 none:6,1,61–100%,1,1,r:0 g:0 b:0 other:0 none:6
Q,hard,0.1,420,6,0.17,3–56%,0.72,1,r:0 g:0 b:0 other:0 none:6,0,0–39%,0.28,0.17,r:0 g:0 b:0 other:0 none:6,0.83,44–97%,0.94,1,r:0 g:0 b:0 other:0 none:6
Q,hard,0.15,444,6,0,0–39%,0.56,1,r:0 g:0 b:0 other:0 none:6,0,0–39%,0.22,0.17,r:0 g:0 b:0 other:0 none:6,0.5,19–81%,0.83,1,r:0 g:0 b:0 other:0 none:6
Q,hard,0.15,420,6,0,0–39%,0.39,1,r:0 g:0 b:0 other:0 none:6,0,0–39%,0.22,0.33,r:0 g:0 b:0 other:0 none:6,0,0–39%,0.61,1,r:0 g:0 b:0 other:0 none:6
Q,hard,0.2,444,6,0,0–39%,0,1,r:0 g:0 b:0 other:0 none:6,0,0–39%,0,0.17,r:0 g:0 b:0 other:0 none:6,0,0–39%,0.17,1,r:0 g:0 b:0 other:0 none:6
Q,hard,0.2,420,6,0,0–39%,0,1,r:0 g:0 b:0 other:0 none:6,0,0–39%,0,0,r:0 g:0 b:0 other:0 none:6,0,0–39%,0.06,1,r:0 g:0 b:0 other:0 none:6
Q,hard,0.3,444,6,0,0–39%,0,1,r:0 g:0 b:0 other:0 none:6,0,0–39%,0,0.17,r:0 g:0 b:0 other:0 none:6,0,0–39%,0,1,r:0 g:0 b:0 other:0 none:6
Q,hard,0.3,420,6,0,0–39%,0,1,r:0 g:0 b:0 other:0 none:6,0,0–39%,0,0.17,r:0 g:0 b:0 other:0 none:6,0,0–39%,0,1,r:0 g:0 b:0 other:0 none:6
H,front,0,raw,6,1,61–100%,1,1,r:0 g:6 b:0 other:0 none:0,0,0–39%,0.67,1,r:0 g:6 b:0 other:0 none:0,1,61–100%,1,1,r:0 g:6 b:0 other:0 none:0
H,front,0,444,6,1,61–100%,1,1,r:0 g:6 b:0 other:0 none:0,0.17,3–56%,0.72,1,r:0 g:6 b:0 other:0 none:0,1,61–100%,1,1,r:0 g:6 b:0 other:0 none:0
H,front,0,420,6,0.83,44–97%,0.94,1,r:0 g:6 b:0 other:0 none:0,1,61–100%,1,1,r:0 g:6 b:0 other:0 none:0,1,61–100%,1,1,r:0 g:6 b:0 other:0 none:0
H,front,0.05,raw,6,1,61–100%,1,1,r:0 g:6 b:0 other:0 none:0,0,0–39%,0.67,1,r:0 g:2 b:0 other:0 none:4,1,61–100%,1,1,r:0 g:6 b:0 other:0 none:0
H,front,0.05,444,6,1,61–100%,1,1,r:0 g:6 b:0 other:0 none:0,0.17,3–56%,0.72,1,r:0 g:4 b:0 other:0 none:2,1,61–100%,1,1,r:0 g:6 b:0 other:0 none:0
H,front,0.05,420,6,0.83,44–97%,0.94,1,r:0 g:6 b:0 other:0 none:0,0.83,44–97%,0.94,1,r:0 g:5 b:0 other:0 none:1,1,61–100%,1,1,r:0 g:6 b:0 other:0 none:0
H,front,0.1,raw,6,1,61–100%,1,1,r:0 g:6 b:0 other:0 none:0,0.17,3–56%,0.72,1,r:0 g:0 b:0 other:0 none:6,1,61–100%,1,1,r:0 g:1 b:0 other:0 none:5
H,front,0.1,444,6,1,61–100%,1,1,r:0 g:6 b:0 other:0 none:0,0.33,10–70%,0.78,1,r:0 g:0 b:0 other:0 none:6,1,61–100%,1,1,r:0 g:2 b:0 other:0 none:4
H,front,0.1,420,6,1,61–100%,1,1,r:0 g:6 b:0 other:0 none:0,1,61–100%,1,1,r:0 g:0 b:0 other:0 none:6,1,61–100%,1,1,r:0 g:2 b:0 other:0 none:4
H,front,0.15,raw,6,1,61–100%,1,1,r:0 g:0 b:0 other:0 none:6,0.33,10–70%,0.78,1,r:0 g:0 b:0 other:0 none:6,1,61–100%,1,1,r:0 g:0 b:0 other:0 none:6
H,front,0.15,444,6,1,61–100%,1,1,r:0 g:0 b:0 other:0 none:6,0.33,10–70%,0.78,1,r:0 g:0 b:0 other:0 none:6,1,61–100%,1,1,r:0 g:0 b:0 other:0 none:6
H,front,0.15,420,6,1,61–100%,1,1,r:0 g:0 b:0 other:0 none:6,1,61–100%,1,1,r:0 g:0 b:0 other:0 none:6,1,61–100%,1,1,r:0 g:0 b:0 other:0 none:6
H,front,0.2,raw,6,1,61–100%,1,1,r:0 g:0 b:0 other:0 none:6,0.83,44–97%,0.94,1,r:0 g:0 b:0 other:0 none:6,1,61–100%,1,1,r:0 g:0 b:0 other:0 none:6
H,front,0.2,444,6,0.67,30–90%,0.89,1,r:0 g:0 b:0 other:0 none:6,0.83,44–97%,0.94,1,r:0 g:0 b:0 other:0 none:6,1,61–100%,1,1,r:0 g:0 b:0 other:0 none:6
H,front,0.2,420,6,0.5,19–81%,0.83,1,r:0 g:0 b:0 other:0 none:6,0.83,44–97%,0.94,1,r:0 g:0 b:0 other:0 none:6,1,61–100%,1,1,r:0 g:0 b:0 other:0 none:6
H,front,0.3,raw,6,0,0–39%,0,1,r:0 g:0 b:0 other:0 none:6,0,0–39%,0,1,r:0 g:0 b:0 other:0 none:6,0,0–39%,0,1,r:0 g:0 b:0 other:0 none:6
H,front,0.3,444,6,0,0–39%,0,1,r:0 g:0 b:0 other:0 none:6,0,0–39%,0,1,r:0 g:0 b:0 other:0 none:6,0,0–39%,0,1,r:0 g:0 b:0 other:0 none:6
H,front,0.3,420,6,0,0–39%,0,1,r:0 g:0 b:0 other:0 none:6,0,0–39%,0,1,r:0 g:0 b:0 other:0 none:6,0,0–39%,0,1,r:0 g:0 b:0 other:0 none:6
H,phone,0,444,6,1,61–100%,1,0.83,r:0 g:6 b:0 other:0 none:0,1,61–100%,1,0.67,r:0 g:6 b:0 other:0 none:0,1,61–100%,1,1,r:0 g:6 b:0 other:0 none:0
H,phone,0,420,6,1,61–100%,1,0.5,r:0 g:6 b:0 other:0 none:0,1,61–100%,1,0.67,r:0 g:6 b:0 other:0 none:0,1,61–100%,1,1,r:0 g:6 b:0 other:0 none:0
H,phone,0.05,444,6,1,61–100%,1,0.67,r:0 g:6 b:0 other:0 none:0,1,61–100%,1,0.67,r:0 g:3 b:0 other:0 none:3,1,61–100%,1,1,r:0 g:6 b:0 other:0 none:0
H,phone,0.05,420,6,1,61–100%,1,0.67,r:0 g:6 b:0 other:0 none:0,0.83,44–97%,0.94,0.67,r:0 g:3 b:0 other:0 none:3,1,61–100%,1,1,r:0 g:6 b:0 other:0 none:0
H,phone,0.1,444,6,1,61–100%,1,0.83,r:0 g:6 b:0 other:0 none:0,0.83,44–97%,0.94,0.67,r:0 g:0 b:0 other:0 none:6,1,61–100%,1,1,r:0 g:0 b:0 other:0 none:6
H,phone,0.1,420,6,0.83,44–97%,0.94,0.83,r:0 g:6 b:0 other:0 none:0,1,61–100%,1,0.67,r:0 g:0 b:0 other:0 none:6,1,61–100%,1,1,r:0 g:0 b:0 other:0 none:6
H,phone,0.15,444,6,1,61–100%,1,0.83,r:0 g:3 b:0 other:0 none:3,1,61–100%,1,0.67,r:0 g:0 b:0 other:0 none:6,1,61–100%,1,1,r:0 g:0 b:0 other:0 none:6
H,phone,0.15,420,6,0.83,44–97%,0.94,0.83,r:0 g:3 b:0 other:0 none:3,1,61–100%,1,0.67,r:0 g:0 b:0 other:0 none:6,1,61–100%,1,1,r:0 g:0 b:0 other:0 none:6
H,phone,0.2,444,6,0.5,19–81%,0.83,0.83,r:0 g:0 b:0 other:0 none:6,0.5,19–81%,0.83,0.67,r:0 g:0 b:0 other:0 none:6,0.5,19–81%,0.83,1,r:0 g:0 b:0 other:0 none:6
H,phone,0.2,420,6,0.33,10–70%,0.78,0.83,r:0 g:0 b:0 other:0 none:6,0,0–39%,0.67,0.67,r:0 g:0 b:0 other:0 none:6,0.33,10–70%,0.78,1,r:0 g:0 b:0 other:0 none:6
H,phone,0.3,444,6,0,0–39%,0,0.67,r:0 g:0 b:0 other:0 none:6,0,0–39%,0,0.67,r:0 g:0 b:0 other:0 none:6,0,0–39%,0,1,r:0 g:0 b:0 other:0 none:6
H,phone,0.3,420,6,0,0–39%,0,0.67,r:0 g:0 b:0 other:0 none:6,0,0–39%,0,0.67,r:0 g:0 b:0 other:0 none:6,0,0–39%,0,1,r:0 g:0 b:0 other:0 none:6
H,hard,0,444,6,0.5,19–81%,0.61,0.67,r:0 g:3 b:0 other:0 none:3,0,0–39%,0,0,r:0 g:0 b:0 other:0 none:6,1,61–100%,1,1,r:0 g:5 b:0 other:0 none:1
H,hard,0,420,6,0.5,19–81%,0.61,0.67,r:0 g:3 b:0 other:0 none:3,0.17,3–56%,0.17,0,r:0 g:1 b:0 other:0 none:5,1,61–100%,1,0.83,r:0 g:4 b:0 other:0 none:2
H,hard,0.05,444,6,0.5,19–81%,0.61,0.67,r:0 g:4 b:0 other:0 none:2,0,0–39%,0,0,r:0 g:0 b:0 other:0 none:6,1,61–100%,1,1,r:0 g:3 b:0 other:0 none:3
H,hard,0.05,420,6,0.33,10–70%,0.56,0.67,r:0 g:3 b:0 other:0 none:3,0,0–39%,0.11,0,r:0 g:1 b:0 other:0 none:5,0.83,44–97%,0.94,1,r:0 g:3 b:0 other:0 none:3
H,hard,0.1,444,6,0.5,19–81%,0.61,0.67,r:0 g:1 b:0 other:0 none:5,0.17,3–56%,0.17,0.17,r:0 g:0 b:0 other:0 none:6,1,61–100%,1,1,r:0 g:0 b:0 other:0 none:6
H,hard,0.1,420,6,0.33,10–70%,0.56,0.83,r:0 g:2 b:0 other:0 none:4,0,0–39%,0.11,0.17,r:0 g:0 b:0 other:0 none:6,0.5,19–81%,0.83,1,r:0 g:0 b:0 other:0 none:6
H,hard,0.15,444,6,0.17,3–56%,0.44,0.67,r:0 g:1 b:0 other:0 none:5,0,0–39%,0.11,0,r:0 g:0 b:0 other:0 none:6,0.5,19–81%,0.83,1,r:0 g:0 b:0 other:0 none:6
H,hard,0.15,420,6,0,0–39%,0.39,0.67,r:0 g:1 b:0 other:0 none:5,0,0–39%,0,0,r:0 g:0 b:0 other:0 none:6,0,0–39%,0.61,1,r:0 g:0 b:0 other:0 none:6
H,hard,0.2,444,6,0,0–39%,0.06,0.67,r:0 g:0 b:0 other:0 none:6,0,0–39%,0.06,0,r:0 g:0 b:0 other:0 none:6,0,0–39%,0.22,1,r:0 g:0 b:0 other:0 none:6
H,hard,0.2,420,6,0,0–39%,0.06,0.67,r:0 g:0 b:0 other:0 none:6,0,0–39%,0.06,0,r:0 g:0 b:0 other:0 none:6,0,0–39%,0.17,1,r:0 g:0 b:0 other:0 none:6
H,hard,0.3,444,6,0,0–39%,0,0.83,r:0 g:0 b:0 other:0 none:6,0,0–39%,0,0,r:0 g:0 b:0 other:0 none:6,0,0–39%,0,1,r:0 g:0 b:0 other:0 none:6
H,hard,0.3,420,6,0,0–39%,0,0.83,r:0 g:0 b:0 other:0 none:6,0,0–39%,0,0,r:0 g:0 b:0 other:0 none:6,0,0–39%,0,1,r:0 g:0 b:0 other:0 none:6
