shape,level,version,trial,cond,jsqr,zxing,zxingcpp
square,M,4,0,front,1,1,1
square,M,4,0,phone,1,1,1
square,M,4,0,hard,1,0,1
square,M,4,1,front,1,1,1
square,M,4,1,phone,1,1,1
square,M,4,1,hard,1,0,1
square,M,4,2,front,1,1,1
square,M,4,2,phone,1,1,1
square,M,4,2,hard,1,1,1
square,M,4,3,front,1,1,1
square,M,4,3,phone,1,1,1
square,M,4,3,hard,1,0,1
square,M,4,4,front,1,1,1
square,M,4,4,phone,1,1,1
square,M,4,4,hard,1,0,1
square,H,5,0,front,0,0,1
square,H,5,0,phone,1,1,1
square,H,5,0,hard,1,1,1
square,H,5,1,front,1,1,1
square,H,5,1,phone,1,1,1
square,H,5,1,hard,1,0,1
square,H,5,2,front,1,1,1
square,H,5,2,phone,1,1,1
square,H,5,2,hard,1,0,1
square,H,5,3,front,1,0,1
square,H,5,3,phone,1,1,1
square,H,5,3,hard,1,1,1
square,H,5,4,front,1,1,1
square,H,5,4,phone,1,1,1
square,H,5,4,hard,0,0,1
rounded,M,4,0,front,1,1,1
rounded,M,4,0,phone,1,1,1
rounded,M,4,0,hard,1,0,1
rounded,M,4,1,front,1,1,1
rounded,M,4,1,phone,1,1,1
rounded,M,4,1,hard,1,1,1
rounded,M,4,2,front,1,1,1
rounded,M,4,2,phone,1,1,1
rounded,M,4,2,hard,1,1,1
rounded,M,4,3,front,1,1,1
rounded,M,4,3,phone,1,1,1
rounded,M,4,3,hard,1,1,1
rounded,M,4,4,front,1,1,1
rounded,M,4,4,phone,1,1,1
rounded,M,4,4,hard,1,1,1
rounded,H,5,0,front,1,1,1
rounded,H,5,0,phone,1,1,1
rounded,H,5,0,hard,1,1,1
rounded,H,5,1,front,1,1,1
rounded,H,5,1,phone,1,1,1
rounded,H,5,1,hard,1,1,1
rounded,H,5,2,front,1,1,1
rounded,H,5,2,phone,1,1,1
rounded,H,5,2,hard,1,1,1
rounded,H,5,3,front,1,1,1
rounded,H,5,3,phone,1,1,1
rounded,H,5,3,hard,1,1,1
rounded,H,5,4,front,1,1,1
rounded,H,5,4,phone,1,1,1
rounded,H,5,4,hard,1,1,1
dots,M,4,0,front,1,1,1
dots,M,4,0,phone,1,1,1
dots,M,4,0,hard,1,1,1
dots,M,4,1,front,1,1,1
dots,M,4,1,phone,1,1,1
dots,M,4,1,hard,1,1,1
dots,M,4,2,front,1,1,1
dots,M,4,2,phone,1,1,1
dots,M,4,2,hard,1,1,1
dots,M,4,3,front,1,1,1
dots,M,4,3,phone,1,1,1
dots,M,4,3,hard,1,1,1
dots,M,4,4,front,1,1,1
dots,M,4,4,phone,1,1,1
dots,M,4,4,hard,1,1,1
dots,H,5,0,front,1,1,1
dots,H,5,0,phone,1,1,1
dots,H,5,0,hard,1,1,1
dots,H,5,1,front,1,1,1
dots,H,5,1,phone,1,1,1
dots,H,5,1,hard,1,1,1
dots,H,5,2,front,1,1,1
dots,H,5,2,phone,1,1,1
dots,H,5,2,hard,1,1,1
dots,H,5,3,front,1,1,1
dots,H,5,3,phone,1,1,1
dots,H,5,3,hard,1,1,1
dots,H,5,4,front,1,1,1
dots,H,5,4,phone,1,1,1
dots,H,5,4,hard,1,1,1
dots-eyes,M,4,0,front,1,1,1
dots-eyes,M,4,0,phone,1,1,1
dots-eyes,M,4,0,hard,1,0,1
dots-eyes,M,4,1,front,1,1,1
dots-eyes,M,4,1,phone,1,1,1
dots-eyes,M,4,1,hard,0,0,1
dots-eyes,M,4,2,front,0,1,1
dots-eyes,M,4,2,phone,1,1,1
dots-eyes,M,4,2,hard,1,1,1
dots-eyes,M,4,3,front,1,1,1
dots-eyes,M,4,3,phone,1,1,1
dots-eyes,M,4,3,hard,0,0,1
dots-eyes,M,4,4,front,1,1,1
dots-eyes,M,4,4,phone,1,1,1
dots-eyes,M,4,4,hard,1,0,1
dots-eyes,H,5,0,front,0,0,1
dots-eyes,H,5,0,phone,1,1,1
dots-eyes,H,5,0,hard,1,1,1
dots-eyes,H,5,1,front,1,1,1
dots-eyes,H,5,1,phone,1,1,1
dots-eyes,H,5,1,hard,1,0,1
dots-eyes,H,5,2,front,1,1,1
dots-eyes,H,5,2,phone,1,1,1
dots-eyes,H,5,2,hard,1,0,1
dots-eyes,H,5,3,front,1,0,1
dots-eyes,H,5,3,phone,1,1,1
dots-eyes,H,5,3,hard,1,1,1
dots-eyes,H,5,4,front,1,1,1
dots-eyes,H,5,4,phone,1,1,1
dots-eyes,H,5,4,hard,0,0,1
round-eyes,M,4,0,front,1,1,1
round-eyes,M,4,0,phone,1,0,1
round-eyes,M,4,0,hard,1,0,1
round-eyes,M,4,1,front,1,1,1
round-eyes,M,4,1,phone,1,1,1
round-eyes,M,4,1,hard,0,0,0
round-eyes,M,4,2,front,1,1,1
round-eyes,M,4,2,phone,1,1,1
round-eyes,M,4,2,hard,0,0,0
round-eyes,M,4,3,front,1,1,1
round-eyes,M,4,3,phone,1,0,1
round-eyes,M,4,3,hard,1,0,1
round-eyes,M,4,4,front,1,1,1
round-eyes,M,4,4,phone,1,1,1
round-eyes,M,4,4,hard,1,0,0
round-eyes,H,5,0,front,1,1,1
round-eyes,H,5,0,phone,1,1,1
round-eyes,H,5,0,hard,1,0,0
round-eyes,H,5,1,front,1,1,1
round-eyes,H,5,1,phone,1,1,1
round-eyes,H,5,1,hard,0,0,0
round-eyes,H,5,2,front,1,1,1
round-eyes,H,5,2,phone,1,0,1
round-eyes,H,5,2,hard,0,0,0
round-eyes,H,5,3,front,1,1,1
round-eyes,H,5,3,phone,1,1,1
round-eyes,H,5,3,hard,0,0,0
round-eyes,H,5,4,front,1,1,1
round-eyes,H,5,4,phone,1,1,1
round-eyes,H,5,4,hard,0,0,0
circle-frame,M,4,0,front,1,1,1
circle-frame,M,4,0,phone,1,1,1
circle-frame,M,4,0,hard,1,1,1
circle-frame,M,4,1,front,1,1,1
circle-frame,M,4,1,phone,1,1,1
circle-frame,M,4,1,hard,1,0,1
circle-frame,M,4,2,front,1,1,1
circle-frame,M,4,2,phone,1,1,1
circle-frame,M,4,2,hard,1,1,1
circle-frame,M,4,3,front,1,1,1
circle-frame,M,4,3,phone,1,1,1
circle-frame,M,4,3,hard,1,0,1
circle-frame,M,4,4,front,1,1,1
circle-frame,M,4,4,phone,1,1,1
circle-frame,M,4,4,hard,1,1,1
circle-frame,H,5,0,front,1,1,1
circle-frame,H,5,0,phone,1,1,1
circle-frame,H,5,0,hard,0,0,1
circle-frame,H,5,1,front,1,1,1
circle-frame,H,5,1,phone,1,1,1
circle-frame,H,5,1,hard,1,0,1
circle-frame,H,5,2,front,1,1,1
circle-frame,H,5,2,phone,1,1,1
circle-frame,H,5,2,hard,1,0,1
circle-frame,H,5,3,front,1,1,1
circle-frame,H,5,3,phone,1,1,1
circle-frame,H,5,3,hard,1,1,1
circle-frame,H,5,4,front,1,1,1
circle-frame,H,5,4,phone,1,1,1
circle-frame,H,5,4,hard,1,0,1
circle-tight,M,4,0,front,1,1,1
circle-tight,M,4,0,phone,1,1,1
circle-tight,M,4,0,hard,1,0,1
circle-tight,M,4,1,front,1,1,1
circle-tight,M,4,1,phone,1,1,1
circle-tight,M,4,1,hard,1,1,1
circle-tight,M,4,2,front,1,1,1
circle-tight,M,4,2,phone,1,1,1
circle-tight,M,4,2,hard,1,1,1
circle-tight,M,4,3,front,1,1,1
circle-tight,M,4,3,phone,1,1,1
circle-tight,M,4,3,hard,1,1,1
circle-tight,M,4,4,front,1,1,1
circle-tight,M,4,4,phone,1,1,1
circle-tight,M,4,4,hard,1,1,1
circle-tight,H,5,0,front,0,0,1
circle-tight,H,5,0,phone,1,1,1
circle-tight,H,5,0,hard,1,1,1
circle-tight,H,5,1,front,1,1,1
circle-tight,H,5,1,phone,1,1,1
circle-tight,H,5,1,hard,1,1,1
circle-tight,H,5,2,front,1,1,1
circle-tight,H,5,2,phone,1,1,1
circle-tight,H,5,2,hard,1,0,1
circle-tight,H,5,3,front,1,0,1
circle-tight,H,5,3,phone,1,1,1
circle-tight,H,5,3,hard,1,1,1
circle-tight,H,5,4,front,1,1,1
circle-tight,H,5,4,phone,1,1,1
circle-tight,H,5,4,hard,1,0,1
circle-clip,M,4,0,front,0,0,0
circle-clip,M,4,0,phone,0,0,0
circle-clip,M,4,0,hard,0,0,0
circle-clip,M,4,1,front,0,0,0
circle-clip,M,4,1,phone,0,0,0
circle-clip,M,4,1,hard,0,0,0
circle-clip,M,4,2,front,0,0,0
circle-clip,M,4,2,phone,0,0,0
circle-clip,M,4,2,hard,0,0,0
circle-clip,M,4,3,front,0,0,0
circle-clip,M,4,3,phone,0,0,0
circle-clip,M,4,3,hard,0,0,0
circle-clip,M,4,4,front,0,0,0
circle-clip,M,4,4,phone,0,0,0
circle-clip,M,4,4,hard,0,0,0
circle-clip,H,5,0,front,0,0,0
circle-clip,H,5,0,phone,0,0,0
circle-clip,H,5,0,hard,0,0,0
circle-clip,H,5,1,front,0,0,0
circle-clip,H,5,1,phone,0,0,0
circle-clip,H,5,1,hard,0,0,0
circle-clip,H,5,2,front,0,0,0
circle-clip,H,5,2,phone,0,0,0
circle-clip,H,5,2,hard,0,0,0
circle-clip,H,5,3,front,0,0,0
circle-clip,H,5,3,phone,0,0,0
circle-clip,H,5,3,hard,0,0,0
circle-clip,H,5,4,front,0,0,0
circle-clip,H,5,4,phone,0,0,0
circle-clip,H,5,4,hard,0,0,0
decoys-4,M,4,0,front,1,1,1
decoys-4,M,4,0,phone,1,1,1
decoys-4,M,4,0,hard,1,0,1
decoys-4,M,4,1,front,1,1,1
decoys-4,M,4,1,phone,1,1,1
decoys-4,M,4,1,hard,1,0,1
decoys-4,M,4,2,front,1,1,1
decoys-4,M,4,2,phone,1,1,1
decoys-4,M,4,2,hard,0,1,1
decoys-4,M,4,3,front,1,1,1
decoys-4,M,4,3,phone,1,1,1
decoys-4,M,4,3,hard,0,0,1
decoys-4,M,4,4,front,1,1,1
decoys-4,M,4,4,phone,1,1,1
decoys-4,M,4,4,hard,1,0,1
decoys-4,H,5,0,front,1,1,1
decoys-4,H,5,0,phone,1,0,1
decoys-4,H,5,0,hard,0,0,1
decoys-4,H,5,1,front,1,1,1
decoys-4,H,5,1,phone,1,1,1
decoys-4,H,5,1,hard,1,0,1
decoys-4,H,5,2,front,1,1,1
decoys-4,H,5,2,phone,1,1,1
decoys-4,H,5,2,hard,1,0,1
decoys-4,H,5,3,front,1,1,1
decoys-4,H,5,3,phone,1,1,1
decoys-4,H,5,3,hard,1,0,1
decoys-4,H,5,4,front,1,1,1
decoys-4,H,5,4,phone,1,1,1
decoys-4,H,5,4,hard,1,0,1
decoys-1,M,4,0,front,1,1,1
decoys-1,M,4,0,phone,1,1,1
decoys-1,M,4,0,hard,1,1,1
decoys-1,M,4,1,front,1,1,1
decoys-1,M,4,1,phone,1,1,1
decoys-1,M,4,1,hard,1,0,1
decoys-1,M,4,2,front,1,1,1
decoys-1,M,4,2,phone,1,1,1
decoys-1,M,4,2,hard,1,1,1
decoys-1,M,4,3,front,1,1,1
decoys-1,M,4,3,phone,1,1,1
decoys-1,M,4,3,hard,1,0,1
decoys-1,M,4,4,front,1,1,1
decoys-1,M,4,4,phone,1,1,1
decoys-1,M,4,4,hard,1,1,1
decoys-1,H,5,0,front,1,1,1
decoys-1,H,5,0,phone,1,1,1
decoys-1,H,5,0,hard,1,1,1
decoys-1,H,5,1,front,1,1,1
decoys-1,H,5,1,phone,1,1,1
decoys-1,H,5,1,hard,1,1,1
decoys-1,H,5,2,front,1,1,1
decoys-1,H,5,2,phone,1,1,1
decoys-1,H,5,2,hard,1,1,1
decoys-1,H,5,3,front,1,1,1
decoys-1,H,5,3,phone,1,1,1
decoys-1,H,5,3,hard,1,1,1
decoys-1,H,5,4,front,1,1,1
decoys-1,H,5,4,phone,1,1,1
decoys-1,H,5,4,hard,1,1,1
quiet-2,M,4,0,front,1,1,1
quiet-2,M,4,0,phone,1,1,1
quiet-2,M,4,0,hard,1,1,1
quiet-2,M,4,1,front,1,1,1
quiet-2,M,4,1,phone,1,1,1
quiet-2,M,4,1,hard,1,1,1
quiet-2,M,4,2,front,1,1,1
quiet-2,M,4,2,phone,1,1,1
quiet-2,M,4,2,hard,1,1,1
quiet-2,M,4,3,front,1,1,1
quiet-2,M,4,3,phone,1,1,1
quiet-2,M,4,3,hard,1,1,1
quiet-2,M,4,4,front,1,1,1
quiet-2,M,4,4,phone,1,1,1
quiet-2,M,4,4,hard,1,1,1
quiet-2,H,5,0,front,1,1,1
quiet-2,H,5,0,phone,1,1,1
quiet-2,H,5,0,hard,1,1,1
quiet-2,H,5,1,front,1,1,1
quiet-2,H,5,1,phone,0,1,1
quiet-2,H,5,1,hard,1,1,1
quiet-2,H,5,2,front,1,1,1
quiet-2,H,5,2,phone,1,1,1
quiet-2,H,5,2,hard,1,1,1
quiet-2,H,5,3,front,1,1,1
quiet-2,H,5,3,phone,1,1,1
quiet-2,H,5,3,hard,1,1,1
quiet-2,H,5,4,front,1,1,1
quiet-2,H,5,4,phone,0,1,1
quiet-2,H,5,4,hard,1,0,1
quiet-1,M,4,0,front,1,1,1
quiet-1,M,4,0,phone,1,1,1
quiet-1,M,4,0,hard,1,1,1
quiet-1,M,4,1,front,1,1,1
quiet-1,M,4,1,phone,1,1,1
quiet-1,M,4,1,hard,1,1,1
quiet-1,M,4,2,front,1,1,1
quiet-1,M,4,2,phone,1,1,1
quiet-1,M,4,2,hard,1,1,1
quiet-1,M,4,3,front,1,0,1
quiet-1,M,4,3,phone,1,1,1
quiet-1,M,4,3,hard,1,0,1
quiet-1,M,4,4,front,1,1,1
quiet-1,M,4,4,phone,1,1,1
quiet-1,M,4,4,hard,1,0,1
quiet-1,H,5,0,front,1,1,1
quiet-1,H,5,0,phone,1,1,1
quiet-1,H,5,0,hard,1,1,1
quiet-1,H,5,1,front,1,1,1
quiet-1,H,5,1,phone,1,1,1
quiet-1,H,5,1,hard,1,1,1
quiet-1,H,5,2,front,1,1,1
quiet-1,H,5,2,phone,1,1,1
quiet-1,H,5,2,hard,1,1,1
quiet-1,H,5,3,front,1,1,1
quiet-1,H,5,3,phone,1,1,1
quiet-1,H,5,3,hard,1,1,1
quiet-1,H,5,4,front,1,1,1
quiet-1,H,5,4,phone,1,1,1
quiet-1,H,5,4,hard,1,1,1
quiet-0,M,4,0,front,1,1,0
quiet-0,M,4,0,phone,0,0,0
quiet-0,M,4,0,hard,0,0,0
quiet-0,M,4,1,front,0,1,0
quiet-0,M,4,1,phone,0,0,0
quiet-0,M,4,1,hard,0,0,0
quiet-0,M,4,2,front,0,1,0
quiet-0,M,4,2,phone,0,0,0
quiet-0,M,4,2,hard,0,0,0
quiet-0,M,4,3,front,0,1,0
quiet-0,M,4,3,phone,0,0,0
quiet-0,M,4,3,hard,0,0,0
quiet-0,M,4,4,front,0,1,0
quiet-0,M,4,4,phone,0,0,0
quiet-0,M,4,4,hard,0,0,0
quiet-0,H,5,0,front,1,1,0
quiet-0,H,5,0,phone,0,0,0
quiet-0,H,5,0,hard,0,0,0
quiet-0,H,5,1,front,0,1,0
quiet-0,H,5,1,phone,0,0,0
quiet-0,H,5,1,hard,0,0,0
quiet-0,H,5,2,front,0,1,0
quiet-0,H,5,2,phone,0,0,0
quiet-0,H,5,2,hard,0,0,0
quiet-0,H,5,3,front,0,1,0
quiet-0,H,5,3,phone,0,0,0
quiet-0,H,5,3,hard,0,0,0
quiet-0,H,5,4,front,0,1,0
quiet-0,H,5,4,phone,0,0,0
quiet-0,H,5,4,hard,0,0,0
quiet-0-white,M,4,0,front,1,1,1
quiet-0-white,M,4,0,phone,1,1,1
quiet-0-white,M,4,0,hard,1,0,1
quiet-0-white,M,4,1,front,1,1,1
quiet-0-white,M,4,1,phone,1,1,1
quiet-0-white,M,4,1,hard,1,0,1
quiet-0-white,M,4,2,front,1,1,1
quiet-0-white,M,4,2,phone,1,1,1
quiet-0-white,M,4,2,hard,1,0,1
quiet-0-white,M,4,3,front,1,1,1
quiet-0-white,M,4,3,phone,1,1,1
quiet-0-white,M,4,3,hard,1,0,1
quiet-0-white,M,4,4,front,1,1,1
quiet-0-white,M,4,4,phone,1,1,1
quiet-0-white,M,4,4,hard,1,0,1
quiet-0-white,H,5,0,front,1,1,1
quiet-0-white,H,5,0,phone,1,1,1
quiet-0-white,H,5,0,hard,1,0,1
quiet-0-white,H,5,1,front,1,1,1
quiet-0-white,H,5,1,phone,0,1,1
quiet-0-white,H,5,1,hard,1,0,1
quiet-0-white,H,5,2,front,1,1,1
quiet-0-white,H,5,2,phone,0,0,1
quiet-0-white,H,5,2,hard,1,0,1
quiet-0-white,H,5,3,front,1,1,1
quiet-0-white,H,5,3,phone,1,1,1
quiet-0-white,H,5,3,hard,1,0,1
quiet-0-white,H,5,4,front,1,1,1
quiet-0-white,H,5,4,phone,1,1,1
quiet-0-white,H,5,4,hard,1,0,1
quiet-pattern,M,4,0,front,0,0,0
quiet-pattern,M,4,0,phone,0,0,0
quiet-pattern,M,4,0,hard,0,0,0
quiet-pattern,M,4,1,front,0,0,0
quiet-pattern,M,4,1,phone,0,0,0
quiet-pattern,M,4,1,hard,0,0,0
quiet-pattern,M,4,2,front,0,0,0
quiet-pattern,M,4,2,phone,0,0,0
quiet-pattern,M,4,2,hard,0,0,0
quiet-pattern,M,4,3,front,0,0,0
quiet-pattern,M,4,3,phone,0,0,0
quiet-pattern,M,4,3,hard,0,0,0
quiet-pattern,M,4,4,front,0,0,0
quiet-pattern,M,4,4,phone,0,0,0
quiet-pattern,M,4,4,hard,0,0,0
quiet-pattern,H,5,0,front,0,0,0
quiet-pattern,H,5,0,phone,0,0,0
quiet-pattern,H,5,0,hard,0,0,0
quiet-pattern,H,5,1,front,0,0,0
quiet-pattern,H,5,1,phone,0,0,0
quiet-pattern,H,5,1,hard,0,0,0
quiet-pattern,H,5,2,front,0,0,0
quiet-pattern,H,5,2,phone,0,0,0
quiet-pattern,H,5,2,hard,0,0,0
quiet-pattern,H,5,3,front,0,0,0
quiet-pattern,H,5,3,phone,0,0,0
quiet-pattern,H,5,3,hard,0,0,0
quiet-pattern,H,5,4,front,0,0,0
quiet-pattern,H,5,4,phone,0,0,0
quiet-pattern,H,5,4,hard,0,0,0
stretch-2x1,M,4,0,front,1,0,1
stretch-2x1,M,4,0,phone,1,0,1
stretch-2x1,M,4,0,hard,1,0,1
stretch-2x1,M,4,1,front,1,0,1
stretch-2x1,M,4,1,phone,1,0,1
stretch-2x1,M,4,1,hard,1,0,1
stretch-2x1,M,4,2,front,1,0,1
stretch-2x1,M,4,2,phone,1,0,1
stretch-2x1,M,4,2,hard,1,0,1
stretch-2x1,M,4,3,front,1,0,1
stretch-2x1,M,4,3,phone,1,0,1
stretch-2x1,M,4,3,hard,1,0,1
stretch-2x1,M,4,4,front,1,0,1
stretch-2x1,M,4,4,phone,1,0,1
stretch-2x1,M,4,4,hard,1,0,1
stretch-2x1,H,5,0,front,1,0,1
stretch-2x1,H,5,0,phone,1,0,1
stretch-2x1,H,5,0,hard,1,0,1
stretch-2x1,H,5,1,front,1,0,1
stretch-2x1,H,5,1,phone,0,0,1
stretch-2x1,H,5,1,hard,1,0,1
stretch-2x1,H,5,2,front,0,0,1
stretch-2x1,H,5,2,phone,1,0,1
stretch-2x1,H,5,2,hard,1,0,1
stretch-2x1,H,5,3,front,0,0,1
stretch-2x1,H,5,3,phone,1,0,1
stretch-2x1,H,5,3,hard,1,0,1
stretch-2x1,H,5,4,front,1,0,1
stretch-2x1,H,5,4,phone,0,0,1
stretch-2x1,H,5,4,hard,1,0,1
turn-45,M,4,0,front,1,1,1
turn-45,M,4,0,phone,1,0,1
turn-45,M,4,0,hard,1,1,1
turn-45,M,4,1,front,1,1,1
turn-45,M,4,1,phone,0,0,1
turn-45,M,4,1,hard,1,1,1
turn-45,M,4,2,front,1,1,1
turn-45,M,4,2,phone,0,0,1
turn-45,M,4,2,hard,0,0,1
turn-45,M,4,3,front,1,1,1
turn-45,M,4,3,phone,0,0,1
turn-45,M,4,3,hard,1,0,1
turn-45,M,4,4,front,1,1,1
turn-45,M,4,4,phone,0,0,1
turn-45,M,4,4,hard,0,1,1
turn-45,H,5,0,front,1,1,1
turn-45,H,5,0,phone,0,0,1
turn-45,H,5,0,hard,0,0,1
turn-45,H,5,1,front,1,1,1
turn-45,H,5,1,phone,1,0,1
turn-45,H,5,1,hard,0,0,1
turn-45,H,5,2,front,1,1,1
turn-45,H,5,2,phone,0,0,1
turn-45,H,5,2,hard,0,0,0
turn-45,H,5,3,front,1,1,1
turn-45,H,5,3,phone,0,0,1
turn-45,H,5,3,hard,0,0,1
turn-45,H,5,4,front,1,1,1
turn-45,H,5,4,phone,0,0,1
turn-45,H,5,4,hard,0,0,1
