batch,toy,scene,liquid,setting,renderer,phase,medianMs,p95Ms,maxMs,frames,longTasks,longTaskMs,endPageHeapBytes,endWorkerHeapBytes,endGPUTrackedBytes,endLiquidActive,endLiquidCap,endGridCells,baseSplats,fluidSlots,firstFrameMs
lab,fluid-lab,glass,water,mid4,webgl2,idle,16.600000023841858,18.5,19.5,300,0,0,15511116,2630192,40435484,474,540,100,105001,6634,726.6999999880791
lab,fluid-lab,glass,water,mid4,webgl2,action,16.69999998807907,18.5,19.400000035762787,360,0,0,15511116,2630192,40435484,474,540,100,105001,6634,726.6999999880791
lab,fluid-lab,glass,water,mid4,webgpu,idle,16.599999994039536,18.400000035762787,19.69999998807907,300,0,0,21789180,,66649324,13099,14000,45472,105001,0,737.4000000357628
lab,fluid-lab,glass,water,mid4,webgpu,action,16.69999998807907,18.600000023841858,23.100000023841858,360,0,0,21789180,,66649324,13099,14000,45472,105001,0,737.4000000357628
lab,fluid-lab,glass,water,mid6,webgl2,idle,16.80000001192093,18.80000001192093,21.099999964237213,300,0,0,18067628,3649204,40435484,474,540,100,105001,6634,1031.300000011921
lab,fluid-lab,glass,water,mid6,webgl2,action,16.600000023841858,18.80000001192093,21,361,0,0,18067628,3649204,40435484,474,540,100,105001,6634,1031.300000011921
lab,fluid-lab,glass,water,mid6,webgpu,idle,16.950000017881393,20,23.399999976158142,300,0,0,29408924,,66854124,13099,14000,45472,105001,0,1295.2999999523163
lab,fluid-lab,glass,water,mid6,webgpu,action,16.69999998807907,19.600000023841858,25.599999964237213,361,0,0,29408924,,66854124,13099,14000,45472,105001,0,1295.2999999523163
lab,fluid-lab,glass,water,low6,webgl2,idle,16.599999994039536,19.200000047683716,20,300,0,0,16822840,3382872,52454656,384,420,75,44999,5170,851.1999999880791
lab,fluid-lab,glass,water,low6,webgl2,action,16.69999998807907,19.19999998807907,21.100000023841858,360,0,0,16822840,3382872,52454656,384,420,75,44999,5170,851.1999999880791
lab,fluid-lab,glass,water,low6,webgpu,idle,16.599999964237213,18.899999976158142,20.5,301,0,0,26675164,,60285380,6000,6000,24863,44999,0,895.8999999761581
lab,fluid-lab,glass,water,low6,webgpu,action,16.600000023841858,19,25.69999998807907,360,0,0,26675164,,60285380,6000,6000,24863,44999,0,895.8999999761581
lab,fluid-lab,glass,water,desktop,webgl2,idle,16.69999998807907,17.899999976158142,18.900000035762787,300,0,0,12182868,5783568,44411280,1135,1200,245,150000,14806,266.5
lab,fluid-lab,glass,water,desktop,webgl2,action,16.69999998807907,18.200000047683716,18.69999998807907,360,0,0,12182868,5783568,44411280,1135,1200,245,150000,14806,266.5
lab,fluid-lab,glass,water,desktop,webgpu,idle,39.299999952316284,45.90000003576279,49.89999997615814,128,0,0,13169288,,85305128,73691,120000,223109,150000,0,250.80000001192093
lab,fluid-lab,glass,water,desktop,webgpu,action,44.09999996423721,52.5,55.40000003576279,138,0,0,13169288,,85305128,73691,120000,223109,150000,0,250.80000001192093
lab,fluid-lab,glass,soda,mid4,webgl2,idle,16.69999998807907,18.400000035762787,20.80000001192093,300,0,0,15567620,3180260,40540204,474,540,100,105001,7787,703.6000000238419
lab,fluid-lab,glass,soda,mid4,webgl2,action,16.69999998807907,18.399999976158142,19.399999976158142,360,0,0,15567620,3180260,40540204,474,540,100,105001,7787,703.6000000238419
lab,fluid-lab,glass,soda,mid4,webgpu,idle,16.599999964237213,18.799999952316284,31.899999976158142,300,0,0,23127700,,66694380,13099,14000,45472,105001,0,787.1999999880791
lab,fluid-lab,glass,soda,mid4,webgpu,action,16.69999998807907,18.700000047683716,20.299999952316284,361,0,0,23127700,,66694380,13099,14000,45472,105001,0,787.1999999880791
lab,fluid-lab,glass,soda,mid6,webgl2,idle,16.69999998807907,19,20,300,0,0,15666264,4362676,40540204,474,540,100,105001,7787,1058.800000011921
lab,fluid-lab,glass,soda,mid6,webgl2,action,16.69999998807907,18.5,20.400000035762787,360,0,0,15666264,4362676,40540204,474,540,100,105001,7787,1058.800000011921
lab,fluid-lab,glass,soda,mid6,webgpu,idle,16.69999998807907,19.899999976158142,23.099999964237213,300,0,0,29410868,,66694380,13099,14000,45472,105001,0,1087.800000011921
lab,fluid-lab,glass,soda,mid6,webgpu,action,16.69999998807907,19.400000035762787,23.5,360,0,0,29410868,,66694380,13099,14000,45472,105001,0,1087.800000011921
lab,fluid-lab,glass,soda,low6,webgl2,idle,16.600000023841858,18.600000023841858,20.5,300,0,0,17862644,3223900,52533856,384,420,75,44999,6067,875.1999999880791
lab,fluid-lab,glass,soda,low6,webgl2,action,16.69999998807907,18.69999998807907,20.19999998807907,360,0,0,17862644,3223900,52533856,384,420,75,44999,6067,875.1999999880791
lab,fluid-lab,glass,soda,low6,webgpu,idle,16.599999994039536,19.19999998807907,20.399999976158142,300,0,0,23696744,,60318148,6000,6000,24863,44999,0,883.8999999761581
lab,fluid-lab,glass,soda,low6,webgpu,action,16.69999998807907,18.80000001192093,19.900000035762787,360,0,0,23696744,,60318148,6000,6000,24863,44999,0,883.8999999761581
lab,fluid-lab,glass,soda,desktop,webgl2,idle,16.69999998807907,18.399999976158142,18.900000035762787,300,0,0,12402580,5027932,44729136,1135,1200,245,150000,18466,258.80000001192093
lab,fluid-lab,glass,soda,desktop,webgl2,action,16.69999998807907,18.30000001192093,18.700000047683716,360,0,0,12402580,5027932,44729136,1135,1200,245,150000,18466,258.80000001192093
lab,fluid-lab,glass,soda,desktop,webgpu,idle,40.39999997615814,47,48.69999998807907,124,0,0,12792640,,85616424,73691,120000,223109,150000,0,248.9000000357628
lab,fluid-lab,glass,soda,desktop,webgpu,action,44.30000001192093,52.69999998807907,53,138,0,0,12792640,,85616424,73691,120000,223109,150000,0,248.9000000357628
lab,fluid-lab,glass,honey,mid4,webgl2,idle,16.69999998807907,18.80000001192093,19.600000023841858,300,0,0,18146136,2973260,40407148,467,540,100,105001,6255,777.1999999880791
lab,fluid-lab,glass,honey,mid4,webgl2,action,16.69999998807907,18.400000035762787,19.80000001192093,360,0,0,18146136,2973260,40407148,467,540,100,105001,6255,777.1999999880791
lab,fluid-lab,glass,honey,mid4,webgpu,idle,16.69999998807907,18.600000023841858,19.5,300,0,0,20874500,,66662124,12206,14000,46256,105001,0,733.3000000119209
lab,fluid-lab,glass,honey,mid4,webgpu,action,16.600000023841858,18.69999998807907,23.5,360,0,0,20874500,,66662124,12206,14000,46256,105001,0,733.3000000119209
lab,fluid-lab,glass,honey,mid6,webgl2,idle,16.599999994039536,18.69999998807907,20.5,300,0,0,17936752,2591732,40407148,467,540,100,105001,6255,1112.699999988079
lab,fluid-lab,glass,honey,mid6,webgl2,action,16.700000047683716,18.69999998807907,20.100000023841858,360,0,0,17936752,2591732,40407148,467,540,100,105001,6255,1112.699999988079
lab,fluid-lab,glass,honey,mid6,webgpu,idle,16.600000023841858,19,22.100000023841858,301,0,0,23300808,,66662124,12206,14000,46256,105001,0,1115.4000000357628
lab,fluid-lab,glass,honey,mid6,webgpu,action,16.650000005960464,19.099999964237213,20.600000023841858,360,0,0,23300808,,66662124,12206,14000,46256,105001,0,1115.4000000357628
lab,fluid-lab,glass,honey,low6,webgl2,idle,16.700000017881393,18.600000023841858,20.599999964237213,300,0,0,19492168,2334212,52429664,377,420,75,44999,4865,862.3000000119209
lab,fluid-lab,glass,honey,low6,webgl2,action,16.600000023841858,18.80000001192093,21.69999998807907,361,0,0,19492168,2334212,52429664,377,420,75,44999,4865,862.3000000119209
lab,fluid-lab,glass,honey,low6,webgpu,idle,16.600000023841858,19.19999998807907,20.899999976158142,300,0,0,22358860,,60294116,6000,6000,25392,44999,0,895.8000000119209
lab,fluid-lab,glass,honey,low6,webgpu,action,16.5,19.100000023841858,20.5,361,0,0,22358860,,60294116,6000,6000,25392,44999,0,895.8000000119209
lab,fluid-lab,glass,honey,desktop,webgl2,idle,16.69999998807907,18.30000001192093,19,301,0,0,15309188,2359928,44337184,1122,1200,245,150000,13944,242.69999998807907
lab,fluid-lab,glass,honey,desktop,webgl2,action,16.69999998807907,18.100000023841858,19.80000001192093,360,0,0,15309188,2359928,44337184,1122,1200,245,150000,13944,242.69999998807907
lab,fluid-lab,glass,honey,desktop,webgpu,idle,40.59999996423721,47.90000003576279,48.5,123,0,0,23809060,,85614440,69676,120000,227527,150000,0,253.19999998807907
lab,fluid-lab,glass,honey,desktop,webgpu,action,44.5,52,89.5,135,0,0,23809060,,85614440,69676,120000,227527,150000,0,253.19999998807907
lab,fluid-lab,glass,lava,mid4,webgl2,idle,16.75,18.5,19.30000001192093,300,0,0,15446916,2878180,40407148,467,540,100,105001,6255,714.6000000238419
lab,fluid-lab,glass,lava,mid4,webgl2,action,16.69999998807907,18.399999976158142,19.200000047683716,361,0,0,15446916,2878180,40407148,467,540,100,105001,6255,714.6000000238419
lab,fluid-lab,glass,lava,mid4,webgpu,idle,16.599999994039536,18.69999998807907,20.30000001192093,300,0,0,18871972,,66662124,5675,14000,46256,105001,0,727.5
lab,fluid-lab,glass,lava,mid4,webgpu,action,16.600000023841858,18.599999964237213,22.30000001192093,360,0,0,18871972,,66662124,5675,14000,46256,105001,0,727.5
lab,fluid-lab,glass,lava,mid6,webgl2,idle,16.600000023841858,18.599999964237213,19.900000035762787,300,0,0,18079536,3543108,40407148,467,540,100,105001,6255,1102.699999988079
lab,fluid-lab,glass,lava,mid6,webgl2,action,16.650000005960464,18.69999998807907,20.400000035762787,360,0,0,18079536,3543108,40407148,467,540,100,105001,6255,1102.699999988079
lab,fluid-lab,glass,lava,mid6,webgpu,idle,16.599999964237213,19,20,300,0,0,18246328,,66662124,5675,14000,46256,105001,0,1115.300000011921
lab,fluid-lab,glass,lava,mid6,webgpu,action,16.69999998807907,19,21.400000035762787,361,0,0,18246328,,66662124,5675,14000,46256,105001,0,1115.300000011921
lab,fluid-lab,glass,lava,low6,webgl2,idle,16.69999998807907,18.5,20.5,300,0,0,19246172,3447764,52429664,377,420,75,44999,4865,862.8999999761581
lab,fluid-lab,glass,lava,low6,webgl2,action,16.69999998807907,18.69999998807907,20,360,0,0,19246172,3447764,52429664,377,420,75,44999,4865,862.8999999761581
lab,fluid-lab,glass,lava,low6,webgpu,idle,16.69999998807907,18.900000035762787,20.400000035762787,300,0,0,30639316,,60294116,2799,6000,25392,44999,0,894.8999999761581
lab,fluid-lab,glass,lava,low6,webgpu,action,16.600000023841858,19.099999964237213,20.30000001192093,360,0,0,30639316,,60294116,2799,6000,25392,44999,0,894.8999999761581
lab,fluid-lab,glass,lava,desktop,webgl2,idle,16.650000005960464,18.30000001192093,19,300,0,0,12027872,4010440,44337184,1122,1200,245,150000,13944,256.5
lab,fluid-lab,glass,lava,desktop,webgl2,action,16.69999998807907,18.100000023841858,19.100000023841858,360,0,0,12027872,4010440,44337184,1122,1200,245,150000,13944,256.5
lab,fluid-lab,glass,lava,desktop,webgpu,idle,16.69999998807907,20.5,21.599999964237213,300,0,0,14966472,,85409640,33215,120000,227527,150000,0,252.5
lab,fluid-lab,glass,lava,desktop,webgpu,action,20.100000023841858,29.5,34.60000002384186,301,0,0,14966472,,85409640,33215,120000,227527,150000,0,252.5
lab,fluid-lab,splash,water,mid4,webgl2,idle,16.69999998807907,18.5,19.69999998807907,300,0,0,15303648,3952564,40670444,348,585,110,105000,9263,692.8999999761581
lab,fluid-lab,splash,water,mid4,webgl2,action,16.600000023841858,18.400000035762787,19.30000001192093,360,0,0,15303648,3952564,40670444,348,585,110,105000,9263,692.8999999761581
lab,fluid-lab,splash,water,mid4,webgpu,idle,16.69999998807907,18.30000001192093,20.100000023841858,300,0,0,21633320,,68381560,13177,14000,98838,105000,0,713.8000000119209
lab,fluid-lab,splash,water,mid4,webgpu,action,16.69999998807907,18.69999998807907,21.899999976158142,360,0,0,21633320,,68381560,13177,14000,98838,105000,0,713.8000000119209
lab,fluid-lab,splash,water,mid6,webgl2,idle,16.650000005960464,18.80000001192093,20.69999998807907,300,0,0,15118012,3897196,40670444,348,585,110,105000,9263,1056.699999988079
lab,fluid-lab,splash,water,mid6,webgl2,action,16.69999998807907,19,20.80000001192093,361,0,0,15118012,3897196,40670444,348,585,110,105000,9263,1056.699999988079
lab,fluid-lab,splash,water,mid6,webgpu,idle,16.80000001192093,19.5,21.69999998807907,300,0,0,26661128,,68586360,13175,14000,98838,105000,0,1080.1000000238419
lab,fluid-lab,splash,water,mid6,webgpu,action,16.80000001192093,20.200000047683716,31,360,0,0,26661128,,68586360,13175,14000,98838,105000,0,1080.1000000238419
lab,fluid-lab,splash,water,low6,webgl2,idle,16.69999998807907,18.69999998807907,20,300,0,0,18584460,2691836,52641744,282,455,100,45000,7281,859.6000000238419
lab,fluid-lab,splash,water,low6,webgl2,action,16.599999964237213,18.80000001192093,20.30000001192093,360,0,0,18584460,2691836,52641744,282,455,100,45000,7281,859.6000000238419
lab,fluid-lab,splash,water,low6,webgpu,idle,16.69999998807907,19.100000023841858,20.100000023841858,301,0,0,31488800,,61260184,5698,6000,54684,45000,0,889.6000000238419
lab,fluid-lab,splash,water,low6,webgpu,action,16.69999998807907,19.100000023841858,22.69999998807907,361,0,0,31488800,,61260184,5698,6000,54684,45000,0,889.6000000238419
lab,fluid-lab,splash,water,desktop,webgl2,idle,16.69999998807907,18.19999998807907,18.899999976158142,301,0,0,12345736,3614940,44875920,1119,1300,196,150000,20143,271.10000002384186
lab,fluid-lab,splash,water,desktop,webgl2,action,16.69999998807907,18.30000001192093,18.80000001192093,360,0,0,12345736,3614940,44875920,1119,1300,196,150000,20143,271.10000002384186
lab,fluid-lab,splash,water,desktop,webgpu,idle,60.69999998807907,70.80000001192093,72.80000001192093,82,0,0,12467548,,95156936,93421,120000,522786,150000,0,288.19999998807907
lab,fluid-lab,splash,water,desktop,webgpu,action,62.10000002384186,73.69999998807907,83.80000001192093,96,0,0,12467548,,95156936,93421,120000,522786,150000,0,288.19999998807907
lab,fluid-lab,splash,soda,mid4,webgl2,idle,16.600000023841858,18.5,19.200000047683716,300,0,0,18155540,4200636,40784580,348,585,121,105000,10512,746
lab,fluid-lab,splash,soda,mid4,webgl2,action,16.600000023841858,18.5,19.799999952316284,361,0,0,18155540,4200636,40784580,348,585,121,105000,10512,746
lab,fluid-lab,splash,soda,mid4,webgpu,idle,16.69999998807907,18.200000047683716,19.69999998807907,300,0,0,13709788,,68402040,13176,14000,98838,105000,0,714.1999999880791
lab,fluid-lab,splash,soda,mid4,webgpu,action,16.600000023841858,18.899999976158142,23.900000035762787,360,0,0,13709788,,68402040,13176,14000,98838,105000,0,714.1999999880791
lab,fluid-lab,splash,soda,mid6,webgl2,idle,16.69999998807907,19,21.599999964237213,300,0,0,18101256,3331440,40784580,348,585,110,105000,10512,1039.9000000357628
lab,fluid-lab,splash,soda,mid6,webgl2,action,16.69999998807907,18.80000001192093,20.19999998807907,361,0,0,18101256,3331440,40784580,348,585,110,105000,10512,1039.9000000357628
lab,fluid-lab,splash,soda,mid6,webgpu,idle,16.849999994039536,19.30000001192093,21.80000001192093,300,0,0,18947668,,68606840,13174,14000,98838,105000,0,1097.8999999761581
lab,fluid-lab,splash,soda,mid6,webgpu,action,17,20.100000023841858,24.400000035762787,361,0,0,18947668,,68606840,13174,14000,98838,105000,0,1097.8999999761581
lab,fluid-lab,splash,soda,low6,webgl2,idle,16.799999952316284,18.69999998807907,19.900000035762787,300,0,0,19641436,2929808,52727192,282,455,100,45000,8253,858.3000000119209
lab,fluid-lab,splash,soda,low6,webgl2,action,16.69999998807907,18.899999976158142,20.400000035762787,360,0,0,19641436,2929808,52727192,282,455,100,45000,8253,858.3000000119209
lab,fluid-lab,splash,soda,low6,webgpu,idle,16.69999998807907,18.899999976158142,20.100000023841858,300,0,0,23838972,,61272472,5700,6000,54684,45000,0,910.3999999761581
lab,fluid-lab,splash,soda,low6,webgpu,action,16.600000023841858,18.69999998807907,22,361,0,0,23838972,,61272472,5700,6000,54684,45000,0,910.3999999761581
lab,fluid-lab,splash,soda,desktop,webgl2,idle,16.69999998807907,18.099999964237213,19,300,0,0,13921808,5165356,45229328,1126,1300,392,150000,24108,284.10000002384186
lab,fluid-lab,splash,soda,desktop,webgl2,action,16.69999998807907,18.100000023841858,18.80000001192093,360,0,0,13921808,5165356,45229328,1126,1300,392,150000,24108,284.10000002384186
lab,fluid-lab,splash,soda,desktop,webgpu,idle,59.80000001192093,70.30000001192093,72.79999995231628,83,0,0,12928336,,95001288,93416,120000,522786,150000,0,295.5
lab,fluid-lab,splash,soda,desktop,webgpu,action,61.80000001192093,73.60000002384186,78.60000002384186,98,0,0,12928336,,95001288,93416,120000,522786,150000,0,295.5
lab,fluid-lab,splash,honey,mid4,webgl2,idle,16.69999998807907,18.5,22.399999976158142,300,0,0,15097308,2342324,40540204,348,585,121,105000,7789,710.6999999880791
lab,fluid-lab,splash,honey,mid4,webgl2,action,16.69999998807907,18.400000035762787,19.600000023841858,361,0,0,15097308,2342324,40540204,348,585,121,105000,7789,710.6999999880791
lab,fluid-lab,splash,honey,mid4,webgpu,idle,16.650000005960464,18.80000001192093,20.099999964237213,300,0,0,26080396,,68381560,13177,14000,98838,105000,0,721.6999999880791
lab,fluid-lab,splash,honey,mid4,webgpu,action,16.69999998807907,19,23.600000023841858,361,0,0,26080396,,68381560,13177,14000,98838,105000,0,721.6999999880791
lab,fluid-lab,splash,honey,mid6,webgl2,idle,16.69999998807907,18.69999998807907,20,300,0,0,18043844,4381696,40540204,348,585,121,105000,7789,1060.5
lab,fluid-lab,splash,honey,mid6,webgl2,action,16.69999998807907,18.600000023841858,20.299999952316284,360,0,0,18043844,4381696,40540204,348,585,121,105000,7789,1060.5
lab,fluid-lab,splash,honey,mid6,webgpu,idle,16.69999998807907,18.900000035762787,20.5,300,0,0,21025924,,68586360,13175,14000,98838,105000,0,1086.5
lab,fluid-lab,splash,honey,mid6,webgpu,action,16.80000001192093,19.5,27.5,360,0,0,21025924,,68586360,13175,14000,98838,105000,0,1086.5
lab,fluid-lab,splash,honey,low6,webgl2,idle,16.69999998807907,18.80000001192093,20.5,300,0,0,19514180,2978756,52533856,282,455,100,45000,6058,853.3999999761581
lab,fluid-lab,splash,honey,low6,webgl2,action,16.69999998807907,18.600000023841858,19.80000001192093,360,0,0,19514180,2978756,52533856,282,455,100,45000,6058,853.3999999761581
lab,fluid-lab,splash,honey,low6,webgpu,idle,16.549999982118607,19.19999998807907,20,300,0,0,29106900,,61260184,5698,6000,54684,45000,0,889.8000000119209
lab,fluid-lab,splash,honey,low6,webgpu,action,16.69999998807907,19,20.900000035762787,360,0,0,29106900,,61260184,5698,6000,54684,45000,0,889.8000000119209
lab,fluid-lab,splash,honey,desktop,webgl2,idle,16.69999998807907,18.099999964237213,18.900000035762787,300,0,0,12262096,3049232,44634800,1121,1300,196,150000,17356,280.10000002384186
lab,fluid-lab,splash,honey,desktop,webgl2,action,16.69999998807907,18.30000001192093,19.100000023841858,360,0,0,12262096,3049232,44634800,1121,1300,196,150000,17356,280.10000002384186
lab,fluid-lab,splash,honey,desktop,webgpu,idle,61.89999997615814,71.40000003576279,72.80000001192093,81,0,0,12471808,,94952136,93419,120000,522786,150000,0,280.7999999523163
lab,fluid-lab,splash,honey,desktop,webgpu,action,63,72.90000003576279,76.30000001192093,95,0,0,12471808,,94952136,93419,120000,522786,150000,0,280.7999999523163
lab,fluid-lab,splash,lava,mid4,webgl2,idle,16.600000023841858,18.5,19.69999998807907,301,0,0,17862488,3506968,40540204,348,585,110,105000,7789,700.1999999880791
lab,fluid-lab,splash,lava,mid4,webgl2,action,16.69999998807907,18.399999976158142,20.099999964237213,360,0,0,17862488,3506968,40540204,348,585,110,105000,7789,700.1999999880791
lab,fluid-lab,splash,lava,mid4,webgpu,idle,16.599999964237213,19,21.5,301,0,0,26248888,,68381560,13174,14000,98838,105000,0,735.8999999761581
lab,fluid-lab,splash,lava,mid4,webgpu,action,16.69999998807907,18.799999952316284,22,360,0,0,26248888,,68381560,13174,14000,98838,105000,0,735.8999999761581
lab,fluid-lab,splash,lava,mid6,webgl2,idle,16.599999994039536,18.799999952316284,20.19999998807907,300,0,0,18054416,2401092,40540204,348,585,121,105000,7789,1085.1000000238419
lab,fluid-lab,splash,lava,mid6,webgl2,action,16.600000023841858,18.80000001192093,20.399999976158142,361,0,0,18054416,2401092,40540204,348,585,121,105000,7789,1085.1000000238419
lab,fluid-lab,splash,lava,mid6,webgpu,idle,16.700000017881393,19.19999998807907,21,300,0,0,26802484,,68586360,13175,14000,98838,105000,0,1084.300000011921
lab,fluid-lab,splash,lava,mid6,webgpu,action,16.600000023841858,19.200000047683716,29.599999964237213,361,0,0,26802484,,68586360,13175,14000,98838,105000,0,1084.300000011921
lab,fluid-lab,splash,lava,low6,webgl2,idle,16.69999998807907,18.69999998807907,21.5,300,0,0,19151080,2331812,52533856,282,455,90,45000,6058,866.7000000476837
lab,fluid-lab,splash,lava,low6,webgl2,action,16.600000023841858,18.69999998807907,20.600000023841858,360,0,0,19151080,2331812,52533856,282,455,90,45000,6058,866.7000000476837
lab,fluid-lab,splash,lava,low6,webgpu,idle,16.69999998807907,18.80000001192093,20.80000001192093,300,0,0,19276696,,61260184,5698,6000,54684,45000,0,898.3000000119209
lab,fluid-lab,splash,lava,low6,webgpu,action,16.80000001192093,18.600000023841858,22.100000023841858,360,0,0,19276696,,61260184,5698,6000,54684,45000,0,898.3000000119209
lab,fluid-lab,splash,lava,desktop,webgl2,idle,16.600000023841858,18.30000001192093,18.899999976158142,300,0,0,13956784,3146552,44634800,1121,1300,196,150000,17356,367.39999997615814
lab,fluid-lab,splash,lava,desktop,webgl2,action,16.69999998807907,18,18.69999998807907,361,0,0,13956784,3146552,44634800,1121,1300,196,150000,17356,367.39999997615814
lab,fluid-lab,splash,lava,desktop,webgpu,idle,60.80000001192093,70.5,72.10000002384186,82,0,0,12747724,,95156936,93413,120000,522786,150000,0,275
lab,fluid-lab,splash,lava,desktop,webgpu,action,62.30000001192093,72.80000001192093,75.60000002384186,96,0,0,12747724,,95156936,93413,120000,522786,150000,0,275
lab,fluid-lab,candle,water,mid4,webgl2,idle,16.69999998807907,18.5,19.100000023841858,300,0,0,17018636,1137056,63949156,,,134848,104999,0,699.5
lab,fluid-lab,candle,water,mid4,webgl2,action,16.69999998807907,18.399999976158142,20.19999998807907,361,0,0,17018636,1137056,63949156,,,134848,104999,0,699.5
lab,fluid-lab,candle,water,mid4,webgpu,idle,16.600000023841858,18.799999952316284,20.100000023841858,300,0,0,14498360,1115268,73048860,,,134848,104999,0,714
lab,fluid-lab,candle,water,mid4,webgpu,action,16.69999998807907,18.899999976158142,22.80000001192093,360,0,0,14498360,1115268,73048860,,,134848,104999,0,714
lab,fluid-lab,candle,water,mid6,webgl2,idle,16.599999994039536,19,20.5,300,0,0,16532560,1124972,63949156,,,134848,104999,0,1013
lab,fluid-lab,candle,water,mid6,webgl2,action,16.69999998807907,18.80000001192093,20,360,0,0,16532560,1124972,63949156,,,134848,104999,0,1013
lab,fluid-lab,candle,water,mid6,webgpu,idle,16.69999998807907,18.900000035762787,21.5,300,0,0,16081524,1143588,73048860,,,134848,104999,0,1090.2000000476837
lab,fluid-lab,candle,water,mid6,webgpu,action,16.600000023841858,19.099999964237213,21.80000001192093,360,0,0,16081524,1143588,73048860,,,134848,104999,0,1090.2000000476837
lab,fluid-lab,candle,water,low6,webgl2,idle,16.69999998807907,18.599999964237213,19.899999976158142,300,0,0,19106784,1102544,58518620,,,49200,45000,0,893.5
lab,fluid-lab,candle,water,low6,webgl2,action,16.69999998807907,18.30000001192093,19.69999998807907,360,0,0,19106784,1102544,58518620,,,49200,45000,0,893.5
lab,fluid-lab,candle,water,low6,webgpu,idle,16.69999998807907,19,20.299999952316284,300,0,0,22690540,1134832,62152880,,,49200,45000,0,905.4000000357628
lab,fluid-lab,candle,water,low6,webgpu,action,16.600000023841858,19,22.899999976158142,361,0,0,22690540,1134832,62152880,,,49200,45000,0,905.4000000357628
lab,fluid-lab,candle,water,desktop,webgl2,idle,16.650000005960464,18.600000023841858,20.400000035762787,300,0,0,15062964,1126592,89771824,,,522720,149999,0,286.30000001192093
lab,fluid-lab,candle,water,desktop,webgl2,action,16.600000023841858,18.600000023841858,20.30000001192093,361,0,0,15062964,1126592,89771824,,,522720,149999,0,286.30000001192093
lab,fluid-lab,candle,water,desktop,webgpu,idle,16.599999994039536,19.19999998807907,20.5,300,0,0,24022272,1123940,101092844,,,522720,149999,0,262.89999997615814
lab,fluid-lab,candle,water,desktop,webgpu,action,16.69999998807907,19.100000023841858,20.600000023841858,360,0,0,24022272,1123940,101092844,,,522720,149999,0,262.89999997615814
lab,fluid-lab,cup,water,mid4,webgl2,idle,16.69999998807907,18.599999964237213,19.80000001192093,301,0,0,16357800,1009768,57229164,,,36848,105000,0,713.5
lab,fluid-lab,cup,water,mid4,webgl2,action,16.69999998807907,18.100000023841858,19.5,360,0,0,16357800,1009768,57229164,,,36848,105000,0,713.5
lab,fluid-lab,cup,water,mid4,webgpu,idle,16.69999998807907,18.80000001192093,20,300,0,0,22907204,998396,66226520,,,36848,105000,0,737
lab,fluid-lab,cup,water,mid4,webgpu,action,16.600000023841858,18.80000001192093,20.299999952316284,360,0,0,22907204,998396,66226520,,,36848,105000,0,737
lab,fluid-lab,cup,water,mid6,webgl2,idle,16.600000023841858,18.5,20.5,300,0,0,16432728,980120,57229164,,,36848,105000,0,1085.7000000476837
lab,fluid-lab,cup,water,mid6,webgl2,action,16.650000005960464,18.599999964237213,20.200000047683716,360,0,0,16432728,980120,57229164,,,36848,105000,0,1085.7000000476837
lab,fluid-lab,cup,water,mid6,webgpu,idle,16.69999998807907,19.19999998807907,20.400000035762787,300,0,0,22967084,1006020,66226520,,,36848,105000,0,1108.5
lab,fluid-lab,cup,water,mid6,webgpu,action,16.650000005960464,19.30000001192093,22.80000001192093,360,0,0,22967084,1006020,66226520,,,36848,105000,0,1108.5
lab,fluid-lab,cup,water,low6,webgl2,idle,16.600000023841858,19,20.5,300,0,0,19160508,983892,56214628,,,13200,45000,0,881.1999999880791
lab,fluid-lab,cup,water,low6,webgl2,action,16.69999998807907,18.900000035762787,20.200000047683716,360,0,0,19160508,983892,56214628,,,13200,45000,0,881.1999999880791
lab,fluid-lab,cup,water,low6,webgpu,idle,16.600000023841858,19.19999998807907,21,301,0,0,23975976,1012188,59746488,,,13200,45000,0,939.1999999880791
lab,fluid-lab,cup,water,low6,webgpu,action,16.599999964237213,19.100000023841858,21.69999998807907,360,0,0,23975976,1012188,59746488,,,13200,45000,0,939.1999999880791
lab,fluid-lab,cup,water,desktop,webgl2,idle,16.69999998807907,18.30000001192093,20.400000035762787,300,0,0,21549560,1013892,62588984,,,141328,150000,0,290.39999997615814
lab,fluid-lab,cup,water,desktop,webgl2,action,16.600000023841858,19,20.69999998807907,361,0,0,21549560,1013892,62588984,,,141328,150000,0,290.39999997615814
lab,fluid-lab,cup,water,desktop,webgpu,idle,16.599999964237213,18.899999976158142,20.399999976158142,300,0,0,23147908,995916,73705256,,,141328,150000,0,275.19999998807907
lab,fluid-lab,cup,water,desktop,webgpu,action,16.600000023841858,18.600000023841858,20.599999964237213,361,0,0,23147908,995916,73705256,,,141328,150000,0,275.19999998807907
peers,water-bottle,,,mid4,webgl2,idle,,,,0,0,0,15257036,,46607344,,,,198766,,806.8999999761581
peers,water-bottle,,,mid4,webgl2,action,16.80000001192093,27.899999976158142,5571.100000023842,331,0,0,15257036,,46607344,,,,198766,,806.8999999761581
peers,water-bottle,,,mid4,webgpu,idle,,,,0,0,0,16799956,,57380188,,,,198766,,883.1000000238419
peers,water-bottle,,,mid4,webgpu,action,16.69999998807907,27.400000035762787,5571.100000023842,331,0,0,16799956,,57380188,,,,198766,,883.1000000238419
peers,water-bottle,,,mid6,webgl2,idle,,,,0,0,0,15878716,,46607344,,,,198766,,1231.5999999642372
peers,water-bottle,,,mid6,webgl2,action,16.099999964237213,33.89999997615814,5591,331,0,0,15878716,,46607344,,,,198766,,1231.5999999642372
peers,water-bottle,,,mid6,webgpu,idle,,,,0,0,0,16432036,,57687388,,,,198766,,1297.1000000238419
peers,water-bottle,,,mid6,webgpu,action,16.30000001192093,32.5,5610.100000023842,327,1,58,16432036,,57687388,,,,198766,,1297.1000000238419
peers,water-bottle,,,desktop,webgl2,idle,,,,0,0,0,16228788,,52752784,,,,283780,,316.30000001192093
peers,water-bottle,,,desktop,webgl2,action,16.69999998807907,23.399999976158142,5568.100000023842,331,0,0,16228788,,52752784,,,,283780,,316.30000001192093
peers,water-bottle,,,desktop,webgpu,idle,,,,0,0,0,19496248,,67948984,,,,283780,,295.19999998807907
peers,water-bottle,,,desktop,webgpu,action,16.900000035762787,26.80000001192093,5569.399999976158,331,0,0,19496248,,67948984,,,,283780,,295.19999998807907
peers,soda-can,,,mid4,webgl2,idle,,,,0,0,0,14594020,,47169664,,,,206534,,826.3999999761581
peers,soda-can,,,mid4,webgl2,action,16.600000023841858,26.5,5600.100000023842,271,0,0,14594020,,47169664,,,,206534,,826.3999999761581
peers,soda-can,,,mid4,webgpu,idle,,,,0,0,0,19515168,,58346636,,,,206534,,887.4000000357628
peers,soda-can,,,mid4,webgpu,action,16.69999998807907,24.900000035762787,5599.099999964237,271,0,0,19515168,,58346636,,,,206534,,887.4000000357628
peers,soda-can,,,mid6,webgl2,idle,,,,0,0,0,16783768,,47169664,,,,206534,,1262.300000011921
peers,soda-can,,,mid6,webgl2,action,16.19999998807907,32.10000002384186,5589.399999976158,271,0,0,16783768,,47169664,,,,206534,,1262.300000011921
peers,soda-can,,,mid6,webgpu,idle,,,,0,0,0,15233168,,58449036,,,,206534,,1293.199999988079
peers,soda-can,,,mid6,webgpu,action,16.600000023841858,28.30000001192093,5587.5,271,0,0,15233168,,58449036,,,,206534,,1293.199999988079
peers,soda-can,,,desktop,webgl2,idle,,,,0,0,0,19818096,,53530924,,,,294778,,342.9000000357628
peers,soda-can,,,desktop,webgl2,action,16.600000023841858,24.599999964237213,5567,271,0,0,19818096,,53530924,,,,294778,,342.9000000357628
peers,soda-can,,,desktop,webgpu,idle,,,,0,0,0,18853040,,69299340,,,,294778,,324.39999997615814
peers,soda-can,,,desktop,webgpu,action,16.80000001192093,24.600000023841858,5567.700000047684,271,0,0,18853040,,69299340,,,,294778,,324.39999997615814
peers,lava-lamp,,,mid4,webgl2,idle,16.599999964237213,18.400000035762787,19.30000001192093,300,0,0,17099824,,42375424,,,,140000,,907.3999999761581
peers,lava-lamp,,,mid4,webgl2,action,16.69999998807907,18.69999998807907,19.69999998807907,361,0,0,17099824,,42375424,,,,140000,,907.3999999761581
peers,lava-lamp,,,mid4,webgpu,idle,16.69999998807907,18.69999998807907,20,301,0,0,20481724,,50090576,,,,140000,,957.8000000119209
peers,lava-lamp,,,mid4,webgpu,action,16.600000023841858,18.69999998807907,19.600000023841858,360,0,0,20481724,,50090576,,,,140000,,957.8000000119209
peers,lava-lamp,,,mid6,webgl2,idle,16.69999998807907,18.899999976158142,25.5,300,0,0,17064684,,42375424,,,,140000,,1390.2000000476837
peers,lava-lamp,,,mid6,webgl2,action,16.69999998807907,18.599999964237213,19.5,360,0,0,17064684,,42375424,,,,140000,,1390.2000000476837
peers,lava-lamp,,,mid6,webgpu,idle,16.69999998807907,19,21.099999964237213,300,0,0,15616348,,50090576,,,,140000,,1432.300000011921
peers,lava-lamp,,,mid6,webgpu,action,16.600000023841858,18.900000035762787,20.5,361,0,0,15616348,,50090576,,,,140000,,1432.300000011921
peers,lava-lamp,,,desktop,webgl2,idle,16.600000023841858,18.80000001192093,20,301,0,0,14409480,,46695424,,,,200002,,350
peers,lava-lamp,,,desktop,webgl2,action,16.600000023841858,18.600000023841858,19.599999964237213,361,0,0,14409480,,46695424,,,,200002,,350
peers,lava-lamp,,,desktop,webgpu,idle,16.600000023841858,18.19999998807907,19.19999998807907,300,0,0,25762660,,57430140,,,,200002,,364.39999997615814
peers,lava-lamp,,,desktop,webgpu,action,16.69999998807907,18.19999998807907,19.600000023841858,360,0,0,25762660,,57430140,,,,200002,,364.39999997615814
peers,waterfall,,,mid4,webgl2,idle,16.600000023841858,18.399999976158142,20.100000023841858,300,0,0,15268128,,42375424,,,,135535,,949.1999999880791
peers,waterfall,,,mid4,webgl2,action,16.69999998807907,18.599999964237213,20.400000035762787,360,0,0,15268128,,42375424,,,,135535,,949.1999999880791
peers,waterfall,,,mid4,webgpu,idle,16.600000023841858,18.599999964237213,19.5,300,0,0,19146732,,49858268,,,,135535,,925.5
peers,waterfall,,,mid4,webgpu,action,16.69999998807907,18.600000023841858,19.30000001192093,361,0,0,19146732,,49858268,,,,135535,,925.5
peers,waterfall,,,mid6,webgl2,idle,16.599999964237213,18.600000023841858,20.200000047683716,300,0,0,14718932,,42375424,,,,135535,,1334
peers,waterfall,,,mid6,webgl2,action,16.69999998807907,18.799999952316284,20.400000035762787,361,0,0,14718932,,42375424,,,,135535,,1334
peers,waterfall,,,mid6,webgpu,idle,16.600000023841858,18.899999976158142,20.400000035762787,301,0,0,20230956,,49858268,,,,135535,,1415.4000000357628
peers,waterfall,,,mid6,webgpu,action,16.599999964237213,19.100000023841858,26.30000001192093,361,0,0,20230956,,49858268,,,,135535,,1415.4000000357628
peers,waterfall,,,desktop,webgl2,idle,16.600000023841858,18.599999964237213,19.5,300,0,0,16763168,,46695424,,,,193629,,361.9000000357628
peers,waterfall,,,desktop,webgl2,action,16.69999998807907,18.400000035762787,19.900000035762787,360,0,0,16763168,,46695424,,,,193629,,361.9000000357628
peers,waterfall,,,desktop,webgpu,idle,16.600000023841858,18.100000023841858,19.5,300,0,0,22206196,,57200948,,,,193629,,358.69999998807907
peers,waterfall,,,desktop,webgpu,action,16.600000023841858,18.30000001192093,20.100000023841858,360,0,0,22206196,,57200948,,,,193629,,358.69999998807907
peers,ocean-wave,,,mid4,webgl2,idle,16.700000047683716,18.600000023841858,19.600000023841858,300,0,0,16314780,,42375424,,,,110945,,984.3999999761581
peers,ocean-wave,,,mid4,webgl2,action,16.80000001192093,18.799999952316284,19.69999998807907,361,0,0,16314780,,42375424,,,,110945,,984.3999999761581
peers,ocean-wave,,,mid4,webgpu,idle,16.69999998807907,18.5,20.5,300,0,0,18415164,,48578816,,,,110945,,978.8000000119209
peers,ocean-wave,,,mid4,webgpu,action,16.600000023841858,18.80000001192093,20.19999998807907,360,0,0,18415164,,48578816,,,,110945,,978.8000000119209
peers,ocean-wave,,,mid6,webgl2,idle,16.69999998807907,18.899999976158142,19.69999998807907,300,0,0,15495256,,42375424,,,,110945,,1445.5
peers,ocean-wave,,,mid6,webgl2,action,16.69999998807907,18.69999998807907,20.299999952316284,360,0,0,15495256,,42375424,,,,110945,,1445.5
peers,ocean-wave,,,mid6,webgpu,idle,16.600000023841858,18.80000001192093,21.899999976158142,301,0,0,19373980,,48578816,,,,110945,,1478.5
peers,ocean-wave,,,mid6,webgpu,action,16.600000023841858,18.900000035762787,20.399999976158142,360,0,0,19373980,,48578816,,,,110945,,1478.5
peers,ocean-wave,,,desktop,webgl2,idle,16.600000023841858,18.80000001192093,20,300,0,0,14745864,,46695424,,,,158674,,360.30000001192093
peers,ocean-wave,,,desktop,webgl2,action,16.69999998807907,18.600000023841858,19.600000023841858,360,0,0,14745864,,46695424,,,,158674,,360.30000001192093
peers,ocean-wave,,,desktop,webgpu,idle,16.69999998807907,18.5,19.600000023841858,300,0,0,19885904,,55382200,,,,158674,,359
peers,ocean-wave,,,desktop,webgpu,action,16.650000005960464,18.19999998807907,18.80000001192093,360,0,0,19885904,,55382200,,,,158674,,359
peers,candle,,,mid4,webgl2,idle,16.600000023841858,18.899999976158142,19.600000023841858,300,0,0,14432240,,42375424,,,,140001,,963.5
peers,candle,,,mid4,webgl2,action,16.69999998807907,18.80000001192093,20.5,360,0,0,14432240,,42375424,,,,140001,,963.5
peers,candle,,,mid4,webgpu,idle,16.599999964237213,18.700000047683716,19.5,301,0,0,21827852,,50090628,,,,140001,,943.0999999642372
peers,candle,,,mid4,webgpu,action,16.69999998807907,18.69999998807907,19.700000047683716,360,0,0,21827852,,50090628,,,,140001,,943.0999999642372
peers,candle,,,mid6,webgl2,idle,16.650000005960464,18.700000047683716,20.19999998807907,300,0,0,16879764,,42375424,,,,140001,,1368.9000000357628
peers,candle,,,mid6,webgl2,action,16.69999998807907,18.5,19.80000001192093,360,0,0,16879764,,42375424,,,,140001,,1368.9000000357628
peers,candle,,,mid6,webgpu,idle,16.600000023841858,18.900000035762787,19.899999976158142,301,0,0,16462352,,50090628,,,,140001,,1479.0999999642372
peers,candle,,,mid6,webgpu,action,16.700000017881393,19.099999964237213,21.200000047683716,360,0,0,16462352,,50090628,,,,140001,,1479.0999999642372
peers,candle,,,desktop,webgl2,idle,16.600000023841858,18.399999976158142,19.69999998807907,301,0,0,15654592,,46695424,,,,199999,,342.19999998807907
peers,candle,,,desktop,webgl2,action,16.600000023841858,18.69999998807907,19.900000035762787,360,0,0,15654592,,46695424,,,,199999,,342.19999998807907
peers,candle,,,desktop,webgpu,idle,16.69999998807907,18,19.700000047683716,300,0,0,18305100,,57634784,,,,199999,,360.9000000357628
peers,candle,,,desktop,webgpu,action,16.600000023841858,18.099999964237213,19,360,0,0,18305100,,57634784,,,,199999,,360.9000000357628
peers,coffee,,,mid4,webgl2,idle,16.700000017881393,18.5,19.30000001192093,300,0,0,15452628,,42375424,,,,139466,,998
peers,coffee,,,mid4,webgl2,action,16.69999998807907,18.400000035762787,19.299999952316284,360,0,0,15452628,,42375424,,,,139466,,998
peers,coffee,,,mid4,webgpu,idle,16.700000047683716,18.799999952316284,19.600000023841858,301,0,0,21748416,,50062808,,,,139466,,1019.1999999880791
peers,coffee,,,mid4,webgpu,action,16.600000023841858,18.600000023841858,19.30000001192093,360,0,0,21748416,,50062808,,,,139466,,1019.1999999880791
peers,coffee,,,mid6,webgl2,idle,16.700000017881393,18.5,20,300,0,0,15221720,,42375424,,,,139466,,1498.6000000238419
peers,coffee,,,mid6,webgl2,action,16.700000047683716,18.899999976158142,20.30000001192093,360,0,0,15221720,,42375424,,,,139466,,1498.6000000238419
peers,coffee,,,mid6,webgpu,idle,16.650000005960464,18.80000001192093,21.100000023841858,300,0,0,24645304,,50062808,,,,139466,,1540.8999999761581
peers,coffee,,,mid6,webgpu,action,16.69999998807907,18.69999998807907,20.30000001192093,360,0,0,24645304,,50062808,,,,139466,,1540.8999999761581
peers,coffee,,,desktop,webgl2,idle,16.600000023841858,18.5,20,301,0,0,14354920,,46695424,,,,199272,,375.60000002384186
peers,coffee,,,desktop,webgl2,action,16.600000023841858,18.80000001192093,20.099999964237213,360,0,0,14354920,,46695424,,,,199272,,375.60000002384186
peers,coffee,,,desktop,webgpu,idle,16.69999998807907,18.19999998807907,19.600000023841858,300,0,0,19678624,,57494580,,,,199272,,378.30000001192093
peers,coffee,,,desktop,webgpu,action,16.69999998807907,18.5,19.30000001192093,360,0,0,19678624,,57494580,,,,199272,,378.30000001192093
peers,birthday-cake,,,mid4,webgl2,idle,16.600000023841858,18.69999998807907,19.5,301,0,0,17175188,,42375424,,,,140006,,901.6999999880791
peers,birthday-cake,,,mid4,webgl2,action,16.600000023841858,18.600000023841858,19.80000001192093,360,0,0,17175188,,42375424,,,,140006,,901.6999999880791
peers,birthday-cake,,,mid4,webgpu,idle,16.600000023841858,18.80000001192093,19.69999998807907,300,0,0,19952532,,50090888,,,,140006,,919.2000000476837
peers,birthday-cake,,,mid4,webgpu,action,16.600000023841858,18.599999964237213,19.30000001192093,360,0,0,19952532,,50090888,,,,140006,,919.2000000476837
peers,birthday-cake,,,mid6,webgl2,idle,16.700000047683716,18.899999976158142,20.899999976158142,300,0,0,14751048,,42375424,,,,140006,,1337.199999988079
peers,birthday-cake,,,mid6,webgl2,action,16.69999998807907,18.80000001192093,20.399999976158142,361,0,0,14751048,,42375424,,,,140006,,1337.199999988079
peers,birthday-cake,,,mid6,webgpu,idle,16.80000001192093,19,20.399999976158142,301,0,0,22302992,,50090888,,,,140006,,1386.5999999642372
peers,birthday-cake,,,mid6,webgpu,action,16.69999998807907,18.900000035762787,20.80000001192093,360,0,0,22302992,,50090888,,,,140006,,1386.5999999642372
peers,birthday-cake,,,desktop,webgl2,idle,16.600000023841858,18.399999976158142,19.900000035762787,301,0,0,16162008,,46695424,,,,199993,,357.9000000357628
peers,birthday-cake,,,desktop,webgl2,action,16.600000023841858,18.30000001192093,19.399999976158142,361,0,0,16162008,,46695424,,,,199993,,357.9000000357628
peers,birthday-cake,,,desktop,webgpu,idle,16.600000023841858,18.30000001192093,19.30000001192093,300,0,0,23819956,,57532072,,,,199993,,362.60000002384186
peers,birthday-cake,,,desktop,webgpu,action,16.69999998807907,18.400000035762787,19.80000001192093,360,0,0,23819956,,57532072,,,,199993,,362.60000002384186
peers,campfire,,,mid4,webgl2,idle,16.600000023841858,18.30000001192093,19.200000047683716,300,0,0,15276888,,42375424,,,,139998,,825.9000000357628
peers,campfire,,,mid4,webgl2,action,16.69999998807907,18.69999998807907,19.80000001192093,361,0,0,15276888,,42375424,,,,139998,,825.9000000357628
peers,campfire,,,mid4,webgpu,idle,16.599999964237213,18.80000001192093,19.5,300,0,0,22108556,,50090472,,,,139998,,825.1000000238419
peers,campfire,,,mid4,webgpu,action,16.700000017881393,18.700000047683716,21.19999998807907,360,0,0,22108556,,50090472,,,,139998,,825.1000000238419
peers,campfire,,,mid6,webgl2,idle,16.69999998807907,18.69999998807907,20.19999998807907,301,0,0,15125056,,42375424,,,,139998,,1196.300000011921
peers,campfire,,,mid6,webgl2,action,16.69999998807907,18.799999952316284,20.200000047683716,361,0,0,15125056,,42375424,,,,139998,,1196.300000011921
peers,campfire,,,mid6,webgpu,idle,16.600000023841858,19.19999998807907,20.5,301,0,0,14732000,,50090472,,,,139998,,1289.699999988079
peers,campfire,,,mid6,webgpu,action,16.799999952316284,19,22.30000001192093,360,0,0,14732000,,50090472,,,,139998,,1289.699999988079
peers,campfire,,,desktop,webgl2,idle,16.600000023841858,18.69999998807907,20.19999998807907,301,0,0,16313832,,46695424,,,,199999,,277.69999998807907
peers,campfire,,,desktop,webgl2,action,16.600000023841858,18.799999952316284,19.899999976158142,360,0,0,16313832,,46695424,,,,199999,,277.69999998807907
peers,campfire,,,desktop,webgpu,idle,16.69999998807907,18,20,300,0,0,26186540,,57532384,,,,199999,,320.60000002384186
peers,campfire,,,desktop,webgpu,action,16.69999998807907,18.100000023841858,19,360,0,0,26186540,,57532384,,,,199999,,320.60000002384186
peers,volcano,,,mid4,webgl2,idle,16.600000023841858,18.600000023841858,19.600000023841858,301,0,0,15470968,,42375424,,,,140000,,850.6999999880791
peers,volcano,,,mid4,webgl2,action,16.69999998807907,18.400000035762787,19.600000023841858,360,0,0,15470968,,42375424,,,,140000,,850.6999999880791
peers,volcano,,,mid4,webgpu,idle,16.599999964237213,18.600000023841858,19.5,300,0,0,24019668,,50090576,,,,140000,,836
peers,volcano,,,mid4,webgpu,action,16.600000023841858,18.400000035762787,22.599999964237213,360,0,0,24019668,,50090576,,,,140000,,836
peers,volcano,,,mid6,webgl2,idle,16.600000023841858,18.599999964237213,20.80000001192093,300,0,0,15154788,,42375424,,,,140000,,1215.6000000238419
peers,volcano,,,mid6,webgl2,action,16.600000023841858,18.799999952316284,23,361,0,0,15154788,,42375424,,,,140000,,1215.6000000238419
peers,volcano,,,mid6,webgpu,idle,16.69999998807907,18.799999952316284,20,300,0,0,15612536,,50090576,,,,140000,,1283.4000000357628
peers,volcano,,,mid6,webgpu,action,16.69999998807907,19,19.900000035762787,360,0,0,15612536,,50090576,,,,140000,,1283.4000000357628
peers,volcano,,,desktop,webgl2,idle,16.600000023841858,18.600000023841858,19.900000035762787,300,0,0,15366044,,46695424,,,,200000,,327.30000001192093
peers,volcano,,,desktop,webgl2,action,16.600000023841858,18.399999976158142,20.099999964237213,361,0,0,15366044,,46695424,,,,200000,,327.30000001192093
peers,volcano,,,desktop,webgpu,idle,16.600000023841858,18.200000047683716,19.69999998807907,300,0,0,23771076,,57430036,,,,200000,,321.10000002384186
peers,volcano,,,desktop,webgpu,action,16.69999998807907,18.299999952316284,19.099999964237213,360,0,0,23771076,,57430036,,,,200000,,321.10000002384186
peers,geyser,,,mid4,webgl2,idle,16.600000023841858,18.600000023841858,19.69999998807907,300,0,0,14832936,,42375424,,,,140000,,874.8000000119209
peers,geyser,,,mid4,webgl2,action,16.69999998807907,18.599999964237213,19.30000001192093,361,0,0,14832936,,42375424,,,,140000,,874.8000000119209
peers,geyser,,,mid4,webgpu,idle,16.69999998807907,18.5,20.100000023841858,300,0,0,22492048,,50090576,,,,140000,,906.5999999642372
peers,geyser,,,mid4,webgpu,action,16.69999998807907,18.5,19.599999964237213,361,0,0,22492048,,50090576,,,,140000,,906.5999999642372
peers,geyser,,,mid6,webgl2,idle,16.69999998807907,18.599999964237213,19.69999998807907,300,0,0,14462372,,42375424,,,,140000,,1315.2000000476837
peers,geyser,,,mid6,webgl2,action,16.600000023841858,18.69999998807907,20.100000023841858,360,0,0,14462372,,42375424,,,,140000,,1315.2000000476837
peers,geyser,,,mid6,webgpu,idle,16.80000001192093,18.80000001192093,20,301,0,0,13562536,,50090576,,,,140000,,1362.5
peers,geyser,,,mid6,webgpu,action,16.69999998807907,18.69999998807907,20.200000047683716,360,0,0,13562536,,50090576,,,,140000,,1362.5
peers,geyser,,,desktop,webgl2,idle,16.600000023841858,18.69999998807907,20.19999998807907,301,0,0,15466908,,46695424,,,,199999,,336.4000000357628
peers,geyser,,,desktop,webgl2,action,16.69999998807907,18.799999952316284,19.899999976158142,360,0,0,15466908,,46695424,,,,199999,,336.4000000357628
peers,geyser,,,desktop,webgpu,idle,16.69999998807907,18,20.100000023841858,300,0,0,23788384,,57532384,,,,199999,,335.19999998807907
peers,geyser,,,desktop,webgpu,action,16.69999998807907,18.299999952316284,19.80000001192093,360,0,0,23788384,,57532384,,,,199999,,335.19999998807907
peers,storm-cloud,,,mid4,webgl2,idle,16.69999998807907,18.599999964237213,19.5,300,0,0,15684848,,42375424,,,,140000,,852.6000000238419
peers,storm-cloud,,,mid4,webgl2,action,16.650000005960464,18.5,19.399999976158142,360,0,0,15684848,,42375424,,,,140000,,852.6000000238419
peers,storm-cloud,,,mid4,webgpu,idle,16.69999998807907,18.30000001192093,19.399999976158142,300,0,0,20219820,,50192976,,,,140000,,877.5999999642372
peers,storm-cloud,,,mid4,webgpu,action,16.69999998807907,18.100000023841858,19.399999976158142,361,0,0,20219820,,50192976,,,,140000,,877.5999999642372
peers,storm-cloud,,,mid6,webgl2,idle,16.69999998807907,18.899999976158142,20.100000023841858,300,0,0,15603840,,42375424,,,,140000,,1302.300000011921
peers,storm-cloud,,,mid6,webgl2,action,16.69999998807907,18.899999976158142,20.100000023841858,360,0,0,15603840,,42375424,,,,140000,,1302.300000011921
peers,storm-cloud,,,mid6,webgpu,idle,16.600000023841858,18.80000001192093,20.69999998807907,300,0,0,23001116,,50090576,,,,140000,,1386.199999988079
peers,storm-cloud,,,mid6,webgpu,action,16.650000005960464,18.80000001192093,20.69999998807907,360,0,0,23001116,,50090576,,,,140000,,1386.199999988079
peers,storm-cloud,,,desktop,webgl2,idle,16.600000023841858,18.5,20.299999952316284,300,0,0,14209896,,46695424,,,,200002,,286.10000002384186
peers,storm-cloud,,,desktop,webgl2,action,16.600000023841858,18.30000001192093,19.900000035762787,360,0,0,14209896,,46695424,,,,200002,,286.10000002384186
peers,storm-cloud,,,desktop,webgpu,idle,16.600000023841858,18.5,19.80000001192093,300,0,0,20802788,,57634940,,,,200002,,304.19999998807907
peers,storm-cloud,,,desktop,webgpu,action,16.69999998807907,18.399999976158142,19.399999976158142,360,0,0,20802788,,57634940,,,,200002,,304.19999998807907
peers,tornado,,,mid4,webgl2,idle,16.69999998807907,18.69999998807907,19.69999998807907,300,0,0,15240224,,42375424,,,,117449,,857.8000000119209
peers,tornado,,,mid4,webgl2,action,16.600000023841858,18.599999964237213,20.30000001192093,360,0,0,15240224,,42375424,,,,117449,,857.8000000119209
peers,tornado,,,mid4,webgpu,idle,16.700000017881393,18.5,19.19999998807907,300,0,0,20959460,,49019616,,,,117449,,891.5
peers,tornado,,,mid4,webgpu,action,16.69999998807907,18.600000023841858,20.30000001192093,361,0,0,20959460,,49019616,,,,117449,,891.5
peers,tornado,,,mid6,webgl2,idle,16.69999998807907,18.69999998807907,19.5,300,0,0,15748460,,42375424,,,,117449,,1301.3999999761581
peers,tornado,,,mid6,webgl2,action,16.600000023841858,18.599999964237213,20.19999998807907,360,0,0,15748460,,42375424,,,,117449,,1301.3999999761581
peers,tornado,,,mid6,webgpu,idle,16.69999998807907,18.600000023841858,20.80000001192093,300,0,0,23315952,,48917216,,,,117449,,1343.0999999642372
peers,tornado,,,mid6,webgpu,action,16.69999998807907,18.899999976158142,20.600000023841858,360,0,0,23315952,,48917216,,,,117449,,1343.0999999642372
peers,tornado,,,desktop,webgl2,idle,16.69999998807907,18.19999998807907,20.5,301,0,0,15260448,,46695424,,,,167790,,320.80000001192093
peers,tornado,,,desktop,webgl2,action,16.69999998807907,17.80000001192093,19.5,360,0,0,15260448,,46695424,,,,167790,,320.80000001192093
peers,tornado,,,desktop,webgpu,idle,16.69999998807907,18.5,19.900000035762787,300,0,0,18900516,,55958888,,,,167790,,310.5
peers,tornado,,,desktop,webgpu,action,16.69999998807907,18.899999976158142,19.69999998807907,360,0,0,18900516,,55958888,,,,167790,,310.5
peers,fireworks,,,mid4,webgl2,idle,16.69999998807907,18.399999976158142,19.700000047683716,300,0,0,14930116,,42375424,,,,140000,,797.1999999880791
peers,fireworks,,,mid4,webgl2,action,16.600000023841858,18.5,20.400000035762787,360,0,0,14930116,,42375424,,,,140000,,797.1999999880791
peers,fireworks,,,mid4,webgpu,idle,16.69999998807907,18.5,19.19999998807907,300,0,0,15410000,,50090576,,,,140000,,837.5999999642372
peers,fireworks,,,mid4,webgpu,action,16.69999998807907,18.400000035762787,21.30000001192093,360,0,0,15410000,,50090576,,,,140000,,837.5999999642372
peers,fireworks,,,mid6,webgl2,idle,16.69999998807907,18.30000001192093,40.19999998807907,300,0,0,15059428,,42375424,,,,140000,,1202.8999999761581
peers,fireworks,,,mid6,webgl2,action,16.69999998807907,17.900000035762787,20.5,361,0,0,15059428,,42375424,,,,140000,,1202.8999999761581
peers,fireworks,,,mid6,webgpu,idle,16.600000023841858,18.200000047683716,20.5,301,0,0,14783344,,50090576,,,,140000,,1310.199999988079
peers,fireworks,,,mid6,webgpu,action,16.69999998807907,19.80000001192093,34.69999998807907,361,0,0,14783344,,50090576,,,,140000,,1310.199999988079
peers,fireworks,,,desktop,webgl2,idle,16.69999998807907,17.599999964237213,18.5,301,0,0,16352132,,46695424,,,,199999,,401.69999998807907
peers,fireworks,,,desktop,webgl2,action,16.69999998807907,17.5,19,360,0,0,16352132,,46695424,,,,199999,,401.69999998807907
peers,fireworks,,,desktop,webgpu,idle,16.600000023841858,17.200000047683716,18.099999964237213,300,0,0,16448948,,57532384,,,,199999,,320.80000001192093
peers,fireworks,,,desktop,webgpu,action,16.600000023841858,17.399999976158142,18.399999976158142,360,0,0,16448948,,57532384,,,,199999,,320.80000001192093
peerslow,water-bottle,,,low6,webgl2,idle,,,,0,0,0,13878844,,54560100,,,,85396,,1027.0999999642372
peerslow,water-bottle,,,low6,webgl2,action,16.599999964237213,24.900000035762787,5632.300000011921,331,0,0,13878844,,54560100,,,,85396,,1027.0999999642372
peerslow,water-bottle,,,low6,webgpu,idle,,,,0,0,0,19953380,,59434112,,,,85396,,1087.199999988079
peerslow,water-bottle,,,low6,webgpu,action,16.5,23.899999976158142,5599.599999964237,331,0,0,19953380,,59434112,,,,85396,,1087.199999988079
peerslow,soda-can,,,low6,webgl2,idle,,,,0,0,0,15768228,,54812640,,,,88868,,1009.6999999880791
peerslow,soda-can,,,low6,webgl2,action,16.600000023841858,23.30000001192093,5634,271,0,0,15768228,,54812640,,,,88868,,1009.6999999880791
peerslow,soda-can,,,low6,webgpu,idle,,,,0,0,0,19048944,,59867324,,,,88868,,1061.3999999761581
peerslow,soda-can,,,low6,webgpu,action,16.69999998807907,22.399999976158142,5596.399999976158,271,0,0,19048944,,59867324,,,,88868,,1061.3999999761581
lower,fluid-lab,glass,water,half,webgl2,idle,16.69999998807907,18.899999976158142,23.099999964237213,300,0,0,17846800,2815688,40147020,270,270,48,105001,3336,1167.3999999761581
lower,fluid-lab,glass,water,half,webgl2,action,16.700000047683716,18.600000023841858,20.100000023841858,361,0,0,17846800,2815688,40147020,270,270,48,105001,3336,1167.3999999761581
lower,fluid-lab,glass,water,half,webgpu,idle,16.69999998807907,18.600000023841858,21.80000001192093,300,0,0,17357128,,65087692,6000,6000,24863,105001,0,1091.0999999642372
lower,fluid-lab,glass,water,half,webgpu,action,16.600000023841858,18.799999952316284,24,361,0,0,17357128,,65087692,6000,6000,24863,105001,0,1091.0999999642372
lower,fluid-lab,glass,water,quarter,webgl2,idle,16.69999998807907,18.799999952316284,20,300,0,0,15118452,2646672,39998916,121,135,18,105001,1678,1044
lower,fluid-lab,glass,water,quarter,webgl2,action,16.600000023841858,18.899999976158142,22.19999998807907,360,0,0,15118452,2646672,39998916,121,135,18,105001,1678,1044
lower,fluid-lab,glass,water,quarter,webgpu,idle,16.69999998807907,18.69999998807907,19.5,300,0,0,18495716,,64465772,3000,3000,16000,105001,0,1098.5999999642372
lower,fluid-lab,glass,water,quarter,webgpu,action,16.599999964237213,19.100000023841858,24,360,0,0,18495716,,64465772,3000,3000,16000,105001,0,1098.5999999642372
lower,fluid-lab,glass,water,eighth,webgl2,idle,16.650000005960464,18.69999998807907,20.19999998807907,300,0,0,17823212,3949348,39927516,56,68,18,105001,843,1152
lower,fluid-lab,glass,water,eighth,webgl2,action,16.69999998807907,18.80000001192093,20.19999998807907,360,0,0,17823212,3949348,39927516,56,68,18,105001,843,1152
lower,fluid-lab,glass,water,eighth,webgpu,idle,16.599999964237213,19,23.19999998807907,300,0,0,16150236,,64054956,1500,1500,7936,105001,0,1096.800000011921
lower,fluid-lab,glass,water,eighth,webgpu,action,16.69999998807907,18.899999976158142,24.600000023841858,360,0,0,16150236,,64054956,1500,1500,7936,105001,0,1096.800000011921
lower,fluid-lab,glass,soda,half,webgl2,idle,16.69999998807907,18.400000035762787,19.799999952316284,300,0,0,18010328,4392172,40200260,270,270,48,105001,3913,1040.5999999642372
lower,fluid-lab,glass,soda,half,webgl2,action,16.69999998807907,18.600000023841858,19.900000035762787,360,0,0,18010328,4392172,40200260,270,270,48,105001,3913,1040.5999999642372
lower,fluid-lab,glass,soda,half,webgpu,idle,16.69999998807907,18.899999976158142,24,300,0,0,15557972,,65132748,6000,6000,24863,105001,0,1088.5
lower,fluid-lab,glass,soda,half,webgpu,action,16.600000023841858,19.30000001192093,26.100000023841858,360,0,0,15557972,,65132748,6000,6000,24863,105001,0,1088.5
lower,fluid-lab,glass,soda,quarter,webgl2,idle,16.600000023841858,18.600000023841858,21,300,0,0,17833280,3736192,40025228,121,135,18,105001,1966,1071.7999999523163
lower,fluid-lab,glass,soda,quarter,webgl2,action,16.69999998807907,19,21.099999964237213,360,0,0,17833280,3736192,40025228,121,135,18,105001,1966,1071.7999999523163
lower,fluid-lab,glass,soda,quarter,webgpu,idle,16.599999994039536,19,20.299999952316284,300,0,0,23978088,,64510828,3000,3000,16000,105001,0,1096.800000011921
lower,fluid-lab,glass,soda,quarter,webgpu,action,16.600000023841858,19.30000001192093,23,360,0,0,23978088,,64510828,3000,3000,16000,105001,0,1096.800000011921
lower,fluid-lab,glass,soda,eighth,webgl2,idle,16.69999998807907,18.799999952316284,20.19999998807907,300,0,0,17333148,3138876,39938252,55,68,18,105001,989,1060.800000011921
lower,fluid-lab,glass,soda,eighth,webgl2,action,16.600000023841858,18.899999976158142,21.099999964237213,361,0,0,17333148,3138876,39938252,55,68,18,105001,989,1060.800000011921
lower,fluid-lab,glass,soda,eighth,webgpu,idle,16.599999994039536,19,20.700000047683716,300,0,0,15306172,,64100012,1500,1500,7936,105001,0,1102.199999988079
lower,fluid-lab,glass,soda,eighth,webgpu,action,16.650000005960464,19.19999998807907,23.19999998807907,360,0,0,15306172,,64100012,1500,1500,7936,105001,0,1102.199999988079
lower,fluid-lab,glass,honey,half,webgl2,idle,16.600000023841858,18.80000001192093,20,300,0,0,17953816,2581672,40126956,267,270,48,105001,3128,1067.800000011921
lower,fluid-lab,glass,honey,half,webgl2,action,16.600000023841858,18.599999964237213,20.600000023841858,361,0,0,17953816,2581672,40126956,267,270,48,105001,3128,1067.800000011921
lower,fluid-lab,glass,honey,half,webgpu,idle,16.600000023841858,18.69999998807907,24.30000001192093,300,0,0,27610676,,65092332,6000,6000,25392,105001,0,1105.7000000476837
lower,fluid-lab,glass,honey,half,webgpu,action,16.599999964237213,19,23.600000023841858,361,0,0,27610676,,65092332,6000,6000,25392,105001,0,1105.7000000476837
lower,fluid-lab,glass,honey,quarter,webgl2,idle,16.75,18.600000023841858,20.5,300,0,0,17822396,2075656,39991788,120,135,18,105001,1564,1043.8999999761581
lower,fluid-lab,glass,honey,quarter,webgl2,action,16.600000023841858,18.799999952316284,19.899999976158142,361,0,0,17822396,2075656,39991788,120,135,18,105001,1564,1043.8999999761581
lower,fluid-lab,glass,honey,quarter,webgpu,idle,16.600000023841858,18.69999998807907,20.399999976158142,300,0,0,26846124,,64466284,3000,3000,16400,105001,0,1103.6000000238419
lower,fluid-lab,glass,honey,quarter,webgpu,action,16.650000005960464,19.099999964237213,22.19999998807907,360,0,0,26846124,,64466284,3000,3000,16400,105001,0,1103.6000000238419
lower,fluid-lab,glass,honey,eighth,webgl2,idle,16.650000005960464,18.80000001192093,19.80000001192093,300,0,0,18181436,3176264,39919948,55,68,18,105001,784,1063.5999999642372
lower,fluid-lab,glass,honey,eighth,webgl2,action,16.650000005960464,18.69999998807907,20.5,360,0,0,18181436,3176264,39919948,55,68,18,105001,784,1063.5999999642372
lower,fluid-lab,glass,honey,eighth,webgpu,idle,16.69999998807907,18.899999976158142,20.100000023841858,301,0,0,19897044,,64050860,1500,1500,8192,105001,0,1088.699999988079
lower,fluid-lab,glass,honey,eighth,webgpu,action,16.600000023841858,19.100000023841858,23.400000035762787,361,0,0,19897044,,64050860,1500,1500,8192,105001,0,1088.699999988079
lower,fluid-lab,glass,lava,half,webgl2,idle,16.69999998807907,18.69999998807907,20.899999976158142,301,0,0,17942732,2118836,40126956,267,270,48,105001,3128,1063.3999999761581
lower,fluid-lab,glass,lava,half,webgl2,action,16.69999998807907,18.700000047683716,21,360,0,0,17942732,2118836,40126956,267,270,48,105001,3128,1063.3999999761581
lower,fluid-lab,glass,lava,half,webgpu,idle,16.69999998807907,18.899999976158142,21,300,0,0,18164112,,65092332,2799,6000,25392,105001,0,1094.199999988079
lower,fluid-lab,glass,lava,half,webgpu,action,16.69999998807907,19.19999998807907,27.900000035762787,360,0,0,18164112,,65092332,2799,6000,25392,105001,0,1094.199999988079
lower,fluid-lab,glass,lava,quarter,webgl2,idle,16.799999952316284,18.600000023841858,20.600000023841858,300,0,0,18016632,2031628,39991788,120,135,18,105001,1564,1060.7000000476837
lower,fluid-lab,glass,lava,quarter,webgl2,action,16.69999998807907,18.600000023841858,20,360,0,0,18016632,2031628,39991788,120,135,18,105001,1564,1060.7000000476837
lower,fluid-lab,glass,lava,quarter,webgpu,idle,16.69999998807907,18.69999998807907,21.100000023841858,300,0,0,18011428,,64466284,1780,3000,16400,105001,0,1097.699999988079
lower,fluid-lab,glass,lava,quarter,webgpu,action,16.599999964237213,18.900000035762787,24,360,0,0,18011428,,64466284,1780,3000,16400,105001,0,1097.699999988079
lower,fluid-lab,glass,lava,eighth,webgl2,idle,16.700000017881393,18.80000001192093,21.400000035762787,300,0,0,17962144,2123100,39919948,55,68,18,105001,784,1063.300000011921
lower,fluid-lab,glass,lava,eighth,webgl2,action,16.599999994039536,18.700000047683716,21.5,360,0,0,17962144,2123100,39919948,55,68,18,105001,784,1063.300000011921
lower,fluid-lab,glass,lava,eighth,webgpu,idle,16.69999998807907,18.69999998807907,19.899999976158142,300,0,0,17540800,,64050860,704,1500,8192,105001,0,1115.5
lower,fluid-lab,glass,lava,eighth,webgpu,action,16.69999998807907,19.19999998807907,24.19999998807907,361,0,0,17540800,,64050860,704,1500,8192,105001,0,1115.5
lower,fluid-lab,splash,water,half,webgl2,idle,16.600000023841858,18.5,20.599999964237213,301,0,0,17859724,3877968,40276028,32,293,24,105000,4777,1033.300000011921
lower,fluid-lab,splash,water,half,webgl2,action,16.600000023841858,18.5,19.200000047683716,360,0,0,17859724,3877968,40276028,32,293,24,105000,4777,1033.300000011921
lower,fluid-lab,splash,water,half,webgpu,idle,16.5,18.899999976158142,19.599999964237213,301,0,0,15863160,,66066488,5700,6000,54684,105000,0,1071.800000011921
lower,fluid-lab,splash,water,half,webgpu,action,16.600000023841858,18.69999998807907,26,361,0,0,15863160,,66066488,5700,6000,54684,105000,0,1071.800000011921
lower,fluid-lab,splash,water,quarter,webgl2,idle,16.69999998807907,18.80000001192093,22.5,300,0,0,18056912,3320508,40070988,19,146,25,105000,2466,1035.2000000476837
lower,fluid-lab,splash,water,quarter,webgl2,action,16.69999998807907,18.899999976158142,21.30000001192093,361,0,0,18056912,3320508,40070988,19,146,25,105000,2466,1035.2000000476837
lower,fluid-lab,splash,water,quarter,webgpu,idle,16.600000023841858,18.899999976158142,20.600000023841858,300,0,0,14467360,,65098040,2871,3000,34992,105000,0,1101.7999999523163
lower,fluid-lab,splash,water,quarter,webgpu,action,16.599999964237213,19.30000001192093,24.5,361,0,0,14467360,,65098040,2871,3000,34992,105000,0,1101.7999999523163
lower,fluid-lab,splash,water,eighth,webgl2,idle,16.600000023841858,18.600000023841858,20.19999998807907,301,0,0,17907312,3965488,39965036,69,73,25,105000,1277,1046.199999988079
lower,fluid-lab,splash,water,eighth,webgl2,action,16.599999994039536,18.899999976158142,20.200000047683716,360,0,0,17907312,3965488,39965036,69,73,25,105000,1277,1046.199999988079
lower,fluid-lab,splash,water,eighth,webgpu,idle,16.549999982118607,19.19999998807907,20.5,300,0,0,17578616,,64352376,1417,1500,16464,105000,0,1084.199999988079
lower,fluid-lab,splash,water,eighth,webgpu,action,16.700000047683716,19.100000023841858,22.30000001192093,361,0,0,17578616,,64352376,1417,1500,16464,105000,0,1084.199999988079
lower,fluid-lab,splash,soda,half,webgl2,idle,16.69999998807907,18.599999964237213,20.099999964237213,300,0,0,17788072,2825316,40332876,32,293,42,105000,5403,1052.800000011921
lower,fluid-lab,splash,soda,half,webgl2,action,16.69999998807907,18.899999976158142,20,361,0,0,17788072,2825316,40332876,32,293,42,105000,5403,1052.800000011921
lower,fluid-lab,splash,soda,half,webgpu,idle,16.600000023841858,18.400000035762787,19.899999976158142,300,0,0,25804672,,66086968,5701,6000,54684,105000,0,1084
lower,fluid-lab,splash,soda,half,webgpu,action,16.600000023841858,18.5,23.69999998807907,361,0,0,25804672,,66086968,5701,6000,54684,105000,0,1084
lower,fluid-lab,splash,soda,quarter,webgl2,idle,16.75,18.69999998807907,19.80000001192093,300,0,0,17534192,3797292,40098180,19,146,10,105000,2778,1023
lower,fluid-lab,splash,soda,quarter,webgl2,action,16.600000023841858,18.899999976158142,20.19999998807907,360,0,0,17534192,3797292,40098180,19,146,10,105000,2778,1023
lower,fluid-lab,splash,soda,quarter,webgpu,idle,16.549999982118607,18.80000001192093,20.30000001192093,300,0,0,23009684,,65118520,2873,3000,34992,105000,0,1091.1000000238419
lower,fluid-lab,splash,soda,quarter,webgpu,action,16.600000023841858,19.100000023841858,25,361,0,0,23009684,,65118520,2873,3000,34992,105000,0,1091.1000000238419
lower,fluid-lab,splash,soda,eighth,webgl2,idle,16.75,18.899999976158142,20.19999998807907,300,0,0,17783796,3907920,39978060,69,73,25,105000,1433,1062.300000011921
lower,fluid-lab,splash,soda,eighth,webgl2,action,16.600000023841858,19,21,361,0,0,17783796,3907920,39978060,69,73,25,105000,1433,1062.300000011921
lower,fluid-lab,splash,soda,eighth,webgpu,idle,16.600000023841858,18.899999976158142,20.100000023841858,300,0,0,17317180,,64577656,1417,1500,16464,105000,0,1102.800000011921
lower,fluid-lab,splash,soda,eighth,webgpu,action,16.600000023841858,18.900000035762787,24.5,361,0,0,17317180,,64577656,1417,1500,16464,105000,0,1102.800000011921
lower,fluid-lab,splash,honey,half,webgl2,idle,16.599999964237213,18.600000023841858,20.5,300,0,0,17869904,3356372,40194716,32,293,9,105000,3897,1017.6999999880791
lower,fluid-lab,splash,honey,half,webgl2,action,16.69999998807907,18.600000023841858,21.30000001192093,360,0,0,17869904,3356372,40194716,32,293,9,105000,3897,1017.6999999880791
lower,fluid-lab,splash,honey,half,webgpu,idle,16.69999998807907,19,20.30000001192093,300,0,0,18108468,,66066488,5698,6000,54684,105000,0,1076.199999988079
lower,fluid-lab,splash,honey,half,webgpu,action,16.650000005960464,19,26,360,0,0,18108468,,66066488,5698,6000,54684,105000,0,1076.199999988079
lower,fluid-lab,splash,honey,quarter,webgl2,idle,16.650000005960464,18.700000047683716,20,300,0,0,17485312,2478156,40025228,19,146,4,105000,1946,1044.300000011921
lower,fluid-lab,splash,honey,quarter,webgl2,action,16.69999998807907,18.900000035762787,20.599999964237213,361,0,0,17485312,2478156,40025228,19,146,4,105000,1946,1044.300000011921
lower,fluid-lab,splash,honey,quarter,webgpu,idle,16.599999994039536,18.80000001192093,24.69999998807907,300,0,0,25017444,,65098040,2871,3000,34992,105000,0,1110.800000011921
lower,fluid-lab,splash,honey,quarter,webgpu,action,16.600000023841858,19,21.19999998807907,360,0,0,25017444,,65098040,2871,3000,34992,105000,0,1110.800000011921
lower,fluid-lab,splash,honey,eighth,webgl2,idle,16.700000017881393,18.399999976158142,21.19999998807907,300,0,0,17860732,2811948,39938252,69,73,20,105000,973,1031.800000011921
lower,fluid-lab,splash,honey,eighth,webgl2,action,16.600000023841858,18.400000035762787,19.80000001192093,360,0,0,17860732,2811948,39938252,69,73,20,105000,973,1031.800000011921
lower,fluid-lab,splash,honey,eighth,webgpu,idle,16.749999970197678,19,20.19999998807907,300,0,0,17700384,,64352376,1418,1500,16464,105000,0,1080.800000011921
lower,fluid-lab,splash,honey,eighth,webgpu,action,16.600000023841858,18.69999998807907,23.69999998807907,361,0,0,17700384,,64352376,1418,1500,16464,105000,0,1080.800000011921
lower,fluid-lab,splash,lava,half,webgl2,idle,16.69999998807907,18.5,20.19999998807907,300,0,0,17709396,2496208,40194716,32,293,9,105000,3897,1033.5
lower,fluid-lab,splash,lava,half,webgl2,action,16.69999998807907,18.69999998807907,19.700000047683716,361,0,0,17709396,2496208,40194716,32,293,9,105000,3897,1033.5
lower,fluid-lab,splash,lava,half,webgpu,idle,16.69999998807907,18.599999964237213,20.30000001192093,300,0,0,25573572,,66066488,5698,6000,54684,105000,0,1107.3999999761581
lower,fluid-lab,splash,lava,half,webgpu,action,16.69999998807907,19.399999976158142,26.30000001192093,360,0,0,25573572,,66066488,5698,6000,54684,105000,0,1107.3999999761581
lower,fluid-lab,splash,lava,quarter,webgl2,idle,16.69999998807907,18.400000035762787,20,300,0,0,17744084,2722172,40025228,19,146,6,105000,1946,1024.2999999523163
lower,fluid-lab,splash,lava,quarter,webgl2,action,16.69999998807907,18.69999998807907,19.19999998807907,360,0,0,17744084,2722172,40025228,19,146,6,105000,1946,1024.2999999523163
lower,fluid-lab,splash,lava,quarter,webgpu,idle,16.650000005960464,18.80000001192093,19.5,300,0,0,18210568,,65098040,2873,3000,34992,105000,0,1112.0999999642372
lower,fluid-lab,splash,lava,quarter,webgpu,action,16.600000023841858,19,25.900000035762787,361,0,0,18210568,,65098040,2873,3000,34992,105000,0,1112.0999999642372
lower,fluid-lab,splash,lava,eighth,webgl2,idle,16.5,18.80000001192093,20.399999976158142,300,0,0,17635256,2639884,39938252,69,73,20,105000,973,1048.6000000238419
lower,fluid-lab,splash,lava,eighth,webgl2,action,16.69999998807907,18.80000001192093,20.599999964237213,361,0,0,17635256,2639884,39938252,69,73,20,105000,973,1048.6000000238419
lower,fluid-lab,splash,lava,eighth,webgpu,idle,16.700000047683716,19.100000023841858,21,301,0,0,18676104,,64352376,1418,1500,16464,105000,0,1084.5
lower,fluid-lab,splash,lava,eighth,webgpu,action,16.600000023841858,19.099999964237213,23.5,360,0,0,18676104,,64352376,1418,1500,16464,105000,0,1084.5
lower,fluid-lab,candle,water,half,webgl2,idle,16.600000023841858,18.80000001192093,20.5,300,0,0,16890596,1138540,57851236,,,49200,104999,0,1026.1000000238419
lower,fluid-lab,candle,water,half,webgl2,action,16.69999998807907,18.80000001192093,19.899999976158142,360,0,0,16890596,1138540,57851236,,,49200,104999,0,1026.1000000238419
lower,fluid-lab,candle,water,half,webgpu,idle,16.599999994039536,19.099999964237213,21.100000023841858,300,0,0,15454464,1115416,66848540,,,49200,104999,0,1068.5
lower,fluid-lab,candle,water,half,webgpu,action,16.700000047683716,19,22.69999998807907,360,0,0,15454464,1115416,66848540,,,49200,104999,0,1068.5
lower,fluid-lab,candle,water,quarter,webgl2,idle,16.69999998807907,18.900000035762787,20.700000047683716,300,0,0,16539156,1112232,56308068,,,25088,104999,0,1037.699999988079
lower,fluid-lab,candle,water,quarter,webgl2,action,16.75,18.5,19.400000035762787,360,0,0,16539156,1112232,56308068,,,25088,104999,0,1037.699999988079
lower,fluid-lab,candle,water,quarter,webgpu,idle,16.600000023841858,18.899999976158142,21.100000023841858,300,0,0,15003024,1133484,65407772,,,25088,104999,0,1049.4000000357628
lower,fluid-lab,candle,water,quarter,webgpu,action,16.600000023841858,18.900000035762787,23.30000001192093,360,0,0,15003024,1133484,65407772,,,25088,104999,0,1049.4000000357628
lower,fluid-lab,candle,water,eighth,webgl2,idle,16.600000023841858,18.700000047683716,20.600000023841858,300,0,0,15899800,1100728,55384420,,,10656,104999,0,993.8000000119209
lower,fluid-lab,candle,water,eighth,webgl2,action,16.69999998807907,18.69999998807907,19.900000035762787,360,0,0,15899800,1100728,55384420,,,10656,104999,0,993.8000000119209
lower,fluid-lab,candle,water,eighth,webgpu,idle,16.600000023841858,18.899999976158142,20.80000001192093,300,0,0,20270056,1104040,64484124,,,10656,104999,0,1061.3999999761581
lower,fluid-lab,candle,water,eighth,webgpu,action,16.69999998807907,18.900000035762787,20.399999976158142,360,0,0,20270056,1104040,64484124,,,10656,104999,0,1061.3999999761581
lower,fluid-lab,cup,water,half,webgl2,idle,16.600000023841858,18.69999998807907,20.399999976158142,300,0,0,16317256,984556,55547244,,,13200,105000,0,1063.1000000238419
lower,fluid-lab,cup,water,half,webgl2,action,16.69999998807907,18.80000001192093,19.80000001192093,360,0,0,16317256,984556,55547244,,,13200,105000,0,1063.1000000238419
lower,fluid-lab,cup,water,half,webgpu,idle,16.69999998807907,18.899999976158142,19.899999976158142,300,0,0,16114564,995184,64647000,,,13200,105000,0,1214.199999988079
lower,fluid-lab,cup,water,half,webgpu,action,16.700000047683716,18.600000023841858,20.200000047683716,360,0,0,16114564,995184,64647000,,,13200,105000,0,1214.199999988079
lower,fluid-lab,cup,water,quarter,webgl2,idle,16.69999998807907,18.600000023841858,19.69999998807907,300,0,0,16088084,985632,55144812,,,6912,105000,0,1067.4000000357628
lower,fluid-lab,cup,water,quarter,webgl2,action,16.600000023841858,18.600000023841858,20,360,0,0,16088084,985632,55144812,,,6912,105000,0,1067.4000000357628
lower,fluid-lab,cup,water,quarter,webgpu,idle,16.69999998807907,19,19.899999976158142,300,0,0,22893008,1003416,64244568,,,6912,105000,0,1107.8999999761581
lower,fluid-lab,cup,water,quarter,webgpu,action,16.650000005960464,18.899999976158142,20.600000023841858,360,0,0,22893008,1003416,64244568,,,6912,105000,0,1107.8999999761581
lower,fluid-lab,cup,water,eighth,webgl2,idle,16.69999998807907,18.5,19.5,300,0,0,16396396,992648,54886764,,,2880,105000,0,1069.8999999761581
lower,fluid-lab,cup,water,eighth,webgl2,action,16.69999998807907,18.69999998807907,20.299999952316284,361,0,0,16396396,992648,54886764,,,2880,105000,0,1069.8999999761581
lower,fluid-lab,cup,water,eighth,webgpu,idle,16.69999998807907,19.5,21.30000001192093,300,0,0,23059528,994924,63781720,,,2880,105000,0,1092.5999999642372
lower,fluid-lab,cup,water,eighth,webgpu,action,16.799999952316284,19.299999952316284,20.100000023841858,360,0,0,23059528,994924,63781720,,,2880,105000,0,1092.5999999642372
safe,fluid-lab,glass,water,safe,webgl2,idle,16.799999952316284,18.69999998807907,20.299999952316284,300,0,0,19556924,2643700,35596080,270,270,48,35000,3336,848.6000000238419
safe,fluid-lab,glass,water,safe,webgl2,action,16.700000017881393,18.80000001192093,20.30000001192093,360,0,0,19556924,2643700,35596080,270,270,48,35000,3336,848.6000000238419
safe,fluid-lab,glass,water,safe,webgpu,idle,16.69999998807907,19.099999964237213,21,300,0,0,31574068,,43581288,6000,6000,24863,35000,0,892.3000000119209
safe,fluid-lab,glass,water,safe,webgpu,action,16.600000023841858,19,20.100000023841858,360,0,0,31574068,,43581288,6000,6000,24863,35000,0,892.3000000119209
safe,fluid-lab,glass,soda,safe,webgl2,idle,16.69999998807907,19,20.099999964237213,300,0,0,17373608,3058416,35649320,270,270,48,35000,3913,835.5999999642372
safe,fluid-lab,glass,soda,safe,webgl2,action,16.600000023841858,18.80000001192093,19.799999952316284,360,0,0,17373608,3058416,35649320,270,270,48,35000,3913,835.5999999642372
safe,fluid-lab,glass,soda,safe,webgpu,idle,16.599999964237213,18.600000023841858,20,300,0,0,23305824,,43626344,6000,6000,24863,35000,0,919.5
safe,fluid-lab,glass,soda,safe,webgpu,action,16.600000023841858,18.80000001192093,19.900000035762787,361,0,0,23305824,,43626344,6000,6000,24863,35000,0,919.5
safe,fluid-lab,glass,honey,safe,webgl2,idle,16.600000023841858,18.80000001192093,20.5,301,0,0,19598352,2645432,35576016,267,270,48,35000,3128,821.8000000119209
safe,fluid-lab,glass,honey,safe,webgl2,action,16.799999952316284,18.400000035762787,20.299999952316284,360,0,0,19598352,2645432,35576016,267,270,48,35000,3128,821.8000000119209
safe,fluid-lab,glass,honey,safe,webgpu,idle,16.69999998807907,18.69999998807907,19.600000023841858,301,0,0,30261328,,43585928,6000,6000,25392,35000,0,883.2000000476837
safe,fluid-lab,glass,honey,safe,webgpu,action,16.600000023841858,19,21.399999976158142,361,0,0,30261328,,43585928,6000,6000,25392,35000,0,883.2000000476837
safe,fluid-lab,glass,lava,safe,webgl2,idle,16.599999964237213,18.69999998807907,21.600000023841858,300,0,0,19449060,3632700,35576016,267,270,48,35000,3128,833.9000000357628
safe,fluid-lab,glass,lava,safe,webgl2,action,16.600000023841858,18.80000001192093,20.399999976158142,361,0,0,19449060,3632700,35576016,267,270,48,35000,3128,833.9000000357628
safe,fluid-lab,glass,lava,safe,webgpu,idle,16.599999964237213,19,20.600000023841858,300,0,0,26316400,,43585928,2799,6000,25392,35000,0,852.1999999880791
safe,fluid-lab,glass,lava,safe,webgpu,action,16.799999952316284,18.700000047683716,23.80000001192093,361,0,0,26316400,,43585928,2799,6000,25392,35000,0,852.1999999880791
safe,fluid-lab,splash,water,safe,webgl2,idle,16.600000023841858,18.80000001192093,20.599999964237213,301,0,0,17923308,3529940,35884544,348,585,121,35000,6563,821.2000000476837
safe,fluid-lab,splash,water,safe,webgl2,action,16.600000023841858,18.900000035762787,20.599999964237213,360,0,0,17923308,3529940,35884544,348,585,121,35000,6563,821.2000000476837
safe,fluid-lab,splash,water,safe,webgpu,idle,16.69999998807907,19.099999964237213,20.900000035762787,300,0,0,30939796,,44560136,5700,6000,54684,35000,0,860.5
safe,fluid-lab,splash,water,safe,webgpu,action,16.599999964237213,18.899999976158142,23.19999998807907,360,0,0,30939796,,44560136,5700,6000,54684,35000,0,860.5
safe,fluid-lab,splash,soda,safe,webgl2,idle,16.599999964237213,18.399999976158142,19.899999976158142,301,0,0,17993052,4049232,35989264,348,585,121,35000,7812,804.5
safe,fluid-lab,splash,soda,safe,webgl2,action,16.600000023841858,18.69999998807907,19.900000035762787,360,0,0,17993052,4049232,35989264,348,585,121,35000,7812,804.5
safe,fluid-lab,splash,soda,safe,webgpu,idle,16.600000023841858,18.80000001192093,20.899999976158142,300,0,0,25900700,,44580616,5701,6000,54684,35000,0,849.9000000357628
safe,fluid-lab,splash,soda,safe,webgpu,action,16.69999998807907,19,22.19999998807907,361,0,0,25900700,,44580616,5701,6000,54684,35000,0,849.9000000357628
safe,fluid-lab,splash,honey,safe,webgl2,idle,16.69999998807907,18.5,22.30000001192093,301,0,0,17065368,2407724,35749904,348,585,110,35000,5089,819.5
safe,fluid-lab,splash,honey,safe,webgl2,action,16.599999964237213,18.700000047683716,20.100000023841858,360,0,0,17065368,2407724,35749904,348,585,110,35000,5089,819.5
safe,fluid-lab,splash,honey,safe,webgpu,idle,16.69999998807907,18.900000035762787,20.5,300,0,0,23000116,,44560136,5700,6000,54684,35000,0,857.2000000476837
safe,fluid-lab,splash,honey,safe,webgpu,action,16.599999964237213,18.80000001192093,20.700000047683716,360,0,0,23000116,,44560136,5700,6000,54684,35000,0,857.2000000476837
safe,fluid-lab,splash,lava,safe,webgl2,idle,16.600000023841858,18.69999998807907,20.100000023841858,300,0,0,17596068,3306392,35749904,348,585,110,35000,5089,799.5
safe,fluid-lab,splash,lava,safe,webgl2,action,16.69999998807907,18.599999964237213,20.900000035762787,361,0,0,17596068,3306392,35749904,348,585,110,35000,5089,799.5
safe,fluid-lab,splash,lava,safe,webgpu,idle,16.650000005960464,18.799999952316284,21.399999976158142,300,0,0,26337428,,44560136,5700,6000,54684,35000,0,846.6000000238419
safe,fluid-lab,splash,lava,safe,webgpu,action,16.599999964237213,19,22.80000001192093,360,0,0,26337428,,44560136,5700,6000,54684,35000,0,846.6000000238419
safe,fluid-lab,candle,water,safe,webgl2,idle,16.600000023841858,18.600000023841858,19.900000035762787,300,0,0,16811364,1109748,42160492,,,49200,34999,0,801.3000000119209
safe,fluid-lab,candle,water,safe,webgl2,action,16.600000023841858,18.80000001192093,20,360,0,0,16811364,1109748,42160492,,,49200,34999,0,801.3000000119209
safe,fluid-lab,candle,water,safe,webgpu,idle,16.69999998807907,18.899999976158142,21.799999952316284,300,0,0,22818840,1110340,45649388,,,49200,34999,0,838.0999999642372
safe,fluid-lab,candle,water,safe,webgpu,action,16.600000023841858,19,20,360,0,0,22818840,1110340,45649388,,,49200,34999,0,838.0999999642372
safe,fluid-lab,cup,water,safe,webgl2,idle,16.69999998807907,18.69999998807907,20,300,0,0,18831844,984100,39856500,,,13200,34999,0,841
safe,fluid-lab,cup,water,safe,webgl2,action,16.600000023841858,18.5,21.5,360,0,0,18831844,984100,39856500,,,13200,34999,0,841
safe,fluid-lab,cup,water,safe,webgpu,idle,16.69999998807907,19.099999964237213,20.5,300,0,0,20855176,1009584,43038196,,,13200,34999,0,887.6000000238419
safe,fluid-lab,cup,water,safe,webgpu,action,16.69999998807907,18.80000001192093,21.5,360,0,0,20855176,1009584,43038196,,,13200,34999,0,887.6000000238419
stress,fluid-lab,glass,water,high6phone,webgl2,idle,16.600000023841858,18.80000001192093,20.5,300,0,0,17960556,4340620,44411280,1135,1200,245,150000,14806,1221
stress,fluid-lab,glass,water,high6phone,webgl2,action,16.799999952316284,18.899999976158142,20.5,360,0,0,17960556,4340620,44411280,1135,1200,245,150000,14806,1221
stress,fluid-lab,glass,water,high6phone,webgpu,idle,41.80000001192093,50.10000002384186,86.30000001192093,119,0,0,15241580,,101728976,73141,120000,223109,150000,0,1281.5
stress,fluid-lab,glass,water,high6phone,webgpu,action,45.30000001192093,57.89999997615814,93.90000003576279,133,3,153,15241580,,101728976,73141,120000,223109,150000,0,1281.5
stress,fluid-lab,glass,soda,high6phone,webgl2,idle,16.5,18.900000035762787,20.099999964237213,300,0,0,15931440,6042632,44729136,1135,1200,245,150000,18466,1228.2999999523163
stress,fluid-lab,glass,soda,high6phone,webgl2,action,16.69999998807907,18.700000047683716,20.5,360,0,0,15931440,6042632,44729136,1135,1200,245,150000,18466,1228.2999999523163
stress,fluid-lab,glass,soda,high6phone,webgpu,idle,40.200000047683716,51.19999998807907,84.20000004768372,125,0,0,31687948,,101835472,73306,120000,223109,150000,0,1288.4000000357628
stress,fluid-lab,glass,soda,high6phone,webgpu,action,44.80000001192093,88.10000002384186,97.39999997615814,135,0,0,31687948,,101835472,73306,120000,223109,150000,0,1288.4000000357628
stress,fluid-lab,glass,honey,high6phone,webgl2,idle,16.650000005960464,18.80000001192093,19.69999998807907,300,0,0,16529304,3305232,44337184,1122,1200,245,150000,13944,1224
stress,fluid-lab,glass,honey,high6phone,webgl2,action,16.69999998807907,18.5,20.30000001192093,360,0,0,16529304,3305232,44337184,1122,1200,245,150000,13944,1224
stress,fluid-lab,glass,honey,high6phone,webgpu,idle,41.40000003576279,48.89999997615814,84.39999997615814,121,0,0,24358864,,101833488,69621,120000,227527,150000,0,1297.2000000476837
stress,fluid-lab,glass,honey,high6phone,webgpu,action,45,83.5,92.10000002384186,135,0,0,24358864,,101833488,69621,120000,227527,150000,0,1297.2000000476837
stress,fluid-lab,glass,lava,high6phone,webgl2,idle,16.599999964237213,19.399999976158142,21.30000001192093,300,0,0,16243704,4354692,44337184,1122,1200,245,150000,13944,1237.199999988079
stress,fluid-lab,glass,lava,high6phone,webgl2,action,16.650000005960464,18.899999976158142,20.400000035762787,360,0,0,16243704,4354692,44337184,1122,1200,245,150000,13944,1237.199999988079
stress,fluid-lab,glass,lava,high6phone,webgpu,idle,16.400000005960464,30.100000023841858,33.69999998807907,300,0,0,27216904,,101628688,33124,120000,227527,150000,0,1287.4000000357628
stress,fluid-lab,glass,lava,high6phone,webgpu,action,22,30.5,50.40000003576279,281,0,0,27216904,,101628688,33124,120000,227527,150000,0,1287.4000000357628
stress,fluid-lab,splash,water,high6phone,webgl2,idle,16.600000023841858,18.400000035762787,19.80000001192093,300,0,0,15737664,3592172,44875920,1122,1300,392,150000,20143,1202.8999999761581
stress,fluid-lab,splash,water,high6phone,webgl2,action,16.599999964237213,18.799999952316284,20,360,0,0,15737664,3592172,44875920,1122,1300,392,150000,20143,1202.8999999761581
stress,fluid-lab,splash,water,high6phone,webgpu,idle,58.90000003576279,124.29999995231628,127.19999998807907,84,15,920,15828976,,111171184,93419,120000,522786,150000,0,1293.3999999761581
stress,fluid-lab,splash,water,high6phone,webgpu,action,62.30000001192093,127.19999998807907,142.60000002384186,95,17,1091,15828976,,111171184,93419,120000,522786,150000,0,1293.3999999761581
stress,fluid-lab,splash,soda,high6phone,webgl2,idle,16.600000023841858,18.599999964237213,21.80000001192093,300,0,0,15959824,5124020,45229328,1122,1300,392,150000,24108,1239.6000000238419
stress,fluid-lab,splash,soda,high6phone,webgl2,action,16.600000023841858,18.69999998807907,20.399999976158142,360,0,0,15959824,5124020,45229328,1122,1300,392,150000,24108,1239.6000000238419
stress,fluid-lab,splash,soda,high6phone,webgpu,idle,59.69999998807907,81.10000002384186,123.5,85,15,916,12706540,,111425136,93417,120000,522786,150000,0,1266.7000000476837
stress,fluid-lab,splash,soda,high6phone,webgpu,action,62.599999994039536,88.40000003576279,143.80000001192093,96,16,1099,12706540,,111425136,93417,120000,522786,150000,0,1266.7000000476837
stress,fluid-lab,splash,honey,high6phone,webgl2,idle,16.749999970197678,19.100000023841858,20.600000023841858,300,0,0,15704580,2996872,44634800,1121,1300,196,150000,17356,1212.300000011921
stress,fluid-lab,splash,honey,high6phone,webgl2,action,16.69999998807907,18.80000001192093,19.69999998807907,360,0,0,15704580,2996872,44634800,1121,1300,196,150000,17356,1212.300000011921
stress,fluid-lab,splash,honey,high6phone,webgpu,idle,59.90000003576279,70.19999998807907,123.20000004768372,83,14,834,13092484,,111171184,93415,120000,522786,150000,0,1273.0999999642372
stress,fluid-lab,splash,honey,high6phone,webgpu,action,61.30000001192093,78.5,126.39999997615814,98,17,1027,13092484,,111171184,93415,120000,522786,150000,0,1273.0999999642372
stress,fluid-lab,splash,lava,high6phone,webgl2,idle,16.600000023841858,19,20.200000047683716,300,0,0,15840688,3454676,44634800,1121,1300,196,150000,17356,1233
stress,fluid-lab,splash,lava,high6phone,webgl2,action,16.69999998807907,18.69999998807907,19.80000001192093,360,0,0,15840688,3454676,44634800,1121,1300,196,150000,17356,1233
stress,fluid-lab,splash,lava,high6phone,webgpu,idle,60.19999998807907,117.69999998807907,127.19999998807907,83,14,827,13094200,,111171184,93415,120000,522786,150000,0,1273
stress,fluid-lab,splash,lava,high6phone,webgpu,action,61.69999998807907,74.89999997615814,121.40000003576279,97,17,1010,13094200,,111171184,93415,120000,522786,150000,0,1273
stress,fluid-lab,candle,water,high6phone,webgl2,idle,16.69999998807907,18.600000023841858,20.200000047683716,300,0,0,16628788,1136520,102453256,,,522720,149999,0,1148.300000011921
stress,fluid-lab,candle,water,high6phone,webgl2,action,16.69999998807907,18.69999998807907,20,360,0,0,16628788,1136520,102453256,,,522720,149999,0,1148.300000011921
stress,fluid-lab,candle,water,high6phone,webgpu,idle,16.650000005960464,18.80000001192093,20.30000001192093,300,0,0,16024484,1135004,117516692,,,522720,149999,0,1278.5
stress,fluid-lab,candle,water,high6phone,webgpu,action,16.69999998807907,19.299999952316284,22.200000047683716,360,0,0,16024484,1135004,117516692,,,522720,149999,0,1278.5
stress,fluid-lab,cup,water,high6phone,webgl2,idle,16.600000023841858,18.69999998807907,20.600000023841858,300,0,0,16179128,987184,75270416,,,141328,150000,0,1224.7999999523163
stress,fluid-lab,cup,water,high6phone,webgl2,action,16.69999998807907,18.5,19.5,360,0,0,16179128,987184,75270416,,,141328,150000,0,1224.7999999523163
stress,fluid-lab,cup,water,high6phone,webgpu,idle,16.650000005960464,19,20.399999976158142,300,0,0,19899568,983220,90333904,,,141328,150000,0,1285
stress,fluid-lab,cup,water,high6phone,webgpu,action,16.69999998807907,19.099999964237213,22.80000001192093,360,0,0,19899568,983220,90333904,,,141328,150000,0,1285
stress,fluid-lab,glass,water,max6phone,webgl2,idle,16.600000023841858,18.399999976158142,20.399999976158142,300,0,0,16103280,4547596,49171664,1497,1620,384,210000,19942,1396.8999999761581
stress,fluid-lab,glass,water,max6phone,webgl2,action,16.600000023841858,18.69999998807907,22.100000023841858,360,0,0,16103280,4547596,49171664,1497,1620,384,210000,19942,1396.8999999761581
stress,fluid-lab,glass,water,max6phone,webgpu,idle,87.4500000178814,118.69999998807907,172.10000002384186,56,9,671,20815192,,134995588,123911,200000,399627,210000,0,1445.300000011921
stress,fluid-lab,glass,water,max6phone,webgpu,action,92.85000002384186,96.19999998807907,170.30000001192093,66,12,875,20815192,,134995588,123911,200000,399627,210000,0,1445.300000011921
stress,fluid-lab,glass,soda,max6phone,webgl2,idle,16.650000005960464,18.69999998807907,20.69999998807907,300,0,0,15848944,4150196,49606560,1497,1620,320,210000,24883,1416.800000011921
stress,fluid-lab,glass,soda,max6phone,webgl2,action,16.69999998807907,18.69999998807907,20.80000001192093,360,0,0,15848944,4150196,49606560,1497,1620,320,210000,24883,1416.800000011921
stress,fluid-lab,glass,soda,max6phone,webgpu,idle,91,164.80000001192093,170.69999998807907,55,9,688,18073772,,135130756,123911,200000,399627,210000,0,1459.7999999523163
stress,fluid-lab,glass,soda,max6phone,webgpu,action,92.5,96.09999996423721,100.39999997615814,65,9,664,18073772,,135130756,123911,200000,399627,210000,0,1459.7999999523163
stress,fluid-lab,splash,water,max6phone,webgl2,idle,16.69999998807907,19.100000023841858,19.69999998807907,300,0,0,16631112,3213328,49791008,787,1755,256,210000,26920,1419.800000011921
stress,fluid-lab,splash,water,max6phone,webgl2,action,16.600000023841858,18.5,20.200000047683716,360,0,0,16631112,3213328,49791008,787,1755,256,210000,26920,1419.800000011921
stress,fluid-lab,splash,water,max6phone,webgpu,idle,125.69999998807907,233.19999998807907,233.4000000357628,39,6,663,21558884,,152141092,163152,200000,933120,210000,0,1467.9000000357628
stress,fluid-lab,splash,water,max6phone,webgpu,action,129.80000001192093,149.19999998807907,260.69999998807907,46,7,875,21558884,,152141092,163152,200000,933120,210000,0,1467.9000000357628
stress,fluid-lab,candle,water,max6phone,webgl2,idle,16.80000001192093,19,20.900000035762787,300,0,0,15810668,1111404,145891288,,,1078784,210000,0,1314
stress,fluid-lab,candle,water,max6phone,webgl2,action,16.749999970197678,18.799999952316284,20.899999976158142,360,0,0,15810668,1111404,145891288,,,1078784,210000,0,1314
stress,fluid-lab,candle,water,max6phone,webgpu,idle,16.69999998807907,19.30000001192093,22.69999998807907,300,0,0,14854488,1109028,167748284,,,1078784,210000,0,1384
stress,fluid-lab,candle,water,max6phone,webgpu,action,16.69999998807907,19,23.399999976158142,360,0,0,14854488,1109028,167748284,,,1078784,210000,0,1384
auto,fluid-lab,glass,water,auto6,webgl2,idle,16.69999998807907,19,20.30000001192093,300,0,0,17555784,3585364,40435484,474,540,100,105001,6634,1057.300000011921
auto,fluid-lab,glass,water,auto6,webgl2,action,16.600000023841858,18.80000001192093,19.900000035762787,360,0,0,17555784,3585364,40435484,474,540,100,105001,6634,1057.300000011921
auto,fluid-lab,glass,water,auto6,webgpu,idle,16.799999952316284,19.299999952316284,21.200000047683716,300,0,0,18749280,,66649324,13099,14000,45472,105001,0,1148.1000000238419
auto,fluid-lab,glass,water,auto6,webgpu,action,16.600000023841858,19.799999952316284,29.69999998807907,361,0,0,18749280,,66649324,13099,14000,45472,105001,0,1148.1000000238419
auto,fluid-lab,glass,soda,auto6,webgl2,idle,16.69999998807907,18.80000001192093,20.19999998807907,300,0,0,15240052,4296524,40540204,474,540,100,105001,7787,1043.5
auto,fluid-lab,glass,soda,auto6,webgl2,action,16.69999998807907,18.69999998807907,20.100000023841858,360,0,0,15240052,4296524,40540204,474,540,100,105001,7787,1043.5
auto,fluid-lab,glass,soda,auto6,webgpu,idle,16.799999952316284,19.19999998807907,22.100000023841858,300,0,0,21137708,,66694380,13099,14000,45472,105001,0,1086.800000011921
auto,fluid-lab,glass,soda,auto6,webgpu,action,16.80000001192093,19.19999998807907,27.30000001192093,361,0,0,21137708,,66694380,13099,14000,45472,105001,0,1086.800000011921
auto,fluid-lab,candle,water,auto6,webgl2,idle,16.599999964237213,18.69999998807907,19.30000001192093,301,0,0,16122068,1103960,63949156,,,134848,104999,0,994.5
auto,fluid-lab,candle,water,auto6,webgl2,action,16.650000005960464,18.599999964237213,19.80000001192093,360,0,0,16122068,1103960,63949156,,,134848,104999,0,994.5
auto,fluid-lab,candle,water,auto6,webgpu,idle,16.69999998807907,19.100000023841858,20.100000023841858,300,0,0,15272640,1134216,73048860,,,134848,104999,0,1066.699999988079
auto,fluid-lab,candle,water,auto6,webgpu,action,16.700000047683716,19.099999964237213,20.600000023841858,361,0,0,15272640,1134216,73048860,,,134848,104999,0,1066.699999988079
auto,fluid-lab,cup,water,auto6,webgl2,idle,16.700000047683716,18.700000047683716,28.100000023841858,299,0,0,15564784,991300,57229164,,,36848,105000,0,1040.6000000238419
auto,fluid-lab,cup,water,auto6,webgl2,action,16.799999982118607,18.80000001192093,19.900000035762787,360,0,0,15564784,991300,57229164,,,36848,105000,0,1040.6000000238419
auto,fluid-lab,cup,water,auto6,webgpu,idle,16.69999998807907,18.899999976158142,20.30000001192093,300,0,0,18838932,1006068,66124120,,,36848,105000,0,1105.800000011921
auto,fluid-lab,cup,water,auto6,webgpu,action,16.69999998807907,19,21.399999976158142,360,0,0,18838932,1006068,66124120,,,36848,105000,0,1105.800000011921
