id,site,width,height,url,profile,loaded_splats,drawn_splats_at_end,readiness_upper_bound_ms,loaded_at_hook,frame_interval_n,frame_interval_median_ms,frame_interval_p95_ms,render_interval_n,render_interval_median_ms,render_interval_p95_ms,observed_wire_bytes_lower_bound,observed_requests_lower_bound,network_buffer_truncated,recorded_errors,sample_window_ms
strawberry,supersplat,390,844,https://superspl.at/s?id=84df8849,,1499098,1499098,2558,False,415,11.699999988079071,14.399999976158142,415,11.799999952316284,14.300000011920929,24760437,17,False,0,5001.599999964237
strawberry,splashery,390,844,https://ryanjosephkamp.github.io/splashery/embed/?toy=strawberry&profile=weak&adapt=off,low,120000,129000,1001.8000000119208,True,599,8.300000011920929,10.299999952316284,599,8.300000011920929,10.299999952316284,2465484,37,False,0,5001.600000023842
bee,supersplat,390,844,https://superspl.at/s?id=ae58ed2c,,978285,978285,2774.899999976158,False,600,8.200000047683716,10.5,600,8.299999952316284,10.399999976158142,12299913,16,True,0,5001.599999964235
bee,splashery,390,844,https://ryanjosephkamp.github.io/splashery/embed/?toy=bee&profile=weak&adapt=off,low,120000,120000,686.7999999523163,True,599,8.300000011920929,11.199999988079071,599,8.300000011920929,11.300000011920929,2477311,35,True,0,5000.899999976158
bmx-bike,supersplat,390,844,https://superspl.at/s?id=e95011f3,,495006,495006,1666.100000023842,False,600,8.299999952316284,10.300000011920929,600,8.20000004768417,10.399999976158142,9660584,18,True,0,5001.699999988079
bmx-bike,splashery,390,844,https://ryanjosephkamp.github.io/splashery/embed/?toy=bmx-bike&profile=weak&adapt=off,low,300000,300000,2209,True,599,8.200000047683716,10.400000035762787,599,8.200000047683716,10.399999976158142,4582168,35,True,0,5000.5
cave-lioness,supersplat,390,844,https://superspl.at/s?id=7e4e9bcb,,1855777,1855777,2351.899999976158,True,430,12.099999964237213,14.700000047683716,430,12.049999982118607,14.700000047683716,34048009,8,True,0,5002.300000011921
cave-lioness,splashery,390,844,https://ryanjosephkamp.github.io/splashery/embed/?toy=cave-lioness&profile=weak&adapt=off,low,300000,300000,944.600000023842,True,599,8.299999952316284,10.300000011920929,599,8.299999952316284,10.299999952316284,4690924,35,True,0,5000.699999988079
toy-trex,supersplat,390,844,https://superspl.at/s?id=d281a49d,,684274,684274,1854.600000023842,False,599,8.300000011920929,10.300000011920929,599,8.300000011920929,10.300000011920929,12953523,16,True,0,5001.600000023842
toy-trex,splashery,390,844,https://ryanjosephkamp.github.io/splashery/embed/?toy=toy-trex&profile=weak&adapt=off,low,300000,300000,1183,True,599,8.299999952316284,10.400000035762787,599,8.300000011920929,10.400000035762787,4727505,35,True,0,5000.599999964237
strawberry,supersplat,1440,900,https://superspl.at/s?id=84df8849,,1499098,1499098,2577.199999988079,False,272,18.19999998807907,21.0,272,18.19999998807907,21.0,24760393,16,True,0,5001.399999976158
strawberry,splashery,1440,900,https://ryanjosephkamp.github.io/splashery/embed/?toy=strawberry&profile=high&adapt=off,high,450000,459000,1341.5,True,599,8.300000011920929,10,599,8.300000011920929,9.900000035762787,6746928,35,True,0,5001.899999976158
bee,supersplat,1440,900,https://superspl.at/s?id=ae58ed2c,,978285,978285,2040.699999988079,False,491,10.100000023841858,12.0,491,10.100000023841858,11.900000035762787,12298918,16,True,0,5001.299999952316
bee,splashery,1440,900,https://ryanjosephkamp.github.io/splashery/embed/?toy=bee&profile=high&adapt=off,high,450000,450000,1377.0999999642372,True,599,8.299999952316284,10.5,599,8.299999952316284,10.5,6736575,35,True,0,5001.800000011921
bmx-bike,supersplat,1440,900,https://superspl.at/s?id=e95011f3,,495006,495006,2358.900000035763,False,550,8.199999988079071,12.399999976158142,550,8.199999988079071,12.299999952316284,9660073,18,True,0,5001.299999952316
bmx-bike,splashery,1440,900,https://ryanjosephkamp.github.io/splashery/embed/?toy=bmx-bike&profile=high&adapt=off,high,495006,495006,1394.100000023842,True,599,8.300000011920929,10.200000047683716,599,8.300000011920929,10.299999952316284,8164257,35,True,0,5000.899999976158
cave-lioness,supersplat,1440,900,https://superspl.at/s?id=7e4e9bcb,,1855777,1855777,2239.800000011921,True,334,15.300000011920929,20.899999976158142,334,15.25,20.30000001192093,34063230,21,True,0,5028.200000047684
cave-lioness,splashery,1440,900,https://ryanjosephkamp.github.io/splashery/embed/?toy=cave-lioness&profile=high&adapt=off,high,1000000,1000000,2391.800000011921,True,597,8.399999976158142,10.199999988079071,597,8.300000011920929,10.200000047683716,15845133,35,True,0,5001.699999988079
toy-trex,supersplat,1440,900,https://superspl.at/s?id=d281a49d,,684274,684274,1796.699999988079,False,584,8.199999988079071,11.100000023841858,584,8.199999988079071,11.0,12953584,16,True,0,5001.599999964237
toy-trex,splashery,1440,900,https://ryanjosephkamp.github.io/splashery/embed/?toy=toy-trex&profile=high&adapt=off,high,684274,684274,1647.699999988079,True,584,8.299999952316284,10.699999988079071,584,8.300000011920929,10.599999964237213,10922275,35,True,0,5001.5
