time,latitude,longitude,depth,mag,magType,place
2026-10-05T06:14:15.888Z,4.4975,126.9394,51.291,4.8,mb,"191 km ESE of Sarangani, Philippines"
2026-10-05T05:26:44.808Z,-21.4208,-174.2679,10,5,mb,"71 km E of ‘Ohonua, Tonga"
2026-10-05T04:16:23.636Z,45.953,151.8684,35,4.5,mb,"Kuril Islands"
2026-10-05T01:18:50.392Z,-0.4325,-19.965,10,5.3,mb,"central Mid-Atlantic Ridge"
2026-10-04T20:27:25.597Z,36.611,71.0216,248.906,4.8,mb,"32 km SSE of Jurm, Afghanistan"
2026-10-04T14:06:10.385Z,5.3695,-82.7171,10,5,mww,"295 km S of Burica, Panama"
2026-10-04T12:36:47.744Z,-9.2014,112.6395,52.773,4.6,mb,"110 km S of Dampit, Indonesia"
2026-10-04T11:43:23.167Z,37.7292,36.1272,10,5,mww,"21 km ESE of Feke, Turkey"
2026-10-04T11:36:26.451Z,37.7757,36.1685,10,4.7,mww,"22 km E of Feke, Turkey"
2026-10-04T11:19:26.314Z,37.8028,36.1749,10,4.7,mww,"21 km SSE of Saimbeyli, Turkey"
2026-10-04T11:12:48.270Z,22.8286,144.6734,10,5.5,mb,"Volcano Islands, Japan region"
2026-10-04T11:09:47.398Z,-5.0439,151.4257,162.143,4.6,mb,"121 km SW of Kokopo, Papua New Guinea"
2026-10-04T10:52:27.344Z,-8.2236,120.5325,10,4.8,mb,"43 km N of Ruteng, Indonesia"
2026-10-04T10:13:07.298Z,-8.2698,120.4532,10,5,mb,"37 km N of Ruteng, Indonesia"
2026-10-04T05:55:06.861Z,21.3382,93.7503,58.258,4.6,mb,"121 km WNW of Chauk, Burma (Myanmar)"
2026-10-04T01:47:52.030Z,-58.1594,-23.3522,10,4.9,mb,"South Sandwich Islands region"
2026-10-04T01:38:46.078Z,-6.5916,147.1353,94.221,4.9,mb,"21 km NE of Lae, Papua New Guinea"
2026-10-03T23:37:34.235Z,4.8247,95.1622,56.274,5.3,mww,"81 km SSW of Banda Aceh, Indonesia"
2026-10-03T23:14:35.782Z,3.5895,122.9296,575.042,4.5,mb,"293 km SSE of Tabiauan, Philippines"
2026-10-03T22:55:55.358Z,-9.5672,118.9078,45.951,5.9,mww,"39 km WSW of Tambolaka, Indonesia"
2026-10-03T20:33:45.577Z,14.1052,-93.3523,10,4.5,mb,"121 km SW of Puerto Madero, Mexico"
2026-10-03T20:00:44.104Z,51.5457,159.8296,10,5.1,mb,"182 km SSE of Vilyuchinsk, Russia"
2026-10-03T18:12:46.916Z,20.6061,93.3991,35,4.9,mb,"72 km NE of Sittwe, Burma (Myanmar)"
2026-10-03T17:24:12.545Z,-6.0496,147.1678,81.86,4.6,mb,"76 km NNE of Lae, Papua New Guinea"
2026-10-03T13:51:11.299Z,-27.4948,-179.4827,453.487,4.5,mb,"Kermadec Islands region"
2026-10-03T06:05:21.157Z,29.221,130.6125,37.466,4.8,mb,"112 km S of Koshima, Japan"
2026-10-03T02:59:06.296Z,52.0836,160.4217,10,5,mb,"163 km SE of Petropavlovsk-Kamchatsky, Russia"
2026-10-03T00:11:38.239Z,31.2953,130.6093,126.853,4.5,mb,"7 km NNW of Ibusuki, Japan"
2026-10-03T00:01:38.784Z,51.9749,159.2731,38.69,4.8,mb,"121 km SSE of Vilyuchinsk, Russia"
2026-10-02T23:59:26.824Z,51.5846,159.7182,10,4.6,mb,"174 km SSE of Vilyuchinsk, Russia"
2026-10-02T23:54:13.503Z,51.7161,159.4679,35,4.7,mb,"153 km SSE of Vilyuchinsk, Russia"
2026-10-02T22:38:53.650Z,-49.3851,-116.9235,10,4.6,mb,"southern East Pacific Rise"
2026-10-02T21:14:06.969Z,51.9667,159.3701,35,4.6,mb,"125 km SSE of Vilyuchinsk, Russia"
2026-10-02T20:54:15.391Z,51.6886,159.8843,30.93,5,mb,"171 km SE of Vilyuchinsk, Russia"
2026-10-02T20:38:21.109Z,52.4691,158.2168,89.108,4.7,mb,"52 km SSW of Vilyuchinsk, Russia"
2026-10-02T20:37:48.318Z,52.5605,158.0496,74.647,4.6,mb,"46 km SSW of Paratunka, Russia"
2026-10-02T20:34:56.862Z,40.0341,142.8232,49.952,4.5,mb,"86 km E of Noda, Japan"
2026-10-02T20:27:27.120Z,51.3149,159.665,10,5.1,mb,"199 km SSE of Vilyuchinsk, Russia"
2026-10-02T20:26:02.878Z,-4.565,152.8363,86.736,4.6,mb,"67 km ESE of Kokopo, Papua New Guinea"
2026-10-02T20:25:29.894Z,51.862,159.3971,38.829,4.9,mb,"136 km SSE of Vilyuchinsk, Russia"
2026-10-02T18:25:20.940Z,51.5775,159.8307,10,5,mb,"179 km SSE of Vilyuchinsk, Russia"
2026-10-02T16:55:33.449Z,23.1453,94.5469,103.866,4.5,mb,"56 km SSE of Mawlaik, Burma (Myanmar)"
2026-10-02T16:34:41.010Z,51.6873,159.7398,29.477,5.8,mww,"165 km SSE of Vilyuchinsk, Russia"
2026-10-02T16:31:25.762Z,10.3698,-62.4223,9.763,5,mb,"26 km SSW of Güiria, Venezuela"
2026-10-02T16:02:10.426Z,53.0163,158.9242,99.084,4.6,mb,"20 km ESE of Petropavlovsk-Kamchatsky, Russia"
2026-10-02T16:01:39.581Z,-38.3802,145.8401,10,4.7,mb,"5 km NNE of Korumburra, Australia"
2026-10-02T15:26:42.710Z,38.1524,21.8509,10,4.5,mb,"7 km NE of Chalandrítsa, Greece"
2026-10-02T15:10:19.729Z,14.571,119.4593,10,4.8,mb,"78 km WSW of San Nicolas, Philippines"
2026-10-02T13:57:15.838Z,-39.1598,174.2598,10,5,mb,"6 km E of Inglewood, New Zealand"
2026-10-02T11:14:14.383Z,-6.6368,155.0136,38.25,5,mb,"63 km SW of Panguna, Papua New Guinea"
2026-10-02T06:53:35.007Z,18.7561,-104.3753,23.972,4.8,mww,"35 km SSW of El Colomo, Mexico"
2026-10-02T06:48:06.954Z,-7.9511,121.0985,10,4.5,mb,"101 km NE of Ruteng, Indonesia"
2026-10-02T05:38:55.084Z,2.5781,126.4944,10,4.8,mb,"192 km WNW of Tobelo, Indonesia"
2026-10-02T04:44:53.423Z,-8.9326,158.0215,10,5.1,mb,"159 km SE of Gizo, Solomon Islands"
2026-10-02T04:27:05.754Z,-24.7752,178.6446,557.245,5,mb,"south of the Fiji Islands"
2026-10-02T04:10:58.487Z,-7.1852,155.6075,35,4.9,mb,"97 km S of Panguna, Papua New Guinea"
2026-10-02T02:02:34.584Z,-11.1735,165.794,10,4.7,mb,"49 km S of Lata, Solomon Islands"
2026-10-01T21:01:41.707Z,36.0904,139.7487,65.032,4.5,mb,"2 km NE of Satte, Japan"
2026-10-01T20:00:34.322Z,-11.6728,167.0918,10,5.1,mb,"176 km SE of Lata, Solomon Islands"
2026-10-01T19:38:01.795Z,-11.7706,166.961,10,5.1,mww,"171 km SE of Lata, Solomon Islands"
2026-10-01T17:37:11.734Z,-7.9896,120.9009,10,4.6,mb,"83 km NE of Ruteng, Indonesia"
2026-10-01T17:17:20.097Z,39.8778,143.1734,35,5.1,mww,"108 km ENE of Miyako, Japan"
2026-10-01T14:46:19.877Z,53.7226,-163.7238,35,4.8,mb,"127 km S of False Pass, Alaska"
2026-10-01T14:19:59.078Z,-7.0805,120.9136,10,5,mb,"176 km NNE of Ruteng, Indonesia"
2026-10-01T12:27:11.864Z,35.7025,140.5507,41.649,5.3,mww,"0 km NNE of Yōkaichiba, Japan"
2026-10-01T10:51:42.236Z,41.6704,46.7292,10,4.5,mb,"8 km ENE of Zaqatala, Azerbaijan"
2026-10-01T10:03:15.128Z,31.0444,-41.428,10,4.7,mb,"northern Mid-Atlantic Ridge"
2026-10-01T08:45:44.312Z,-19.141,-172.7038,10,4.9,mb,"145 km ESE of Neiafu, Tonga"
2026-10-01T08:17:59.307Z,41.4538,73.1419,10,4.5,mb,"49 km SSE of Toktogul, Kyrgyzstan"
2026-10-01T07:40:06.605Z,31.2357,-41.5851,10,4.6,mb,"northern Mid-Atlantic Ridge"
2026-10-01T05:34:10.634Z,6.1116,123.8599,10,5,mb,"38 km WSW of Palimbang, Philippines"
2026-10-01T02:09:19.068Z,-6.154,130.346,94.793,4.5,mb,"272 km WSW of Tual, Indonesia"
2026-10-01T01:31:23.443Z,-0.863,123.1839,116.392,4.6,mb,"45 km ENE of Luwuk, Indonesia"
2026-10-01T01:29:20.694Z,36.0991,68.7818,49.602,5.2,mb,"7 km ESE of Baghlān, Afghanistan"
2026-10-01T00:28:22.644Z,19.2756,-43.0353,10,4.9,mb,"northern Mid-Atlantic Ridge"
2026-09-30T21:55:26.169Z,9.7526,-86.5063,8,5.6,mww,"94 km SW of Tamarindo, Costa Rica"
2026-09-30T21:11:57.694Z,25.2167,128.5077,10,4.6,mb,"131 km SE of Itoman, Japan"
2026-09-30T18:36:22.667Z,52.3676,160.2895,31.929,4.9,mb,"136 km SE of Petropavlovsk-Kamchatsky, Russia"
2026-09-30T18:21:19.257Z,52.3167,160.3332,35,5,mb,"142 km SE of Petropavlovsk-Kamchatsky, Russia"
2026-09-30T12:02:58.808Z,23.725,122.8749,10,4.6,mb,"83 km S of Yonakuni, Japan"
2026-09-30T11:21:31.407Z,37.7681,95.2949,10,4.5,mb,"271 km S of Dunhuang, China"
2026-09-30T10:58:50.586Z,-9.9243,123.6462,19.368,5,mb,"27 km N of Kupang, Indonesia"
2026-09-30T08:15:17.486Z,-5.435,152.1328,28.026,5.1,mb,"121 km S of Kokopo, Papua New Guinea"
2026-09-30T07:07:16.005Z,-63.5619,171.414,10,5.2,mww,"Balleny Islands region"
2026-09-30T06:50:03.339Z,-20.988,168.4237,10,5,mb,"83 km NE of Tadine, New Caledonia"
2026-09-30T05:20:59.067Z,38.3276,23.2795,9.833,4.6,mb,"3 km W of Thívai, Greece"
2026-09-30T05:00:24.971Z,23.8027,122.9149,10.792,5.6,mww,"74 km S of Yonakuni, Japan"
2026-09-30T04:48:06.031Z,-63.0088,169.2156,10,5.4,mww,"Balleny Islands region"
2026-09-30T02:35:50.369Z,4.6488,94.8515,33.873,4.5,mb,"112 km SSW of Banda Aceh, Indonesia"
2026-09-30T02:30:44.716Z,4.5021,125.7472,156.847,4.5,mb,"104 km SSE of Sarangani, Philippines"
2026-09-30T01:34:05.751Z,13.0922,120.4734,10,4.8,mb,"18 km SW of Tayaman, Philippines"
2026-09-30T01:17:47.844Z,-21.0085,168.3284,10,4.8,mb,"75 km NE of Tadine, New Caledonia"
2026-09-29T21:50:29.969Z,3.8311,-75.5906,10,4.5,mb,"15 km SW of San Antonio, Colombia"
2026-09-29T20:45:50.983Z,17.5267,122.4136,10,4.7,mb,"49 km N of Dicabisagan, Philippines"
2026-09-29T16:13:02.568Z,-19.2971,-174.2536,56.776,4.7,mb,"50 km N of Fangale’ounga, Tonga"
2026-09-29T15:31:18.586Z,-40.9373,-91.4145,10,4.6,mb,"West Chile Rise"
2026-09-29T15:17:18.167Z,-58.7473,-25.9552,114.229,4.8,mb,"South Sandwich Islands region"
2026-09-29T14:14:05.529Z,-8.8321,123.9679,153.006,4.9,mb,"61 km NW of Pante Makasar, Timor Leste"
2026-09-29T13:06:09.941Z,-35.2758,-16.0771,10,5.5,mww,"southern Mid-Atlantic Ridge"
2026-09-29T12:40:35.064Z,-20.6773,-174.0813,10,5.4,mb,"99 km SSE of Pangai, Tonga"
2026-09-29T11:36:39.240Z,40.4225,-125.41833333333,10,4.77,mw,"97 km W of Petrolia, CA"
2026-09-29T11:27:48.406Z,-18.2306,167.5446,10,4.8,mb,"98 km SW of Port-Vila, Vanuatu"
2026-09-29T10:42:57.409Z,-21.3447,168.5924,10,5,mb,"77 km ENE of Tadine, New Caledonia"
2026-09-29T10:22:14.613Z,-3.1213,-75.6413,134.763,4.5,mb,"96 km ENE of Alianza Cristiana, Peru"
2026-09-29T08:21:56.906Z,13.7623,-92.6345,41.479,4.5,mb,"95 km SSW of Ocós, Guatemala"
2026-09-29T06:38:49.006Z,-55.2555,-28.4628,35,4.8,mb,"South Sandwich Islands region"
2026-09-29T04:16:27.199Z,-55.3157,-28.2098,35.08,4.8,mb,"South Sandwich Islands region"
2026-09-29T03:23:54.418Z,-21.0716,168.4092,10,5.3,mww,"76 km NE of Tadine, New Caledonia"
2026-09-29T00:05:23.887Z,54.5068,161.5616,35,4.5,mb,"173 km SE of Atlasovo, Russia"
2026-09-28T19:45:07.515Z,36.0809,139.7782,70.972,4.9,mww,"2 km SW of Sakai, Japan"
2026-09-28T18:20:44.330Z,23.702,121.8063,19.011,4.6,mwr,"36 km SE of Hualien City, Taiwan"
2026-09-28T17:37:55.108Z,13.3879,51.4935,10,4.8,mb,"155 km NNW of Kilmia, Yemen"
2026-09-28T15:01:39.183Z,5.634,127.0338,78.202,4.9,mb,"124 km SE of Pondaguitan, Philippines"
2026-09-28T14:43:10.687Z,5.2548,94.3303,45.734,4.7,mb,"115 km WSW of Banda Aceh, Indonesia"
2026-09-28T13:38:40.724Z,-9.5835,159.5458,10,4.9,mb,"22 km WNW of Malango, Solomon Islands"
2026-09-28T13:22:39.769Z,82.6385,-7.1923,10,5.4,mww,"north of Svalbard"
2026-09-28T12:14:24.032Z,-20.6932,-178.4971,573.114,4.7,mb,"Fiji region"
2026-09-28T09:13:39.402Z,50.171,-129.6785,10,5.2,mww,"190 km WSW of Port McNeill, Canada"
2026-09-28T08:16:13.363Z,9.9585,126.6861,10,4.7,mb,"65 km E of Pilar, Philippines"
2026-09-28T06:37:56.356Z,-36.8177,179.6666,10,4.7,mb,"149 km NE of Hicks Bay, New Zealand"
2026-09-28T05:45:29.689Z,-21.2247,168.4274,10,5.2,mb,"67 km ENE of Tadine, New Caledonia"
2026-09-28T05:42:32.024Z,-21.3968,168.2294,10,4.9,mb,"39 km ENE of Tadine, New Caledonia"
2026-09-28T05:42:21.379Z,-21.2372,168.3953,10,4.6,mb,"63 km ENE of Tadine, New Caledonia"
2026-09-28T05:28:08.891Z,-21.2065,168.5459,10,5.1,mb,"78 km ENE of Tadine, New Caledonia"
2026-09-28T04:42:56.780Z,49.0259,151.5708,258.706,4.6,mb,"northwest of the Kuril Islands"
2026-09-28T04:41:33.467Z,-57.6502,-25.347,35,4.9,mb,"South Sandwich Islands region"
2026-09-28T04:41:21.639Z,50.0527,-130.2208,10,5.4,mww,"231 km WSW of Port McNeill, Canada"
2026-09-28T03:43:44.172Z,-57.6701,-25.2785,35,5.1,mb,"South Sandwich Islands region"
2026-09-28T03:25:06.893Z,-21.2245,168.3545,10,5.3,mww,"60 km NE of Tadine, New Caledonia"
2026-09-28T03:15:54.201Z,-21.1166,168.2188,10,4.7,mb,"59 km NE of Tadine, New Caledonia"
2026-09-28T02:53:43.974Z,50.2372,-129.7765,10,4.9,mww,"195 km WSW of Port McNeill, Canada"
2026-09-28T00:54:43.108Z,15.4374,119.503,10,4.9,mb,"43 km W of Palauig, Philippines"
2026-09-28T00:47:33.083Z,-21.4457,168.6452,10,4.8,mb,"80 km E of Tadine, New Caledonia"
2026-09-28T00:37:59.117Z,58.7371,163.9027,10,4.5,mb,"74 km SE of Ossora, Russia"
2026-09-27T22:47:06.874Z,-7.3468,155.7466,10,4.8,mb,"117 km SSE of Panguna, Papua New Guinea"
2026-09-27T21:57:52.940Z,4.503,-76.7895,71.66,4.6,mb,"23 km SW of Sipí, Colombia"
2026-09-27T21:49:47.506Z,18.5643,-69.0412,113.02,4.8,mww,"7 km WSW of Guaymate, Dominican Republic"
2026-09-27T21:14:44.538Z,-8.9624,123.8981,10,4.6,mb,"59 km WNW of Pante Makasar, Timor Leste"
2026-09-27T21:13:35.077Z,-59.1168,-25.9907,117.745,5,mb,"South Sandwich Islands region"
2026-09-27T19:05:12.429Z,-21.3015,168.8338,10,4.6,mb,"102 km ENE of Tadine, New Caledonia"
2026-09-27T18:29:58.261Z,27.9739,100.5554,10,4.6,mb,"19 km NW of Yongning, China"
2026-09-27T16:43:10.268Z,35.3861,99.5536,10,5,mb,"191 km NW of Oula Xiuma, China"
2026-09-27T15:41:04.974Z,-62.5354,165.9549,10,5.3,mww,"Balleny Islands region"
2026-09-27T07:48:11.749Z,50.9044,179.3215,46.522,4.6,mb,"Rat Islands, Aleutian Islands, Alaska"
2026-09-27T04:59:48.847Z,-8.8929,158.0533,10,4.9,mb,"159 km ESE of Gizo, Solomon Islands"
2026-09-27T04:14:44.454Z,-37.1357,-75.1898,10,4.5,mb,"145 km WNW of Lebu, Chile"
2026-09-27T02:22:10.562Z,-21.2857,168.7073,10,5.1,mb,"90 km ENE of Tadine, New Caledonia"
2026-09-27T01:18:25.822Z,-21.4298,168.4566,10,5,mb,"61 km ENE of Tadine, New Caledonia"
2026-09-26T21:49:27.543Z,-4.6357,152.9096,63.571,4.9,mb,"78 km ESE of Kokopo, Papua New Guinea"
2026-09-26T19:37:01.041Z,-8.1482,120.3303,10,4.9,mb,"53 km NNW of Ruteng, Indonesia"
2026-09-26T19:33:55.065Z,-21.3519,168.6277,10,4.5,mb,"80 km ENE of Tadine, New Caledonia"
2026-09-26T18:31:42.676Z,28.3378,104.8984,10,4.7,mb,"15 km WNW of Bowangshan, China"
2026-09-26T18:25:23.615Z,-21.3737,168.6475,10,4.8,mww,"81 km ENE of Tadine, New Caledonia"
2026-09-26T17:50:20.700Z,-48.6061,31.0969,10,4.6,mb,"south of Africa"
2026-09-26T16:33:43.256Z,13.2872,51.4567,10,5.2,mww,"148 km NW of Kilmia, Yemen"
2026-09-26T16:06:48.430Z,-21.4649,168.5787,10,4.8,mb,"72 km E of Tadine, New Caledonia"
2026-09-26T15:01:36.315Z,-21.268,168.5731,10,5,mww,"78 km ENE of Tadine, New Caledonia"
2026-09-26T14:08:18.875Z,-4.6288,152.8611,69.51,5.6,mww,"72 km ESE of Kokopo, Papua New Guinea"
2026-09-26T13:48:49.760Z,-21.0512,168.4849,10,4.8,mww,"83 km NE of Tadine, New Caledonia"
2026-09-26T13:38:15.958Z,-7.8646,123.2938,235.082,4.6,mb,"145 km NE of Maumere, Indonesia"
2026-09-26T12:14:58.406Z,-21.2176,168.3226,10,5.2,mb,"58 km NE of Tadine, New Caledonia"
2026-09-26T12:14:20.648Z,-21.1281,168.4681,10,5,mb,"76 km NE of Tadine, New Caledonia"
2026-09-26T12:11:01.897Z,-21.2646,168.5179,10,4.7,mb,"73 km ENE of Tadine, New Caledonia"
2026-09-26T10:53:15.123Z,1.831,89.4977,10,4.7,mb,"North Indian Ocean"
2026-09-26T10:21:05.896Z,-21.2105,168.4957,10,4.9,mww,"73 km ENE of Tadine, New Caledonia"
2026-09-26T09:10:31.027Z,-21.182,168.5301,10,4.8,mb,"78 km ENE of Tadine, New Caledonia"
2026-09-26T09:08:05.869Z,-21.0058,168.6238,10,4.8,mb,"97 km NE of Tadine, New Caledonia"
2026-09-26T09:07:19.622Z,-21.2366,168.4865,10,4.7,mb,"71 km ENE of Tadine, New Caledonia"
2026-09-26T08:54:03.961Z,-21.0172,168.6325,10,4.7,mb,"97 km NE of Tadine, New Caledonia"
2026-09-26T08:24:58.743Z,-21.2116,168.5478,10,5,mb,"78 km ENE of Tadine, New Caledonia"
2026-09-26T07:22:12.908Z,-21.2249,168.614,10,5,mww,"84 km ENE of Tadine, New Caledonia"
2026-09-26T07:08:02.558Z,-21.1943,168.4225,10,5.1,mb,"68 km NE of Tadine, New Caledonia"
2026-09-26T06:38:19.029Z,4.018,-75.8315,10,4.6,mb,"25 km W of Roncesvalles, Colombia"
2026-09-26T05:50:48.716Z,-21.227,168.4033,10,5.1,mb,"64 km ENE of Tadine, New Caledonia"
2026-09-26T02:52:55.988Z,68.8565,-16.9554,10,4.5,mb,"Iceland region"
2026-09-26T01:17:15.531Z,-21.2949,168.6129,10,4.7,mb,"80 km ENE of Tadine, New Caledonia"
2026-09-26T01:10:19.430Z,-21.2883,168.3721,10,5.3,mb,"58 km ENE of Tadine, New Caledonia"
2026-09-25T23:57:33.361Z,28.5792,104.6428,10,5,mb,"15 km NNW of Xunchang, China"
2026-09-25T23:52:35.158Z,-21.2023,168.4346,10,5.4,mb,"69 km ENE of Tadine, New Caledonia"
2026-09-25T23:39:41.392Z,-21.3748,168.4446,10,5.5,mww,"61 km ENE of Tadine, New Caledonia"
2026-09-25T23:32:44.392Z,-21.1532,168.5092,10,4.9,mb,"78 km NE of Tadine, New Caledonia"
2026-09-25T22:58:30.213Z,-21.2156,168.6112,10,4.8,mb,"84 km ENE of Tadine, New Caledonia"
2026-09-25T22:07:34.791Z,-21.2728,168.5744,10,5.1,mb,"78 km ENE of Tadine, New Caledonia"
2026-09-25T21:23:03.309Z,-21.2982,168.61,10,6.6,mww,"80 km ENE of Tadine, New Caledonia"
2026-09-25T21:01:27.262Z,28.5744,104.7032,10,5,mb,"13 km N of Xunchang, China"
2026-09-25T20:43:32.619Z,-24.0533,-179.9919,482.813,4.5,mb,"south of the Fiji Islands"
2026-09-25T20:41:09.329Z,-11.7022,166.6797,223.583,4.6,mb,"144 km SE of Lata, Solomon Islands"
2026-09-25T19:39:29.552Z,-8.2281,120.4296,14.458,4.8,mb,"42 km N of Ruteng, Indonesia"
2026-09-25T19:14:53.531Z,26.8398,128.5171,14.142,4.7,mb,"36 km ENE of Kunigami, Japan"
2026-09-25T15:29:07.875Z,-33.9903,-72.1838,18.7,5.2,mww,"69 km SW of San Antonio, Chile"
2026-09-25T13:47:27.392Z,-6.8071,105.3486,10,4.7,mb,"71 km SW of Labuan, Indonesia"
2026-09-25T12:37:16.665Z,-59.849,-61.371,10,4.9,mb,"Drake Passage"
2026-09-25T11:53:21.312Z,34.8425,77.5756,10,4.5,mb,"72 km E of Thang, India"
2026-09-25T11:12:15.838Z,-21.8904,174.0792,23.966,5.3,mww,"Vanuatu region"
2026-09-25T04:27:40.435Z,-7.4036,125.6985,10,5,mb,"124 km N of Metinaro, Timor Leste"
2026-09-25T00:57:07.267Z,4.5217,-76.9788,52.219,4.5,mb,"39 km WSW of Sipí, Colombia"
2026-09-24T23:30:28.053Z,-6.0863,147.3935,53.586,5.3,mww,"72 km NW of Finschhafen, Papua New Guinea"
2026-09-24T22:22:59.185Z,-29.4432,-177.6601,48.811,4.9,mb,"Kermadec Islands, New Zealand"
2026-09-24T20:05:25.988Z,1.9132,126.5357,48.469,4.6,mb,"155 km NW of Ternate, Indonesia"
2026-09-24T18:00:47.703Z,-4.6356,152.2767,93.994,5.1,mb,"32 km S of Kokopo, Papua New Guinea"
2026-09-24T16:46:31.643Z,3.7112,-75.7489,10,4.6,mb,"23 km NNW of Rioblanco, Colombia"
2026-09-24T16:28:01.662Z,-3.3098,139.9601,83.261,4.5,mb,"108 km SW of Abepura, Indonesia"
2026-09-24T15:37:26.218Z,-8.658,159.5421,10,4.5,mb,"57 km S of Buala, Solomon Islands"
2026-09-24T14:02:42.293Z,14.1475,-93.213,10,4.5,mb,"106 km SW of Puerto Madero, Mexico"
2026-09-24T12:29:58.824Z,-5.3396,151.4915,95.598,5.2,mb,"139 km SW of Kokopo, Papua New Guinea"
2026-09-24T11:08:24.838Z,-30.2344,-177.8691,35,4.9,mb,"Kermadec Islands, New Zealand"
2026-09-24T07:40:58.138Z,37.4736,38.8612,10,5.3,mww,"15 km SSW of Hilvan, Turkey"
2026-09-24T03:30:26.013Z,-8.33,119.3665,10,4.5,mb,"31 km NNW of Komodo, Indonesia"
2026-09-24T00:26:38.374Z,-1.8133,138.7809,35,4.6,mb,"223 km WNW of Abepura, Indonesia"
2026-09-23T22:31:20.377Z,-6.6396,148.2939,35,4.5,mb,"50 km E of Finschhafen, Papua New Guinea"
2026-09-23T20:09:44.688Z,3.8318,-75.4702,74.535,4.6,mb,"9 km S of San Antonio, Colombia"
2026-09-23T17:46:06.554Z,-16.3155,178.0237,10,5,mww,"139 km NNE of Ba, Fiji"
2026-09-23T17:20:32.721Z,-14.6397,-175.0529,10,4.9,mb,"193 km SE of Mata-Utu, Wallis and Futuna"
2026-09-23T16:48:37.858Z,-24.0812,-66.8891,193.188,4.6,mb,"59 km WNW of San Antonio de los Cobres, Argentina"
2026-09-23T14:45:35.743Z,-23.9741,179.2578,528.269,4.6,mb,"south of the Fiji Islands"
2026-09-23T14:41:02.650Z,-14.9369,-175.1114,10,5.7,mww,"180 km NW of Hihifo, Tonga"
2026-09-23T13:01:51.614Z,21.6622,143.0239,306.016,5,mb,"Mariana Islands region"
2026-09-23T12:23:20.274Z,1.217,126.5263,48.462,4.6,mb,"106 km WNW of Ternate, Indonesia"
2026-09-23T09:21:14.600Z,-28.7298,-67.2912,121.534,5.3,mww,"51 km WSW of Arauco, Argentina"
2026-09-23T08:41:58.018Z,-60.2661,-47.6004,10,4.9,mb,"Scotia Sea"
2026-09-23T07:36:24.790Z,-35.0606,-107.0125,10,4.9,mb,"southern East Pacific Rise"
2026-09-23T05:46:11.056Z,37.2772,71.768,141.19,4.7,mb,"30 km SE of Khorugh, Tajikistan"
2026-09-23T03:52:06.685Z,-57.7093,-25.5725,29.227,4.6,mb,"South Sandwich Islands region"
2026-09-23T00:30:03.268Z,30.2005,-42.0943,10,4.5,mb,"northern Mid-Atlantic Ridge"
2026-09-22T23:30:04.890Z,-57.6506,-25.7932,74.851,4.5,mb,"South Sandwich Islands region"
2026-09-22T22:27:39.202Z,-6.9129,105.4674,35,4.5,mb,"71 km SW of Labuan, Indonesia"
2026-09-22T22:12:26.626Z,3.9539,-75.8291,10,4.6,mb,"25 km WSW of Roncesvalles, Colombia"
2026-09-22T20:34:43.245Z,9.7992,126.285,10,4.7,mb,"19 km ENE of Union, Philippines"
2026-09-22T20:11:49.199Z,-20.8795,-175.6376,94.085,5,mb,"47 km NW of Houma, Tonga"
2026-09-22T16:09:09.440Z,41.7997,82.3165,10,4.5,mb,"51 km W of Kuqa, China"
2026-09-22T13:56:15.091Z,50.4343,156.4937,83.948,4.6,mb,"37 km SE of Severo-Kuril’sk, Russia"
2026-09-22T11:43:45.547Z,14.113,-91.1165,88.793,4.7,mb,"7 km WNW of La Gomera, Guatemala"
2026-09-22T10:46:22.312Z,29.0367,128.8944,10,5.1,mww,"88 km NNW of Uken, Japan"
2026-09-22T10:30:19.045Z,-6.3408,128.6303,295.618,4.6,mb,"296 km S of Ambon, Indonesia"
2026-09-22T06:48:09.705Z,11.0957,124.2096,10,4.6,mb,"19 km ENE of Nailong, Philippines"
2026-09-22T06:11:10.037Z,23.003,142.3395,10,4.9,mb,"Volcano Islands, Japan region"
2026-09-22T05:18:24.687Z,23.1331,142.4369,10,5,mb,"Volcano Islands, Japan region"
2026-09-22T03:36:25.949Z,-8.3909,121.4677,10,4.7,mb,"54 km NNW of Ende, Indonesia"
2026-09-22T00:08:04.727Z,19.2155,121.0898,10,4.8,mb,"67 km N of Claveria, Philippines"
2026-09-21T23:48:13.188Z,4.5364,125.3444,10,5.3,mb,"96 km S of Sarangani, Philippines"
2026-09-21T22:29:59.302Z,37.5254,142.0357,35,4.5,mb,"91 km E of Namie, Japan"
2026-09-21T21:37:04.841Z,-56.5177,-24.1611,10,5,mb,"South Sandwich Islands region"
2026-09-21T20:34:32.515Z,-28.701,-176.4408,10,4.6,mb,"Kermadec Islands region"
2026-09-21T18:48:44.872Z,3.9032,-75.4687,10,4.5,mb,"1 km SE of San Antonio, Colombia"
2026-09-21T17:38:42.560Z,-22.0428,-67.5392,193.19,4.5,mb,"116 km SE of Ollagüe, Chile"
2026-09-21T15:56:20.800Z,31.8597,142.3866,10,4.5,mb,"Izu Islands, Japan region"
2026-09-21T13:38:32.301Z,32.5581,132.0918,46.166,4.7,mww,"40 km E of Nobeoka, Japan"
2026-09-21T12:17:05.292Z,-21.2643,-68.9887,121.183,4.7,mb,"76 km W of Ollagüe, Chile"
2026-09-21T11:48:28.996Z,-22.3643,-71.8678,10,5.2,mb,"167 km WNW of Mejillones, Chile"
2026-09-21T10:48:16.231Z,37.9169,72.4916,129.316,4.7,mb,"95 km ENE of Khorugh, Tajikistan"
2026-09-21T07:31:07.967Z,-0.8563,122.4959,9.863,5,mb,"34 km WNW of Luwuk, Indonesia"
2026-09-21T04:28:40.661Z,-36.2456,177.7978,213.01,4.7,mb,"156 km NNW of Hicks Bay, New Zealand"
2026-09-21T03:58:24.483Z,-8.397,-78.8646,73.088,4.5,mb,"4 km W of Victor Raul, Peru"
2026-09-21T01:41:36.315Z,-8.307,120.5793,10,5.5,mb,"35 km NNE of Ruteng, Indonesia"
2026-09-21T01:02:04.529Z,37.8136,36.2994,10,4.9,mww,"26 km SE of Saimbeyli, Turkey"
2026-09-21T00:08:39.895Z,4.9141,125.3922,10,4.6,mb,"54 km S of Sarangani, Philippines"
2026-09-20T23:36:46.916Z,-58.8153,-14.8256,10,4.6,mb,"east of the South Sandwich Islands"
2026-09-20T23:25:37.454Z,43.596,146.5523,57.31,4.6,mww,"26 km SSW of Shikotan, Russia"
2026-09-20T22:51:20.032Z,-12.4424,166.4026,10,5,mb,"201 km SSE of Lata, Solomon Islands"
2026-09-20T22:09:59.182Z,-23.0473,171.7522,10,4.9,mb,"southeast of the Loyalty Islands"
2026-09-20T21:06:20.169Z,52.7316,-162.4841,10,5,mb,"244 km SSE of False Pass, Alaska"
2026-09-20T20:54:37.205Z,-48.4518,31.2519,10,5.5,mww,"south of Africa"
2026-09-20T20:41:20.572Z,27.6892,67.0066,10,4.5,mb,"41 km ESE of Khuzdar, Pakistan"
2026-09-20T15:39:26.574Z,-6.9664,127.4259,10,4.6,mb,"178 km NNE of Lospalos, Timor Leste"
2026-09-20T15:37:53.357Z,9.0946,126.1574,87.203,4.6,mb,"2 km S of Buenavista, Philippines"
2026-09-20T15:33:50.990Z,-20.3729,-177.8624,513.308,4.5,mb,"280 km WNW of Houma, Tonga"
2026-09-20T13:55:47.125Z,52.7501,-170.3466,87.277,4.6,mb,"102 km WSW of Nikolski, Alaska"
2026-09-20T13:55:15.584Z,-22.9629,-68.5704,110.65,4.6,mb,"38 km W of San Pedro de Atacama, Chile"
2026-09-20T13:54:56.985Z,33.9889,137.3197,357.877,4.7,mb,"58 km SE of Shima, Japan"
2026-09-20T13:00:45.411Z,-15.8731,-174.7672,10,5.2,mww,"104 km W of Hihifo, Tonga"
2026-09-20T12:45:53.415Z,-5.7711,146.2041,116.019,5.4,mww,"68 km NNE of Kainantu, Papua New Guinea"
2026-09-20T12:24:22.144Z,-10.6446,164.9562,33.9,4.8,mb,"92 km W of Lata, Solomon Islands"
2026-09-20T09:17:35.624Z,-5.9021,146.0922,104.329,6.4,mww,"49 km NNE of Kainantu, Papua New Guinea"
2026-09-20T08:47:54.359Z,-25.958,-66.5832,10,5.3,mww,"61 km WNW of Cafayate, Argentina"
2026-09-20T07:32:58.042Z,13.2388,145.7099,22.894,4.6,mb,"94 km ESE of Yigo Village, Guam"
2026-09-20T07:28:22.963Z,28.4442,129.3273,68.899,5.1,mww,"17 km WNW of Naze, Japan"
2026-09-20T06:47:57.789Z,13.2611,145.7678,16.578,4.9,mb,"99 km ESE of Yigo Village, Guam"
2026-09-20T05:07:03.090Z,-15.9518,-174.5258,10,5,mb,"78 km W of Hihifo, Tonga"
2026-09-20T03:43:24.202Z,13.0833,145.9048,10,5.3,mb,"120 km ESE of Yigo Village, Guam"
2026-09-20T02:44:21.022Z,15.0395,-60.5578,46.424,4.5,mwr,"54 km ENE of Sainte-Marie, Martinique"
2026-09-20T00:58:14.425Z,57.1211,-33.5459,10,5.3,mww,"Reykjanes Ridge"
2026-09-20T00:33:21.417Z,-15.9606,-174.5971,10,4.9,mb,"85 km W of Hihifo, Tonga"
2026-09-19T20:24:42.324Z,57.1264,-33.4238,10,5.3,mww,"Reykjanes Ridge"
2026-09-19T15:53:54.494Z,41.1968,83.518,10,4.5,mb,"75 km SE of Kuqa, China"
2026-09-19T13:56:00.869Z,-8.1668,120.8819,10,5.1,mb,"67 km NE of Ruteng, Indonesia"
2026-09-19T13:44:35.732Z,4.5179,-76.8729,58.204,4.8,mb,"29 km WSW of Sipí, Colombia"
2026-09-19T12:19:54.779Z,32.0205,89.2208,10,4.5,mb,"269 km NNW of Dêqên, China"
2026-09-19T12:07:12.229Z,32.4073,129.8761,10,4.7,mb,"26 km NNW of Ushibukamachi, Japan"
2026-09-19T10:31:17.203Z,27.2385,91.1652,10,4.8,mb,"8 km WSW of Mongar, Bhutan"
2026-09-19T09:59:57.562Z,-55.5609,-28.1387,58.01,5,mb,"South Sandwich Islands region"
2026-09-19T09:34:04.631Z,47.4404,146.3571,395.036,4.8,mb,"269 km E of Dolinsk, Russia"
2026-09-19T08:47:44.610Z,-12.0883,165.9791,10,4.8,mb,"152 km S of Lata, Solomon Islands"
2026-09-19T07:44:25.478Z,-2.5871,138.7377,10,4.8,mb,"210 km W of Abepura, Indonesia"
2026-09-19T07:12:27.058Z,-4.0134,-77.349,10,4.9,mww,"117 km NW of Barranca, Peru"
2026-09-19T07:08:23.856Z,30.1668,131.1901,38.536,4.6,mb,"57 km ESE of Koseda, Japan"
2026-09-19T04:18:35.318Z,-1.8561,138.8882,10,5.2,mb,"210 km WNW of Abepura, Indonesia"
2026-09-18T23:51:06.691Z,-7.4538,-132.1271,10,4.7,mb,"South Pacific Ocean"
2026-09-18T23:18:28.306Z,-27.8581,-177.2286,94.054,5.5,mww,"Kermadec Islands region"
2026-09-18T19:16:37.535Z,55.7503,164.062,30.943,4.5,mb,"112 km ESE of Ust’-Kamchatsk Staryy, Russia"
2026-09-18T18:41:23.319Z,4.3989,-76.6893,83.3,4.5,mb,"28 km S of Sipí, Colombia"
2026-09-18T17:42:37.843Z,-8.7071,105.6209,10,4.5,mb,"216 km SSW of Pelabuhanratu, Indonesia"
2026-09-18T16:52:07.849Z,-33.322,-70.3171,100.054,4.8,mwr,"28 km ENE of Villa Presidente Frei, Chile"
2026-09-18T16:37:23.949Z,-4.1133,102.2302,86.112,4.6,mb,"34 km S of Bengkulu, Indonesia"
2026-09-18T14:36:18.354Z,-8.4912,105.8744,10,5.2,mb,"182 km SSW of Pelabuhanratu, Indonesia"
2026-09-18T13:57:59.791Z,-13.1808,167.0421,226.828,4.6,mb,"94 km NW of Sola, Vanuatu"
2026-09-18T13:19:35.140Z,17.9391,-66.9455,7,4.8,ml,"5 km SW of Guánica, Puerto Rico"
2026-09-18T13:12:49.370Z,14.3814,-93.5556,10,4.6,mb,"125 km SSW of La Esperanza (El Zapotal), Mexico"
2026-09-18T12:20:56.630Z,-8.3213,120.5723,10,4.7,mb,"34 km NNE of Ruteng, Indonesia"
2026-09-18T12:09:48.959Z,30.8534,99.922,10,4.6,mb,"204 km N of Daocheng, China"
2026-09-18T08:39:05.687Z,32.3403,141.3279,38.88,4.6,mb,"Izu Islands, Japan region"
2026-09-18T07:21:11.062Z,32.371,141.2894,43.854,4.5,mb,"Izu Islands, Japan region"
2026-09-18T07:19:29.154Z,32.3036,141.402,38.867,5,mww,"Izu Islands, Japan region"
2026-09-18T06:42:29.274Z,-21.9479,-179.3724,548.378,4.7,mb,"Fiji region"
2026-09-18T06:17:03.598Z,4.3224,-76.7931,68.374,4.7,mb,"40 km SSW of Sipí, Colombia"
2026-09-18T02:12:28.463Z,32.3401,141.3761,36.296,4.5,mb,"Izu Islands, Japan region"
2026-09-18T01:07:30.435Z,32.1616,131.754,53.945,4.6,mb,"20 km ESE of Tsunō, Japan"
2026-09-17T21:10:25.572Z,4.5211,-76.8219,57.808,4.7,mb,"24 km SW of Sipí, Colombia"
2026-09-17T20:23:45.505Z,-5.6816,130.7889,69.002,4.6,mb,"217 km W of Tual, Indonesia"
2026-09-17T19:19:06.820Z,30.1814,-42.1941,10,4.9,mb,"northern Mid-Atlantic Ridge"
2026-09-17T19:17:33.061Z,-7.7582,104.4708,10,4.5,mb,"214 km SW of Labuan, Indonesia"
2026-09-17T15:51:18.117Z,-40.6345,-73.4372,59.712,4.6,mb,"26 km WSW of Osorno, Chile"
2026-09-17T14:19:52.472Z,52.9564,-171.5033,98,6.5,mww,"177 km W of Nikolski, Alaska"
2026-09-17T13:30:50.164Z,52.2672,159.5083,64.295,4.7,mb,"105 km SE of Vilyuchinsk, Russia"
2026-09-17T08:28:25.531Z,-8.1916,121.4748,10,4.5,mb,"74 km NNW of Ende, Indonesia"
2026-09-17T06:48:41.638Z,-22.6059,-20.2867,10,5,mb,"South Atlantic Ocean"
2026-09-17T06:42:40.709Z,-14.3959,-174.8386,10,5.3,mww,"189 km SE of Mata-Utu, Wallis and Futuna"
2026-09-17T06:32:08.637Z,-16.6078,167.5939,10,4.7,mb,"59 km SSE of Lakatoro, Vanuatu"
2026-09-17T06:20:48.427Z,1.2794,126.3131,10,5.2,mb,"130 km WNW of Ternate, Indonesia"
2026-09-17T05:24:31.743Z,13.8344,-91.0436,68.49,4.6,mb,"26 km WSW of Puerto San José, Guatemala"
2026-09-17T04:06:53.528Z,-17.3232,-173.4476,10,5.3,mb,"155 km SSE of Hihifo, Tonga"
2026-09-17T00:43:13.231Z,-31.6743,-178.8397,10,4.5,mb,"Kermadec Islands region"
2026-09-16T21:29:33.994Z,-62.7008,166.362,10,4.5,mb,"Balleny Islands region"
2026-09-16T21:06:52.537Z,-7.304,-13.3461,10,5,mb,"136 km ENE of Georgetown, Saint Helena"
2026-09-16T20:55:00.902Z,4.46,-76.8006,51.459,4.7,mb,"27 km SW of Sipí, Colombia"
2026-09-16T20:21:24.473Z,-6.0303,151.7908,10,5.1,mb,"190 km ESE of Kimbe, Papua New Guinea"
2026-09-16T20:12:52.374Z,4.5496,-76.8399,66.069,4.9,mww,"24 km WSW of Sipí, Colombia"
2026-09-16T20:03:35.025Z,-30.2154,-177.5927,35,4.9,mb,"Kermadec Islands, New Zealand"
2026-09-16T19:37:05.143Z,-5.5399,146.0172,59.858,4.6,mb,"43 km SE of Madang, Papua New Guinea"
2026-09-16T18:06:40.400Z,14.2719,145.4199,106.631,5.1,mww,"80 km SSW of San Jose Village, Northern Mariana Islands"
2026-09-16T15:07:38.656Z,36.1092,139.9782,79.922,4.8,mww,"1 km SE of Ishige, Japan"
2026-09-16T12:33:23.712Z,9.0247,40.13,10,4.5,mb,"6 km NW of Āwash, Ethiopia"
2026-09-16T11:50:12.695Z,7.7513,127.1328,10,4.9,mb,"64 km E of Kinablangan, Philippines"
2026-09-16T09:41:47.654Z,-15.0655,167.0164,60.686,4.7,mb,"6 km WSW of Port-Olry, Vanuatu"
2026-09-16T08:37:00.012Z,14.3886,147.1141,10,5.1,mb,"172 km ESE of Saipan, Northern Mariana Islands"
2026-09-16T07:02:13.029Z,6.0969,-77.8115,10,4.8,mb,"47 km WSW of Bahía Solano, Colombia"
2026-09-16T06:18:06.190Z,4.495,-76.7822,71.01,4.6,mb,"23 km SW of Sipí, Colombia"
2026-09-16T05:52:03.328Z,37.7078,95.4963,10.46,5,mb,"281 km SSE of Dunhuang, China"
2026-09-16T03:45:02.896Z,13.9242,-92.4659,10,5,mww,"71 km SSW of Ocós, Guatemala"
2026-09-16T01:37:17.469Z,10.6763,-69.2761,10,4.5,mb,"44 km NNW of Duaca, Venezuela"
2026-09-15T23:46:59.088Z,13.3907,50.7844,10,4.7,mww,"157 km N of Caluula, Somalia"
2026-09-15T23:45:06.526Z,-1.6399,-78.06,155.75,4.5,mb,"12 km WNW of Palora, Ecuador"
2026-09-15T22:05:25.947Z,-15.2019,-173.1703,10,4.7,mb,"106 km NE of Hihifo, Tonga"
2026-09-15T21:00:34.916Z,25.0843,123.6411,8.769,4.7,mww,"94 km NE of Yonakuni, Japan"
2026-09-15T16:12:49.382Z,-4.2614,102.0754,76.224,4.5,mb,"55 km SSW of Bengkulu, Indonesia"
2026-09-15T14:16:11.033Z,-8.3244,129.2771,10,4.5,mb,"251 km E of Lospalos, Timor Leste"
2026-09-15T11:34:58.788Z,-7.3986,155.3847,10,4.7,mb,"120 km S of Panguna, Papua New Guinea"
2026-09-15T10:20:14.786Z,-7.2054,155.3788,10,4.7,mb,"99 km S of Panguna, Papua New Guinea"
2026-09-15T06:07:52.712Z,-6.6349,130.3422,83.829,4.8,mb,"289 km WSW of Tual, Indonesia"
2026-09-15T04:52:25.841Z,-21.6425,170.1947,98.934,4.6,mb,"239 km E of Tadine, New Caledonia"
2026-09-15T04:12:39.296Z,-36.3867,-100.2436,10,4.5,mb,"southeast of Easter Island"
2026-09-15T03:48:40.350Z,14.5154,56.1208,10,4.5,mb,"Owen Fracture Zone region"
2026-09-15T02:03:45.468Z,9.5334,126.148,10,4.8,mb,"22 km ESE of Socorro, Philippines"
2026-09-15T01:11:19.414Z,-57.7558,-23.2342,10,4.5,mb,"South Sandwich Islands region"
2026-09-14T23:52:47.098Z,-16.7951,176.6053,10,4.8,mb,"127 km NW of Lautoka, Fiji"
2026-09-14T22:44:47.054Z,-40.2954,174.1808,97.8,4.5,mwr,"64 km SSW of Patea, New Zealand"
2026-09-14T22:39:04.026Z,4.474,-76.7671,69.61,4.6,mb,"24 km SW of Sipí, Colombia"
2026-09-14T22:06:53.245Z,-6.2639,146.5802,120.524,5,mb,"68 km NW of Lae, Papua New Guinea"
2026-09-14T21:17:25.272Z,3.1402,126.5358,70.038,4.5,mb,"226 km NW of Tobelo, Indonesia"
2026-09-14T21:13:16.278Z,4.5502,-76.8767,50.363,4.9,mww,"28 km WSW of Sipí, Colombia"
2026-09-14T20:58:48.680Z,-20.0229,67.4078,10,4.5,mb,"Mid-Indian Ridge"
2026-09-14T20:38:59.588Z,15.117,-104.2162,10,5.3,mww,"off the coast of Michoacan, Mexico"
2026-09-14T20:08:04.768Z,4.4634,-76.8214,52.692,4.6,mb,"28 km SW of Sipí, Colombia"
2026-09-14T20:02:04.673Z,4.5034,-76.7177,63.624,4.9,mww,"18 km SSW of Sipí, Colombia"
2026-09-14T19:28:53.689Z,-6.8916,150.7071,10,4.8,mb,"148 km ESE of Kandrian, Papua New Guinea"
2026-09-14T19:16:49.717Z,-3.7448,-77.3641,104.887,4.8,mb,"107 km WSW of Alianza Cristiana, Peru"
2026-09-14T17:55:15.372Z,-1.8336,128.1779,10,4.6,mb,"154 km SSE of Labuha, Indonesia"
2026-09-14T16:15:05.794Z,-8.973,157.8632,10,5.1,mww,"147 km SE of Gizo, Solomon Islands"
2026-09-14T14:57:10.300Z,4.5173,-76.6989,65.22,4.5,mb,"16 km SSW of Sipí, Colombia"
2026-09-14T10:59:54.677Z,37.6068,141.5344,51.32,4.6,mb,"49 km E of Minami-Sōma, Japan"
2026-09-14T10:58:03.047Z,2.4223,128.1704,162.179,5.6,mww,"78 km NNE of Tobelo, Indonesia"
2026-09-14T09:27:38.536Z,-8.5419,105.8726,10,5.5,mb,"187 km SSW of Pelabuhanratu, Indonesia"
2026-09-14T09:07:29.558Z,23.2962,101.406,10,4.5,mb,"71 km NE of Simao, China"
2026-09-14T07:33:04.419Z,37.1853,142.2375,35,4.5,mb,"109 km E of Tomioka, Japan"
2026-09-14T06:19:11.496Z,-5.0593,144.6082,99.155,4.5,mb,"97 km NNE of Mount Hagen, Papua New Guinea"
2026-09-14T02:56:57.937Z,25.6619,-45.406,10,4.9,mb,"northern Mid-Atlantic Ridge"
2026-09-14T02:56:17.944Z,25.5217,-45.438,10,5.4,mww,"northern Mid-Atlantic Ridge"
2026-09-14T02:54:59.849Z,25.5128,-45.3286,10,4.8,mb,"northern Mid-Atlantic Ridge"
2026-09-14T01:42:08.793Z,-9.309,112.8866,31.867,4.8,mb,"122 km S of Dampit, Indonesia"
2026-09-14T00:53:46.937Z,-8.1707,120.3526,10,4.5,mb,"50 km NNW of Ruteng, Indonesia"
2026-09-14T00:20:59.900Z,-20.1857,67.2916,10,4.6,mb,"Mid-Indian Ridge"
2026-09-13T23:27:47.729Z,-20.1437,67.5504,10,4.6,mb,"Mid-Indian Ridge"
2026-09-13T22:44:41.189Z,22.7027,121.5961,10,4.6,mww,"116 km NE of Hengchun, Taiwan"
2026-09-13T22:40:01.429Z,-8.1863,120.2331,10,5,mb,"51 km NE of Labuan Bajo, Indonesia"
2026-09-13T19:41:43.064Z,-20.1089,168.9078,10,4.8,mb,"74 km SSW of Isangel, Vanuatu"
2026-09-13T19:40:25.496Z,-26.1509,-66.6119,10,4.7,mb,"64 km W of Cafayate, Argentina"
2026-09-13T08:31:15.508Z,41.5429,141.2795,125.794,4.7,mb,"28 km N of Mutsu, Japan"
2026-09-13T07:30:23.229Z,-22.3898,171.2181,97.479,5,mww,"southeast of the Loyalty Islands"
2026-09-13T07:19:23.968Z,-15.2804,167.3824,154.069,5.2,mww,"35 km NE of Luganville, Vanuatu"
2026-09-13T03:50:31.912Z,26.257,142.3174,10,4.8,mb,"Bonin Islands, Japan region"
2026-09-13T03:14:42.043Z,-8.4577,121.5341,10,4.5,mb,"44 km NNW of Ende, Indonesia"
2026-09-12T20:32:57.905Z,29.3365,130.3836,35.096,5.1,mww,"99 km S of Yudomari, Japan"
2026-09-12T17:51:44.742Z,38.1323,20.2022,28.35,4.8,mww,"21 km WSW of Lixoúri, Greece"
2026-09-12T15:56:08.082Z,-14.7118,167.2146,174.756,4.5,mb,"39 km NNE of Port-Olry, Vanuatu"
2026-09-12T12:46:16.016Z,-5.1136,153.3109,41.179,4.6,mb,"143 km SE of Kokopo, Papua New Guinea"
2026-09-12T11:16:11.650Z,4.4611,-76.8685,68.129,4.7,mb,"32 km SW of Sipí, Colombia"
2026-09-12T11:05:46.433Z,-56.2951,-26.9013,102.352,4.9,mb,"South Sandwich Islands region"
2026-09-12T09:35:49.382Z,-13.4125,166.4985,43.204,4.8,mb,"124 km WNW of Sola, Vanuatu"
2026-09-12T08:46:38.186Z,-14.4855,-76.2161,24.123,4.5,mb,"63 km WSW of Santiago, Peru"
2026-09-12T06:14:30.594Z,-6.0912,130.5082,134.354,4.8,mb,"253 km WSW of Tual, Indonesia"
2026-09-12T05:08:24.039Z,1.0665,126.5851,44.24,4.7,mb,"94 km WNW of Ternate, Indonesia"
2026-09-12T04:10:14.081Z,18.7346,121.1983,10,4.5,mb,"14 km NNE of Namuac, Philippines"
2026-09-12T03:59:09.231Z,10.3114,93.1932,68.633,4.5,mb,"157 km SSE of Port Blair, India"
2026-09-12T01:59:50.236Z,8.329,-82.8155,10,4.7,mb,"0 km NE of Manaca Civil, Panama"
2026-09-12T00:55:08.581Z,-59.1133,-24.9256,10,5.1,mb,"South Sandwich Islands region"
2026-09-12T00:18:58.915Z,-15.6804,-73.9864,101.191,4.5,mb,"11 km ESE of Tocota, Peru"
2026-09-11T22:32:23.530Z,-45.7364,-75.8244,10,4.9,mb,"236 km W of Puerto Chacabuco, Chile"
2026-09-11T21:23:55.815Z,-5.0271,106.8682,372,6.5,mww,"121 km NNE of Teluknaga, Indonesia"
2026-09-11T18:53:29.398Z,40.0877,143.2113,22.504,4.5,mb,"118 km E of Noda, Japan"
2026-09-11T16:42:31.376Z,4.4626,-76.8003,68.328,4.7,mb,"27 km SW of Sipí, Colombia"
2026-09-11T15:44:35.533Z,-32.5696,-178.8259,35,4.9,mb,"south of the Kermadec Islands"
2026-09-11T11:56:23.115Z,-7.2863,128.9383,111.763,5.9,mww,"253 km ENE of Lospalos, Timor Leste"
2026-09-11T10:47:12.613Z,51.213,-178.5429,40.892,5.3,mb,"151 km WSW of Adak, Alaska"
2026-09-11T08:59:58.609Z,79.5726,5.088,10,4.5,mb,"271 km WNW of Longyearbyen, Svalbard and Jan Mayen"
2026-09-11T07:31:46.340Z,54.0611,-163.1545,50.317,4.5,mb,"89 km S of False Pass, Alaska"
2026-09-11T02:28:13.071Z,-18.9259,169.3953,18.748,4.9,mb,"69 km N of Isangel, Vanuatu"
2026-09-10T22:54:12.391Z,-13.4005,166.4529,15.15,4.9,mb,"130 km WNW of Sola, Vanuatu"
2026-09-10T20:46:22.746Z,-24.6675,-175.3398,10,4.9,mb,"south of Tonga"
2026-09-10T19:55:35.690Z,-5.5451,154.2701,141.149,4.5,mb,"159 km WNW of Panguna, Papua New Guinea"
2026-09-10T18:44:40.075Z,-8.5223,127.729,10,5.3,mb,"80 km E of Lospalos, Timor Leste"
2026-09-10T18:21:19.077Z,-34.7752,-109.1447,10,5.4,mww,"southern East Pacific Rise"
2026-09-10T18:04:04.276Z,9.1718,-84.1473,35,4.6,mb,"28 km S of Quepos, Costa Rica"
2026-09-10T16:53:33.841Z,27.1446,103.0297,10,4.7,mb,"70 km WSW of Zhaotong, China"
2026-09-10T14:15:53.168Z,1.6184,-90.6441,10,4.7,mb,"263 km N of Puerto Ayora, Ecuador"
2026-09-10T13:35:05.103Z,11.945,143.9047,10,4.7,mb,"168 km SSW of Merizo Village, Guam"
2026-09-10T13:29:03.836Z,14.1688,-92.9951,10,4.5,mb,"86 km SW of Puerto Madero, Mexico"
2026-09-10T13:28:15.938Z,12.0362,143.8288,10,5.1,mww,"163 km SW of Merizo Village, Guam"
2026-09-10T12:05:53.736Z,-17.8933,-65.8339,372.617,4.8,mb,"35 km SSE of Cliza, Bolivia"
2026-09-10T10:39:36.283Z,-3.9669,-77.3635,22.065,4.7,mb,"116 km WSW of Alianza Cristiana, Peru"
2026-09-10T08:26:53.928Z,9.057,-84.0167,10,5,mww,"44 km SSE of Quepos, Costa Rica"
2026-09-10T06:42:40.227Z,-3.8999,-77.4661,10,5.3,mww,"123 km WSW of Alianza Cristiana, Peru"
2026-09-09T21:29:54.366Z,-28.559,74.3255,10,4.8,mb,"Mid-Indian Ridge"
2026-09-09T20:21:12.084Z,-20.8661,169.8461,90.849,4.7,mb,"158 km SSE of Isangel, Vanuatu"
2026-09-09T20:17:10.315Z,38.8791,70.5965,10,4.6,mb,"25 km SE of Rasht, Tajikistan"
2026-09-09T19:15:11.749Z,-19.7045,170.0126,10,4.9,mww,"78 km ESE of Isangel, Vanuatu"
2026-09-09T18:19:02.792Z,-20.6761,-178.1379,502.116,4.6,mb,"Fiji region"
2026-09-09T17:59:02.321Z,15.2793,146.3353,56.217,4.6,mb,"62 km E of Saipan, Northern Mariana Islands"
2026-09-09T17:45:52.505Z,-8.805,123.9956,72.426,4.6,mb,"61 km NW of Pante Makasar, Timor Leste"
2026-09-09T17:18:45.412Z,-19.7601,170.0654,10,5.1,mww,"85 km ESE of Isangel, Vanuatu"
2026-09-09T17:01:52.187Z,-19.8119,169.9611,10,5.2,mww,"77 km ESE of Isangel, Vanuatu"
2026-09-09T12:18:18.632Z,-15.1723,-173.3756,10,4.5,mb,"97 km NNE of Hihifo, Tonga"
2026-09-09T11:12:15.206Z,-9.0233,123.7265,64.58,4.5,mb,"63 km N of Naisano Dua, Indonesia"
2026-09-09T10:51:39.030Z,34.9738,112.2721,10,4.6,mb,"30 km WSW of Jiyuan, China"
2026-09-09T10:38:01.945Z,-36.2377,-100.0386,10,4.5,mb,"southeast of Easter Island"
2026-09-09T10:12:08.894Z,45.2076,118.2598,10,4.6,mb,"224 km NE of Xilin Hot, China"
2026-09-09T10:06:57.769Z,-26.0568,-66.6066,10,4.9,mb,"62 km W of Cafayate, Argentina"
2026-09-09T07:07:02.446Z,3.9944,125.0457,10,5,mb,"162 km SSW of Sarangani, Philippines"
2026-09-09T02:22:06.221Z,46.8141,155.8112,10,4.5,mb,"east of the Kuril Islands"
2026-09-09T02:10:17.390Z,-56.1698,-138.8564,10,4.9,mb,"Pacific-Antarctic Ridge"
2026-09-09T02:06:26.017Z,-55.989,-138.9676,10,4.9,mb,"Pacific-Antarctic Ridge"
2026-09-09T01:53:15.663Z,-9.0824,-108.2788,10,4.5,mb,"central East Pacific Rise"
2026-09-08T23:23:42.258Z,16.6148,148.4607,10,4.9,mb,"Mariana Islands region"
2026-09-08T21:57:33.219Z,-17.7572,-172.2456,10,4.9,mb,"208 km ENE of Neiafu, Tonga"
2026-09-08T21:42:22.401Z,-8.1811,120.5204,16.325,4.6,mb,"47 km N of Ruteng, Indonesia"
2026-09-08T16:43:04.516Z,-30.372,-177.6582,10,4.5,mb,"Kermadec Islands, New Zealand"
2026-09-08T16:08:34.802Z,29.2121,83.9688,10,4.9,mb,"91 km NNE of Chitre, Nepal"
2026-09-08T15:43:57.208Z,-16.083,-173.2992,10,4.9,mb,"55 km ESE of Hihifo, Tonga"
2026-09-08T15:36:34.825Z,-7.7172,121.0531,10,5.2,mww,"118 km NNE of Ruteng, Indonesia"
2026-09-08T14:13:11.631Z,49.8648,155.7923,78.846,4.5,mb,"93 km SSW of Severo-Kuril’sk, Russia"
2026-09-08T13:42:08.949Z,-21.3735,-68.8062,109.016,4.7,mb,"59 km WSW of Ollagüe, Chile"
2026-09-08T11:51:19.507Z,-18.3792,-174.1334,86.077,5.1,mb,"34 km NNW of Neiafu, Tonga"
2026-09-08T07:46:29.632Z,38.4519,21.2197,10,4.6,mb,"5 km NNW of Katochí, Greece"
2026-09-08T07:01:39.438Z,-58.1622,-25.9102,112.592,4.6,mb,"South Sandwich Islands region"
2026-09-08T06:50:44.395Z,-58.0932,-26.1187,111.335,5.2,mb,"South Sandwich Islands region"
2026-09-08T06:49:49.162Z,10.8301,-69.1186,10,4.8,mww,"49 km NNW of Aroa, Venezuela"
2026-09-08T04:40:28.006Z,-8.152,120.5257,10,5.2,mww,"51 km N of Ruteng, Indonesia"
2026-09-08T02:34:21.728Z,51.6426,159.769,35,4.6,mb,"170 km SSE of Vilyuchinsk, Russia"
2026-09-08T01:39:35.100Z,-22.3966,-179.7368,572.401,4.5,mb,"south of the Fiji Islands"
2026-09-08T01:28:47.332Z,-7.9448,120.1133,10,4.5,mb,"65 km NNE of Labuan Bajo, Indonesia"
2026-09-08T00:52:01.884Z,-19.831,170.1855,10,5.2,mww,"100 km ESE of Isangel, Vanuatu"
2026-09-07T17:31:42.184Z,27.1287,103.4912,10,4.6,mb,"30 km SW of Zhaotong, China"
2026-09-07T05:50:44.117Z,-23.4337,171.7053,10,5.5,mww,"southeast of the Loyalty Islands"
2026-09-07T02:30:21.761Z,-31.2664,178.7409,587.551,4.6,mb,"Kermadec Islands region"
2026-09-07T02:29:41.475Z,-24.8302,179.6636,512.8,4.5,mb,"south of the Fiji Islands"
2026-09-07T02:11:50.700Z,-31.0737,178.569,560.78,4.9,mb,"Kermadec Islands region"
2026-09-07T02:06:47.128Z,-30.9411,178.671,570.726,5,mb,"Kermadec Islands region"
2026-09-07T01:30:24.425Z,43.8953,-128.2806,10,5.3,mww,"off the coast of Oregon"
2026-09-06T21:08:44.036Z,-17.9111,-178.4437,608.726,4.5,mb,"237 km E of Levuka, Fiji"
2026-09-06T18:46:18.374Z,16.3468,-99.2958,10,4.8,mww,"44 km SW of Copala, Mexico"
2026-09-06T16:37:00.983Z,22.6648,121.3793,28.486,4.5,mb,"98 km NE of Hengchun, Taiwan"
2026-09-06T12:50:34.905Z,76.1447,7.2182,10,4.6,mb,"Svalbard region"
2026-09-06T12:17:16.063Z,33.3022,140.9634,50.055,4.5,mb,"211 km SSE of Wada, Japan"
2026-09-06T12:00:15.193Z,-24.3673,-115.9109,10,5.2,mb,"southern East Pacific Rise"
2026-09-06T11:15:47.641Z,-8.359,123.9757,166.441,4.5,mb,"103 km NNW of Pante Makasar, Timor Leste"
2026-09-06T10:52:29.231Z,-23.9329,-115.7372,10,4.8,mb,"southern East Pacific Rise"
2026-09-06T10:39:32.129Z,-22.299,-68.7705,118.248,4.9,mb,"23 km NE of Calama, Chile"
2026-09-06T10:38:19.070Z,-24.3833,-116.2065,10,5.1,mb,"southern East Pacific Rise"
2026-09-06T10:32:28.205Z,-24.4882,-115.6508,10,5.2,mb,"southern East Pacific Rise"
2026-09-06T09:24:37.230Z,-26.1961,-66.5759,10,4.6,mb,"61 km WSW of Cafayate, Argentina"
2026-09-06T07:56:02.805Z,-55.6158,-29.8127,10,4.5,mb,"South Sandwich Islands region"
2026-09-06T06:44:30.078Z,-6.4959,154.6623,10,4.6,mb,"93 km WSW of Panguna, Papua New Guinea"
2026-09-06T06:41:21.423Z,-0.304,123.2092,10,4.6,mb,"85 km NNE of Luwuk, Indonesia"
2026-09-06T05:15:46.477Z,40.7395,142.9012,40.347,4.9,mb,"113 km ENE of Kuji, Japan"
2026-09-06T04:52:40.083Z,-28.6619,-176.7331,10,4.7,mb,"Kermadec Islands region"
2026-09-06T04:05:30.388Z,-11.0903,162.5482,40.267,5.6,mww,"98 km SE of Kirakira, Solomon Islands"
2026-09-06T02:56:32.445Z,14.1459,-93.2813,10,5.3,mww,"112 km SW of Puerto Madero, Mexico"
2026-09-05T23:46:26.386Z,-18.8591,169.2307,242.548,4.5,mb,"75 km N of Isangel, Vanuatu"
2026-09-05T21:06:01.394Z,-19.9011,170.0943,10,4.7,mb,"94 km ESE of Isangel, Vanuatu"
2026-09-05T18:00:08.219Z,52.2263,-169.32,28.945,4.9,mb,"85 km SSW of Nikolski, Alaska"
2026-09-05T17:25:52.639Z,-0.503,67.803,10,5.4,mww,"Carlsberg Ridge"
2026-09-05T17:02:11.369Z,-19.7418,170.1102,9,5.6,mww,"89 km ESE of Isangel, Vanuatu"
2026-09-05T15:15:03.073Z,1.7141,127.2861,9.645,4.5,mb,"80 km W of Tobelo, Indonesia"
2026-09-05T14:38:18.794Z,12.2781,144.045,10,4.6,mb,"128 km SSW of Merizo Village, Guam"
2026-09-05T14:12:07.079Z,-4.5724,153.7224,109,5.5,mww,"163 km E of Kokopo, Papua New Guinea"
2026-09-05T14:06:06.990Z,1.0484,98.5931,84.747,5.2,mb,"79 km SSW of Sibolga, Indonesia"
2026-09-05T13:10:21.482Z,10.8107,123.7479,8.799,4.6,mb,"11 km WNW of Putat, Philippines"
2026-09-05T12:35:00.376Z,-8.1275,120.7002,10,4.5,mb,"59 km NNE of Ruteng, Indonesia"
2026-09-05T11:37:12.281Z,-26.1121,-66.5901,10,5.1,mww,"61 km W of Cafayate, Argentina"
2026-09-05T10:59:17.893Z,-4.2988,102.745,88.845,4.9,mb,"63 km WSW of Pagar Alam, Indonesia"
2026-09-05T10:54:04.830Z,-9.0092,67.4744,10,4.6,mb,"Mid-Indian Ridge"
2026-09-05T09:14:20.961Z,3.2828,96.2796,47.471,4.5,mb,"79 km SW of Blangpidie, Indonesia"
