style,yaw,frame,aliveMoved,jsqr,zxing,jsqr_inv,zxing_inv,jsqr_8px,zxing_8px
classic,0,0,0,1,1,1,1,1,1
classic,0,4,1,1,1,1,1,1,1
classic,0,7,1,1,1,1,1,1,1
classic,0,11,1,1,1,1,1,1,1
classic,0,15,1,1,1,1,1,1,1
classic,0,18,1,1,1,1,1,1,1
classic,0,22,1,1,1,1,1,1,1
classic,0,26,1,1,1,1,1,1,1
classic,0,29,1,1,1,1,1,1,1
classic,0,33,1,1,1,1,1,1,1
classic,0,37,1,1,1,1,1,1,1
classic,0,40,1,1,1,1,1,1,1
classic,10,0,0,1,1,1,1,1,1
classic,10,4,1,1,1,1,1,1,1
classic,10,7,1,1,1,1,1,1,1
classic,10,11,1,1,1,1,1,1,1
classic,10,15,1,1,1,1,1,1,1
classic,10,18,1,1,1,1,1,1,1
classic,10,22,1,1,1,1,1,1,1
classic,10,26,1,1,1,1,1,1,1
classic,10,29,1,1,1,1,1,1,1
classic,10,33,1,1,1,1,1,1,1
classic,10,37,1,1,1,1,1,1,1
classic,10,40,1,1,1,1,1,1,1
classic,20,0,0,1,1,1,1,1,1
classic,20,4,1,1,1,1,1,1,1
classic,20,7,1,1,1,1,1,1,1
classic,20,11,1,1,1,1,1,1,1
classic,20,15,1,1,1,1,1,1,1
classic,20,18,1,1,1,1,1,1,1
classic,20,22,1,1,1,1,1,1,1
classic,20,26,1,1,1,1,1,1,1
classic,20,29,1,1,1,1,1,1,1
classic,20,33,1,1,1,1,1,1,1
classic,20,37,1,1,1,1,1,1,1
classic,20,40,1,1,1,1,1,1,1
dots,0,0,0,1,1,1,1,1,1
dots,0,4,1,1,1,1,1,1,1
dots,0,7,1,1,1,1,1,1,1
dots,0,11,1,1,1,1,1,1,1
dots,0,15,1,1,1,1,1,1,1
dots,0,18,1,1,1,1,1,1,1
dots,0,22,1,1,1,1,1,1,1
dots,0,26,1,1,1,1,1,1,1
dots,0,29,1,1,1,1,1,1,1
dots,0,33,1,1,1,1,1,1,1
dots,0,37,1,1,1,1,1,1,1
dots,0,40,1,1,1,1,1,1,1
dots,10,0,0,1,1,1,1,1,1
dots,10,4,1,1,1,1,1,1,1
dots,10,7,1,1,1,1,1,1,1
dots,10,11,1,1,1,1,1,1,1
dots,10,15,1,1,1,1,1,1,1
dots,10,18,1,1,1,1,1,1,1
dots,10,22,1,1,1,1,1,1,1
dots,10,26,1,1,1,1,1,1,1
dots,10,29,1,1,1,1,1,1,1
dots,10,33,1,1,1,1,1,1,1
dots,10,37,1,1,1,1,1,1,1
dots,10,40,1,1,1,1,1,1,1
dots,20,0,0,1,1,1,1,1,1
dots,20,4,1,1,1,1,1,1,1
dots,20,7,1,1,1,1,1,1,1
dots,20,11,1,1,1,1,1,1,1
dots,20,15,1,1,1,1,1,1,1
dots,20,18,1,1,1,1,1,1,1
dots,20,22,1,1,1,1,1,1,1
dots,20,26,1,1,1,1,1,1,1
dots,20,29,1,1,1,1,1,1,1
dots,20,33,1,1,1,1,1,1,1
dots,20,37,1,1,1,1,1,1,1
dots,20,40,1,1,1,1,1,1,1
rounded,0,0,0,1,1,1,1,1,1
rounded,0,4,1,1,1,1,1,1,1
rounded,0,7,1,1,1,1,1,1,1
rounded,0,11,1,1,1,1,1,1,1
rounded,0,15,1,1,1,1,1,1,1
rounded,0,18,1,1,1,1,1,1,1
rounded,0,22,1,1,1,1,1,1,1
rounded,0,26,1,1,1,1,1,1,1
rounded,0,29,1,1,1,1,1,1,1
rounded,0,33,1,1,1,1,1,1,1
rounded,0,37,1,1,1,1,1,1,1
rounded,0,40,1,1,1,1,1,1,1
rounded,10,0,0,1,1,1,1,1,1
rounded,10,4,1,1,1,1,1,1,1
rounded,10,7,1,1,1,1,1,1,1
rounded,10,11,1,1,1,1,1,1,1
rounded,10,15,1,1,1,1,1,1,1
rounded,10,18,1,1,1,1,1,1,1
rounded,10,22,1,1,1,1,1,1,1
rounded,10,26,1,1,1,1,1,1,1
rounded,10,29,1,1,1,1,1,1,1
rounded,10,33,1,1,1,1,1,1,1
rounded,10,37,1,1,1,1,1,1,1
rounded,10,40,1,1,1,1,1,1,1
rounded,20,0,0,1,1,1,1,0,1
rounded,20,4,1,1,1,1,1,1,0
rounded,20,7,1,1,1,1,1,1,1
rounded,20,11,1,1,1,1,1,1,1
rounded,20,15,1,1,1,1,1,1,1
rounded,20,18,1,1,1,1,1,1,1
rounded,20,22,1,1,1,1,1,1,1
rounded,20,26,1,1,1,1,1,1,1
rounded,20,29,1,1,1,1,1,1,1
rounded,20,33,1,1,1,1,1,1,1
rounded,20,37,1,1,1,1,1,1,1
rounded,20,40,1,1,1,1,1,1,1
bricks,0,0,0,1,1,1,1,0,1
bricks,0,4,1,1,1,1,1,1,1
bricks,0,7,1,1,1,1,1,1,1
bricks,0,11,1,1,1,1,1,1,1
bricks,0,15,1,1,1,1,1,1,1
bricks,0,18,1,1,1,1,1,1,1
bricks,0,22,1,1,1,1,1,1,1
bricks,0,26,1,1,1,1,1,1,1
bricks,0,29,1,1,1,1,1,1,1
bricks,0,33,1,1,1,1,1,1,1
bricks,0,37,1,1,1,1,1,1,1
bricks,0,40,1,1,1,1,1,1,1
bricks,10,0,0,0,1,0,1,1,1
bricks,10,4,1,1,1,1,1,1,1
bricks,10,7,1,1,1,1,1,1,1
bricks,10,11,1,0,1,0,1,1,1
bricks,10,15,1,1,1,1,1,1,1
bricks,10,18,1,1,1,1,1,1,1
bricks,10,22,1,1,1,1,1,1,1
bricks,10,26,1,1,1,1,1,1,1
bricks,10,29,1,0,1,0,1,1,1
bricks,10,33,1,1,1,1,1,1,1
bricks,10,37,1,0,1,0,1,1,1
bricks,10,40,1,0,1,0,1,1,1
bricks,20,0,0,0,0,0,0,1,1
bricks,20,4,1,1,0,1,0,1,1
bricks,20,7,1,1,1,1,1,1,1
bricks,20,11,1,1,0,1,0,1,0
bricks,20,15,1,1,1,1,1,1,0
bricks,20,18,1,1,1,1,1,1,0
bricks,20,22,1,1,1,1,1,1,0
bricks,20,26,1,1,1,1,1,1,0
bricks,20,29,1,0,1,0,1,1,0
bricks,20,33,1,0,1,0,1,1,0
bricks,20,37,1,0,1,0,1,1,0
bricks,20,40,1,1,0,1,0,1,0
gems,0,0,0,1,1,1,1,1,1
gems,0,4,1,1,1,1,1,1,1
gems,0,7,1,1,1,1,1,1,1
gems,0,11,1,1,1,1,1,1,1
gems,0,15,1,1,1,1,1,1,1
gems,0,18,1,1,1,1,1,1,1
gems,0,22,1,1,1,1,1,1,1
gems,0,26,1,1,1,1,1,1,1
gems,0,29,1,1,1,1,1,1,1
gems,0,33,1,1,1,1,1,1,1
gems,0,37,1,1,1,1,1,1,1
gems,0,40,1,1,1,1,1,1,1
gems,10,0,0,1,1,1,1,1,1
gems,10,4,1,1,1,1,1,1,1
gems,10,7,1,1,1,1,1,1,1
gems,10,11,1,1,1,1,1,1,1
gems,10,15,1,1,1,1,1,1,1
gems,10,18,1,1,1,1,1,1,1
gems,10,22,1,1,1,1,1,1,1
gems,10,26,1,1,1,1,1,1,1
gems,10,29,1,1,1,1,1,1,1
gems,10,33,1,1,1,1,1,1,1
gems,10,37,1,1,1,1,1,1,1
gems,10,40,1,1,1,1,1,1,1
gems,20,0,0,0,1,0,1,1,1
gems,20,4,1,1,1,1,1,1,1
gems,20,7,1,1,1,1,1,1,1
gems,20,11,1,1,1,1,1,1,1
gems,20,15,1,1,1,1,1,1,1
gems,20,18,1,1,1,1,1,1,1
gems,20,22,1,1,1,1,1,1,1
gems,20,26,1,1,1,1,1,1,1
gems,20,29,1,1,1,1,1,1,1
gems,20,33,1,1,1,1,1,1,1
gems,20,37,1,1,1,1,1,1,1
gems,20,40,1,1,1,1,1,1,1
bubbles,0,0,0,0,1,0,1,1,1
bubbles,0,4,1,1,1,1,1,1,1
bubbles,0,7,1,0,1,0,1,1,1
bubbles,0,11,1,0,1,0,1,1,1
bubbles,0,15,1,0,1,0,1,1,1
bubbles,0,18,1,0,1,0,1,1,1
bubbles,0,22,1,0,1,0,1,1,1
bubbles,0,26,1,0,1,0,1,1,1
bubbles,0,29,1,0,1,0,1,1,1
bubbles,0,33,1,0,1,0,1,1,1
bubbles,0,37,1,0,1,0,1,1,1
bubbles,0,40,1,0,1,0,1,1,1
bubbles,10,0,0,1,1,1,1,1,1
bubbles,10,4,1,0,1,0,1,1,1
bubbles,10,7,1,1,1,1,1,1,1
bubbles,10,11,1,0,1,0,1,1,1
bubbles,10,15,1,1,1,1,1,1,1
bubbles,10,18,1,1,1,1,1,1,1
bubbles,10,22,1,1,1,1,1,1,1
bubbles,10,26,1,0,1,0,1,1,1
bubbles,10,29,1,0,1,0,1,1,1
bubbles,10,33,1,1,1,1,1,1,1
bubbles,10,37,1,1,1,1,1,1,1
bubbles,10,40,1,1,1,1,1,1,1
bubbles,20,0,0,1,1,1,1,1,1
bubbles,20,4,1,0,1,0,1,1,1
bubbles,20,7,1,0,1,0,1,1,1
bubbles,20,11,1,0,1,0,1,0,1
bubbles,20,15,1,0,1,0,1,0,1
bubbles,20,18,1,0,1,0,1,0,1
bubbles,20,22,1,0,1,0,1,0,1
bubbles,20,26,1,0,1,0,1,1,1
bubbles,20,29,1,0,1,0,1,1,1
bubbles,20,33,1,0,1,0,1,1,1
bubbles,20,37,1,0,1,0,1,1,1
bubbles,20,40,1,0,1,0,1,1,1
neon,0,0,0,1,1,1,1,1,1
neon,0,4,1,1,1,1,1,1,1
neon,0,7,1,1,1,1,1,1,1
neon,0,11,1,1,1,1,1,1,1
neon,0,15,1,1,1,1,1,1,1
neon,0,18,1,1,1,1,1,1,1
neon,0,22,1,1,1,1,1,1,1
neon,0,26,1,1,1,1,1,1,1
neon,0,29,1,1,1,1,1,1,1
neon,0,33,1,1,1,1,1,1,1
neon,0,37,1,1,1,1,1,1,1
neon,0,40,1,1,1,1,1,1,1
neon,10,0,0,0,1,0,1,1,1
neon,10,4,1,1,1,1,1,1,1
neon,10,7,1,1,1,1,1,1,1
neon,10,11,1,1,1,1,1,1,1
neon,10,15,1,1,1,1,1,1,1
neon,10,18,1,1,1,1,1,1,1
neon,10,22,1,1,1,1,1,1,1
neon,10,26,1,1,1,1,1,1,1
neon,10,29,1,1,1,1,1,1,1
neon,10,33,1,1,1,1,1,1,1
neon,10,37,1,1,1,1,1,1,1
neon,10,40,1,1,1,1,1,1,1
neon,20,0,0,0,0,0,0,0,0
neon,20,4,1,1,1,1,1,1,0
neon,20,7,1,1,1,1,1,1,1
neon,20,11,1,1,1,1,1,1,1
neon,20,15,1,1,1,1,1,0,0
neon,20,18,1,1,1,1,1,1,0
neon,20,22,1,1,0,1,0,0,0
neon,20,26,1,0,0,0,0,0,0
neon,20,29,1,0,0,0,0,0,0
neon,20,33,1,1,0,1,0,1,0
neon,20,37,1,0,0,0,0,1,0
neon,20,40,1,0,0,0,0,0,0
neon-light,0,0,0,1,1,1,1,1,1
neon-light,0,4,1,1,1,1,1,1,1
neon-light,0,7,1,1,1,1,1,1,1
neon-light,0,11,1,1,1,1,1,1,1
neon-light,0,15,1,1,1,1,1,1,1
neon-light,0,18,1,1,1,1,1,1,1
neon-light,0,22,1,1,1,1,1,1,1
neon-light,0,26,1,1,1,1,1,1,1
neon-light,0,29,1,1,1,1,1,1,1
neon-light,0,33,1,0,0,0,0,1,1
neon-light,0,37,1,0,0,0,0,1,1
neon-light,0,40,1,0,0,0,0,1,1
neon-light,10,0,0,0,0,0,0,1,1
neon-light,10,4,1,0,1,0,1,1,1
neon-light,10,7,1,1,0,1,0,1,1
neon-light,10,11,1,0,0,0,0,1,1
neon-light,10,15,1,0,0,0,0,1,1
neon-light,10,18,1,0,0,0,0,1,1
neon-light,10,22,1,0,0,0,0,1,1
neon-light,10,26,1,1,0,1,0,1,1
neon-light,10,29,1,0,0,0,0,1,1
neon-light,10,33,1,0,0,0,0,1,1
neon-light,10,37,1,0,0,0,0,1,1
neon-light,10,40,1,0,0,0,0,1,1
neon-light,20,0,0,1,0,1,0,1,1
neon-light,20,4,1,0,0,0,0,0,0
neon-light,20,7,1,0,0,0,0,0,0
neon-light,20,11,1,1,1,1,1,1,0
neon-light,20,15,1,1,1,1,1,0,1
neon-light,20,18,1,0,1,0,1,0,0
neon-light,20,22,1,0,1,0,1,0,1
neon-light,20,26,1,0,1,0,1,0,1
neon-light,20,29,1,1,1,1,1,0,1
neon-light,20,33,1,1,1,1,1,1,1
neon-light,20,37,1,1,1,1,1,1,1
neon-light,20,40,1,1,1,1,1,0,1
