source,style,ec,scheme,text,contrast,version,kind,condition,group,jsqr,zxing,jsqr_inv,zxing_inv
toy,bubbles,L,pastel,url,2.53,3,warp,front,baseline,1,1,1,1
toy,bubbles,L,pastel,url,2.53,3,warp,tilt20,tilt,0,1,0,1
toy,bubbles,L,pastel,url,2.53,3,warp,tilt35,tilt,1,1,1,1
toy,bubbles,L,pastel,url,2.53,3,warp,mod3,size,1,1,1,1
toy,bubbles,L,pastel,url,2.53,3,warp,mod4,size,0,0,0,0
toy,bubbles,L,pastel,url,2.53,3,warp,mod6,size,1,1,1,1
toy,bubbles,L,pastel,url,2.53,3,warp,blur20,blur,1,1,1,1
toy,bubbles,L,pastel,url,2.53,3,warp,jpeg30,jpeg,1,0,1,0
toy,bubbles,L,pastel,url,2.53,3,warp,light30,light,1,1,1,1
toy,bubbles,L,pastel,url,2.53,3,warp,persp,perspective,1,1,1,1
toy,bubbles,L,pastel,url,2.53,3,warp,phone,combined,1,1,1,1
toy,bubbles,L,pastel,url,2.53,3,warp,hard,combined,1,1,1,1
toy,bubbles,L,gray,url,3.95,3,warp,front,baseline,1,1,1,1
toy,bubbles,L,gray,url,3.95,3,warp,tilt20,tilt,1,1,1,1
toy,bubbles,L,gray,url,3.95,3,warp,tilt35,tilt,1,1,1,1
toy,bubbles,L,gray,url,3.95,3,warp,mod3,size,1,1,1,1
toy,bubbles,L,gray,url,3.95,3,warp,mod4,size,1,1,1,1
toy,bubbles,L,gray,url,3.95,3,warp,mod6,size,1,1,1,1
toy,bubbles,L,gray,url,3.95,3,warp,blur20,blur,1,1,1,1
toy,bubbles,L,gray,url,3.95,3,warp,jpeg30,jpeg,1,1,1,1
toy,bubbles,L,gray,url,3.95,3,warp,light30,light,1,1,1,1
toy,bubbles,L,gray,url,3.95,3,warp,persp,perspective,1,1,1,1
toy,bubbles,L,gray,url,3.95,3,warp,phone,combined,1,1,1,1
toy,bubbles,L,gray,url,3.95,3,warp,hard,combined,1,1,1,1
toy,bubbles,L,gradient,url,7.79,3,warp,front,baseline,1,1,1,1
toy,bubbles,L,gradient,url,7.79,3,warp,tilt20,tilt,1,1,1,1
toy,bubbles,L,gradient,url,7.79,3,warp,tilt35,tilt,1,1,1,1
toy,bubbles,L,gradient,url,7.79,3,warp,mod3,size,1,1,1,1
toy,bubbles,L,gradient,url,7.79,3,warp,mod4,size,1,1,1,1
toy,bubbles,L,gradient,url,7.79,3,warp,mod6,size,1,1,1,1
toy,bubbles,L,gradient,url,7.79,3,warp,blur20,blur,1,1,1,1
toy,bubbles,L,gradient,url,7.79,3,warp,jpeg30,jpeg,1,1,1,1
toy,bubbles,L,gradient,url,7.79,3,warp,light30,light,1,1,1,1
toy,bubbles,L,gradient,url,7.79,3,warp,persp,perspective,1,1,1,1
toy,bubbles,L,gradient,url,7.79,3,warp,phone,combined,1,1,1,1
toy,bubbles,L,gradient,url,7.79,3,warp,hard,combined,1,1,1,1
toy,bubbles,L,eyes,url,8.88,3,warp,front,baseline,1,1,1,1
toy,bubbles,L,eyes,url,8.88,3,warp,tilt20,tilt,1,1,1,1
toy,bubbles,L,eyes,url,8.88,3,warp,tilt35,tilt,1,1,1,1
toy,bubbles,L,eyes,url,8.88,3,warp,mod3,size,1,1,1,1
toy,bubbles,L,eyes,url,8.88,3,warp,mod4,size,1,1,1,1
toy,bubbles,L,eyes,url,8.88,3,warp,mod6,size,1,1,1,1
toy,bubbles,L,eyes,url,8.88,3,warp,blur20,blur,1,1,1,1
toy,bubbles,L,eyes,url,8.88,3,warp,jpeg30,jpeg,1,1,1,1
toy,bubbles,L,eyes,url,8.88,3,warp,light30,light,1,1,1,1
toy,bubbles,L,eyes,url,8.88,3,warp,persp,perspective,1,1,1,1
toy,bubbles,L,eyes,url,8.88,3,warp,phone,combined,1,1,1,1
toy,bubbles,L,eyes,url,8.88,3,warp,hard,combined,1,1,1,1
toy,bubbles,L,inverted,url,19.03,3,warp,front,baseline,0,0,1,1
toy,bubbles,L,inverted,url,19.03,3,warp,tilt20,tilt,0,0,1,1
toy,bubbles,L,inverted,url,19.03,3,warp,tilt35,tilt,0,0,1,1
toy,bubbles,L,inverted,url,19.03,3,warp,mod3,size,0,0,1,1
toy,bubbles,L,inverted,url,19.03,3,warp,mod4,size,0,0,1,1
toy,bubbles,L,inverted,url,19.03,3,warp,mod6,size,0,0,1,1
toy,bubbles,L,inverted,url,19.03,3,warp,blur20,blur,0,0,1,1
toy,bubbles,L,inverted,url,19.03,3,warp,jpeg30,jpeg,0,0,1,1
toy,bubbles,L,inverted,url,19.03,3,warp,light30,light,0,0,1,1
toy,bubbles,L,inverted,url,19.03,3,warp,persp,perspective,0,0,1,1
toy,bubbles,L,inverted,url,19.03,3,warp,phone,combined,0,0,1,1
toy,bubbles,L,inverted,url,19.03,3,warp,hard,combined,0,0,1,1
toy,bubbles,M,pastel,url,2.53,4,warp,front,baseline,1,1,1,1
toy,bubbles,M,pastel,url,2.53,4,warp,tilt20,tilt,1,1,1,1
toy,bubbles,M,pastel,url,2.53,4,warp,tilt35,tilt,1,1,1,1
toy,bubbles,M,pastel,url,2.53,4,warp,mod3,size,1,1,1,1
toy,bubbles,M,pastel,url,2.53,4,warp,mod4,size,1,1,1,1
toy,bubbles,M,pastel,url,2.53,4,warp,mod6,size,1,1,1,1
toy,bubbles,M,pastel,url,2.53,4,warp,blur20,blur,1,1,1,1
toy,bubbles,M,pastel,url,2.53,4,warp,jpeg30,jpeg,1,0,1,0
toy,bubbles,M,pastel,url,2.53,4,warp,light30,light,1,1,1,1
toy,bubbles,M,pastel,url,2.53,4,warp,persp,perspective,1,1,1,1
toy,bubbles,M,pastel,url,2.53,4,warp,phone,combined,1,1,1,1
toy,bubbles,M,pastel,url,2.53,4,warp,hard,combined,1,1,1,1
toy,bubbles,M,gray,url,3.95,4,warp,front,baseline,1,1,1,1
toy,bubbles,M,gray,url,3.95,4,warp,tilt20,tilt,1,1,1,1
toy,bubbles,M,gray,url,3.95,4,warp,tilt35,tilt,1,1,1,1
toy,bubbles,M,gray,url,3.95,4,warp,mod3,size,1,1,1,1
toy,bubbles,M,gray,url,3.95,4,warp,mod4,size,1,1,1,1
toy,bubbles,M,gray,url,3.95,4,warp,mod6,size,1,1,1,1
toy,bubbles,M,gray,url,3.95,4,warp,blur20,blur,1,1,1,1
toy,bubbles,M,gray,url,3.95,4,warp,jpeg30,jpeg,1,1,1,1
toy,bubbles,M,gray,url,3.95,4,warp,light30,light,1,1,1,1
toy,bubbles,M,gray,url,3.95,4,warp,persp,perspective,1,1,1,1
toy,bubbles,M,gray,url,3.95,4,warp,phone,combined,1,1,1,1
toy,bubbles,M,gray,url,3.95,4,warp,hard,combined,1,1,1,1
toy,bubbles,M,gradient,url,7.79,4,warp,front,baseline,1,1,1,1
toy,bubbles,M,gradient,url,7.79,4,warp,tilt20,tilt,1,1,1,1
toy,bubbles,M,gradient,url,7.79,4,warp,tilt35,tilt,1,1,1,1
toy,bubbles,M,gradient,url,7.79,4,warp,mod3,size,1,1,1,1
toy,bubbles,M,gradient,url,7.79,4,warp,mod4,size,1,1,1,1
toy,bubbles,M,gradient,url,7.79,4,warp,mod6,size,1,1,1,1
toy,bubbles,M,gradient,url,7.79,4,warp,blur20,blur,1,1,1,1
toy,bubbles,M,gradient,url,7.79,4,warp,jpeg30,jpeg,1,1,1,1
toy,bubbles,M,gradient,url,7.79,4,warp,light30,light,1,1,1,1
toy,bubbles,M,gradient,url,7.79,4,warp,persp,perspective,1,1,1,1
toy,bubbles,M,gradient,url,7.79,4,warp,phone,combined,1,1,1,1
toy,bubbles,M,gradient,url,7.79,4,warp,hard,combined,1,1,1,1
toy,bubbles,M,eyes,url,8.88,4,warp,front,baseline,1,1,1,1
toy,bubbles,M,eyes,url,8.88,4,warp,tilt20,tilt,1,1,1,1
toy,bubbles,M,eyes,url,8.88,4,warp,tilt35,tilt,1,1,1,1
toy,bubbles,M,eyes,url,8.88,4,warp,mod3,size,1,1,1,1
toy,bubbles,M,eyes,url,8.88,4,warp,mod4,size,1,1,1,1
toy,bubbles,M,eyes,url,8.88,4,warp,mod6,size,1,1,1,1
toy,bubbles,M,eyes,url,8.88,4,warp,blur20,blur,1,1,1,1
toy,bubbles,M,eyes,url,8.88,4,warp,jpeg30,jpeg,1,1,1,1
toy,bubbles,M,eyes,url,8.88,4,warp,light30,light,1,1,1,1
toy,bubbles,M,eyes,url,8.88,4,warp,persp,perspective,1,1,1,1
toy,bubbles,M,eyes,url,8.88,4,warp,phone,combined,1,1,1,1
toy,bubbles,M,eyes,url,8.88,4,warp,hard,combined,1,1,1,1
toy,bubbles,M,inverted,url,19.03,4,warp,front,baseline,0,0,1,1
toy,bubbles,M,inverted,url,19.03,4,warp,tilt20,tilt,0,0,1,1
toy,bubbles,M,inverted,url,19.03,4,warp,tilt35,tilt,0,0,1,1
toy,bubbles,M,inverted,url,19.03,4,warp,mod3,size,0,0,1,1
toy,bubbles,M,inverted,url,19.03,4,warp,mod4,size,0,0,1,1
toy,bubbles,M,inverted,url,19.03,4,warp,mod6,size,0,0,1,1
toy,bubbles,M,inverted,url,19.03,4,warp,blur20,blur,0,0,1,1
toy,bubbles,M,inverted,url,19.03,4,warp,jpeg30,jpeg,0,0,1,1
toy,bubbles,M,inverted,url,19.03,4,warp,light30,light,0,0,1,1
toy,bubbles,M,inverted,url,19.03,4,warp,persp,perspective,0,0,1,1
toy,bubbles,M,inverted,url,19.03,4,warp,phone,combined,0,0,1,1
toy,bubbles,M,inverted,url,19.03,4,warp,hard,combined,0,0,1,1
toy,bubbles,Q,pastel,url,2.53,4,warp,front,baseline,1,1,1,1
toy,bubbles,Q,pastel,url,2.53,4,warp,tilt20,tilt,1,1,1,1
toy,bubbles,Q,pastel,url,2.53,4,warp,tilt35,tilt,1,1,1,1
toy,bubbles,Q,pastel,url,2.53,4,warp,mod3,size,1,1,1,1
toy,bubbles,Q,pastel,url,2.53,4,warp,mod4,size,1,1,1,1
toy,bubbles,Q,pastel,url,2.53,4,warp,mod6,size,1,1,1,1
toy,bubbles,Q,pastel,url,2.53,4,warp,blur20,blur,1,1,1,1
toy,bubbles,Q,pastel,url,2.53,4,warp,jpeg30,jpeg,1,0,1,0
toy,bubbles,Q,pastel,url,2.53,4,warp,light30,light,1,1,1,1
toy,bubbles,Q,pastel,url,2.53,4,warp,persp,perspective,1,1,1,1
toy,bubbles,Q,pastel,url,2.53,4,warp,phone,combined,1,1,1,1
toy,bubbles,Q,pastel,url,2.53,4,warp,hard,combined,1,1,1,1
toy,bubbles,Q,gray,url,3.95,4,warp,front,baseline,1,1,1,1
toy,bubbles,Q,gray,url,3.95,4,warp,tilt20,tilt,1,1,1,1
toy,bubbles,Q,gray,url,3.95,4,warp,tilt35,tilt,1,1,1,1
toy,bubbles,Q,gray,url,3.95,4,warp,mod3,size,1,1,1,1
toy,bubbles,Q,gray,url,3.95,4,warp,mod4,size,1,1,1,1
toy,bubbles,Q,gray,url,3.95,4,warp,mod6,size,1,1,1,1
toy,bubbles,Q,gray,url,3.95,4,warp,blur20,blur,1,1,1,1
toy,bubbles,Q,gray,url,3.95,4,warp,jpeg30,jpeg,1,1,1,1
toy,bubbles,Q,gray,url,3.95,4,warp,light30,light,1,1,1,1
toy,bubbles,Q,gray,url,3.95,4,warp,persp,perspective,1,1,1,1
toy,bubbles,Q,gray,url,3.95,4,warp,phone,combined,1,1,1,1
toy,bubbles,Q,gray,url,3.95,4,warp,hard,combined,1,1,1,1
toy,bubbles,Q,gradient,url,7.79,4,warp,front,baseline,1,1,1,1
toy,bubbles,Q,gradient,url,7.79,4,warp,tilt20,tilt,1,1,1,1
toy,bubbles,Q,gradient,url,7.79,4,warp,tilt35,tilt,1,1,1,1
toy,bubbles,Q,gradient,url,7.79,4,warp,mod3,size,1,1,1,1
toy,bubbles,Q,gradient,url,7.79,4,warp,mod4,size,1,1,1,1
toy,bubbles,Q,gradient,url,7.79,4,warp,mod6,size,1,1,1,1
toy,bubbles,Q,gradient,url,7.79,4,warp,blur20,blur,1,1,1,1
toy,bubbles,Q,gradient,url,7.79,4,warp,jpeg30,jpeg,1,1,1,1
toy,bubbles,Q,gradient,url,7.79,4,warp,light30,light,1,1,1,1
toy,bubbles,Q,gradient,url,7.79,4,warp,persp,perspective,1,1,1,1
toy,bubbles,Q,gradient,url,7.79,4,warp,phone,combined,1,1,1,1
toy,bubbles,Q,gradient,url,7.79,4,warp,hard,combined,1,1,1,1
toy,bubbles,Q,eyes,url,8.88,4,warp,front,baseline,1,1,1,1
toy,bubbles,Q,eyes,url,8.88,4,warp,tilt20,tilt,1,1,1,1
toy,bubbles,Q,eyes,url,8.88,4,warp,tilt35,tilt,1,1,1,1
toy,bubbles,Q,eyes,url,8.88,4,warp,mod3,size,1,1,1,1
toy,bubbles,Q,eyes,url,8.88,4,warp,mod4,size,1,1,1,1
toy,bubbles,Q,eyes,url,8.88,4,warp,mod6,size,1,1,1,1
toy,bubbles,Q,eyes,url,8.88,4,warp,blur20,blur,1,1,1,1
toy,bubbles,Q,eyes,url,8.88,4,warp,jpeg30,jpeg,1,1,1,1
toy,bubbles,Q,eyes,url,8.88,4,warp,light30,light,1,1,1,1
toy,bubbles,Q,eyes,url,8.88,4,warp,persp,perspective,1,1,1,1
toy,bubbles,Q,eyes,url,8.88,4,warp,phone,combined,1,1,1,1
toy,bubbles,Q,eyes,url,8.88,4,warp,hard,combined,1,1,1,1
toy,bubbles,Q,inverted,url,19.03,4,warp,front,baseline,0,0,1,1
toy,bubbles,Q,inverted,url,19.03,4,warp,tilt20,tilt,0,0,1,1
toy,bubbles,Q,inverted,url,19.03,4,warp,tilt35,tilt,0,0,1,1
toy,bubbles,Q,inverted,url,19.03,4,warp,mod3,size,0,0,1,1
toy,bubbles,Q,inverted,url,19.03,4,warp,mod4,size,0,0,1,1
toy,bubbles,Q,inverted,url,19.03,4,warp,mod6,size,0,0,1,1
toy,bubbles,Q,inverted,url,19.03,4,warp,blur20,blur,0,0,1,1
toy,bubbles,Q,inverted,url,19.03,4,warp,jpeg30,jpeg,0,0,1,1
toy,bubbles,Q,inverted,url,19.03,4,warp,light30,light,0,0,1,1
toy,bubbles,Q,inverted,url,19.03,4,warp,persp,perspective,0,0,1,1
toy,bubbles,Q,inverted,url,19.03,4,warp,phone,combined,0,0,1,1
toy,bubbles,Q,inverted,url,19.03,4,warp,hard,combined,0,0,1,1
toy,bubbles,H,pastel,url,2.53,5,warp,front,baseline,1,1,1,1
toy,bubbles,H,pastel,url,2.53,5,warp,tilt20,tilt,1,1,1,1
toy,bubbles,H,pastel,url,2.53,5,warp,tilt35,tilt,1,1,1,1
toy,bubbles,H,pastel,url,2.53,5,warp,mod3,size,0,0,0,0
toy,bubbles,H,pastel,url,2.53,5,warp,mod4,size,0,0,0,0
toy,bubbles,H,pastel,url,2.53,5,warp,mod6,size,1,1,1,1
toy,bubbles,H,pastel,url,2.53,5,warp,blur20,blur,1,1,1,1
toy,bubbles,H,pastel,url,2.53,5,warp,jpeg30,jpeg,1,1,1,1
toy,bubbles,H,pastel,url,2.53,5,warp,light30,light,1,1,1,1
toy,bubbles,H,pastel,url,2.53,5,warp,persp,perspective,1,1,1,1
toy,bubbles,H,pastel,url,2.53,5,warp,phone,combined,1,1,1,1
toy,bubbles,H,pastel,url,2.53,5,warp,hard,combined,1,1,1,1
toy,bubbles,H,gray,url,3.95,5,warp,front,baseline,1,1,1,1
toy,bubbles,H,gray,url,3.95,5,warp,tilt20,tilt,1,1,1,1
toy,bubbles,H,gray,url,3.95,5,warp,tilt35,tilt,1,1,1,1
toy,bubbles,H,gray,url,3.95,5,warp,mod3,size,0,0,0,0
toy,bubbles,H,gray,url,3.95,5,warp,mod4,size,1,1,1,1
toy,bubbles,H,gray,url,3.95,5,warp,mod6,size,1,1,1,1
toy,bubbles,H,gray,url,3.95,5,warp,blur20,blur,1,1,1,1
toy,bubbles,H,gray,url,3.95,5,warp,jpeg30,jpeg,1,1,1,1
toy,bubbles,H,gray,url,3.95,5,warp,light30,light,1,1,1,1
toy,bubbles,H,gray,url,3.95,5,warp,persp,perspective,1,1,1,1
toy,bubbles,H,gray,url,3.95,5,warp,phone,combined,1,1,1,1
toy,bubbles,H,gray,url,3.95,5,warp,hard,combined,1,1,1,1
toy,bubbles,H,gradient,url,7.79,5,warp,front,baseline,1,1,1,1
toy,bubbles,H,gradient,url,7.79,5,warp,tilt20,tilt,1,1,1,1
toy,bubbles,H,gradient,url,7.79,5,warp,tilt35,tilt,1,1,1,1
toy,bubbles,H,gradient,url,7.79,5,warp,mod3,size,1,1,1,1
toy,bubbles,H,gradient,url,7.79,5,warp,mod4,size,1,1,1,1
toy,bubbles,H,gradient,url,7.79,5,warp,mod6,size,1,1,1,1
toy,bubbles,H,gradient,url,7.79,5,warp,blur20,blur,1,1,1,1
toy,bubbles,H,gradient,url,7.79,5,warp,jpeg30,jpeg,1,1,1,1
toy,bubbles,H,gradient,url,7.79,5,warp,light30,light,1,1,1,1
toy,bubbles,H,gradient,url,7.79,5,warp,persp,perspective,1,1,1,1
toy,bubbles,H,gradient,url,7.79,5,warp,phone,combined,1,1,1,1
toy,bubbles,H,gradient,url,7.79,5,warp,hard,combined,1,1,1,1
toy,bubbles,H,eyes,url,8.88,5,warp,front,baseline,1,1,1,1
toy,bubbles,H,eyes,url,8.88,5,warp,tilt20,tilt,1,1,1,1
toy,bubbles,H,eyes,url,8.88,5,warp,tilt35,tilt,1,1,1,1
toy,bubbles,H,eyes,url,8.88,5,warp,mod3,size,1,1,1,1
toy,bubbles,H,eyes,url,8.88,5,warp,mod4,size,1,1,1,1
toy,bubbles,H,eyes,url,8.88,5,warp,mod6,size,1,1,1,1
toy,bubbles,H,eyes,url,8.88,5,warp,blur20,blur,1,1,1,1
toy,bubbles,H,eyes,url,8.88,5,warp,jpeg30,jpeg,1,1,1,1
toy,bubbles,H,eyes,url,8.88,5,warp,light30,light,1,1,1,1
toy,bubbles,H,eyes,url,8.88,5,warp,persp,perspective,1,1,1,1
toy,bubbles,H,eyes,url,8.88,5,warp,phone,combined,1,1,1,1
toy,bubbles,H,eyes,url,8.88,5,warp,hard,combined,1,1,1,1
toy,bubbles,H,inverted,url,19.03,5,warp,front,baseline,0,0,1,1
toy,bubbles,H,inverted,url,19.03,5,warp,tilt20,tilt,0,0,1,1
toy,bubbles,H,inverted,url,19.03,5,warp,tilt35,tilt,0,0,1,1
toy,bubbles,H,inverted,url,19.03,5,warp,mod3,size,0,0,1,1
toy,bubbles,H,inverted,url,19.03,5,warp,mod4,size,0,0,1,1
toy,bubbles,H,inverted,url,19.03,5,warp,mod6,size,0,0,1,1
toy,bubbles,H,inverted,url,19.03,5,warp,blur20,blur,0,0,1,1
toy,bubbles,H,inverted,url,19.03,5,warp,jpeg30,jpeg,0,0,1,1
toy,bubbles,H,inverted,url,19.03,5,warp,light30,light,0,0,1,1
toy,bubbles,H,inverted,url,19.03,5,warp,persp,perspective,0,0,1,1
toy,bubbles,H,inverted,url,19.03,5,warp,phone,combined,0,0,1,1
toy,bubbles,H,inverted,url,19.03,5,warp,hard,combined,0,0,0,1
toy,neon,L,pastel,url,2.53,3,warp,front,baseline,0,0,1,1
toy,neon,L,pastel,url,2.53,3,warp,tilt20,tilt,0,0,1,1
toy,neon,L,pastel,url,2.53,3,warp,tilt35,tilt,0,0,1,1
toy,neon,L,pastel,url,2.53,3,warp,mod3,size,0,0,1,1
toy,neon,L,pastel,url,2.53,3,warp,mod4,size,0,0,1,1
toy,neon,L,pastel,url,2.53,3,warp,mod6,size,0,0,1,1
toy,neon,L,pastel,url,2.53,3,warp,blur20,blur,0,0,1,1
toy,neon,L,pastel,url,2.53,3,warp,jpeg30,jpeg,0,0,1,1
toy,neon,L,pastel,url,2.53,3,warp,light30,light,0,0,1,1
toy,neon,L,pastel,url,2.53,3,warp,persp,perspective,0,0,1,1
toy,neon,L,pastel,url,2.53,3,warp,phone,combined,0,0,1,1
toy,neon,L,pastel,url,2.53,3,warp,hard,combined,0,0,1,1
toy,neon,L,gray,url,3.95,3,warp,front,baseline,0,0,1,1
toy,neon,L,gray,url,3.95,3,warp,tilt20,tilt,0,0,1,1
toy,neon,L,gray,url,3.95,3,warp,tilt35,tilt,0,0,1,1
toy,neon,L,gray,url,3.95,3,warp,mod3,size,0,0,1,1
toy,neon,L,gray,url,3.95,3,warp,mod4,size,0,0,1,1
toy,neon,L,gray,url,3.95,3,warp,mod6,size,0,0,1,1
toy,neon,L,gray,url,3.95,3,warp,blur20,blur,0,0,1,1
toy,neon,L,gray,url,3.95,3,warp,jpeg30,jpeg,0,0,1,1
toy,neon,L,gray,url,3.95,3,warp,light30,light,0,0,1,1
toy,neon,L,gray,url,3.95,3,warp,persp,perspective,0,0,1,1
toy,neon,L,gray,url,3.95,3,warp,phone,combined,0,0,1,1
toy,neon,L,gray,url,3.95,3,warp,hard,combined,0,0,0,0
toy,neon,L,gradient,url,2.44,3,warp,front,baseline,0,0,1,1
toy,neon,L,gradient,url,2.44,3,warp,tilt20,tilt,0,0,1,1
toy,neon,L,gradient,url,2.44,3,warp,tilt35,tilt,0,0,1,1
toy,neon,L,gradient,url,2.44,3,warp,mod3,size,0,0,1,1
toy,neon,L,gradient,url,2.44,3,warp,mod4,size,0,0,1,1
toy,neon,L,gradient,url,2.44,3,warp,mod6,size,0,0,1,1
toy,neon,L,gradient,url,2.44,3,warp,blur20,blur,0,0,1,1
toy,neon,L,gradient,url,2.44,3,warp,jpeg30,jpeg,0,0,1,1
toy,neon,L,gradient,url,2.44,3,warp,light30,light,0,0,1,1
toy,neon,L,gradient,url,2.44,3,warp,persp,perspective,0,0,1,1
toy,neon,L,gradient,url,2.44,3,warp,phone,combined,0,0,1,1
toy,neon,L,gradient,url,2.44,3,warp,hard,combined,0,0,1,1
toy,neon,L,eyes,url,13.49,3,warp,front,baseline,0,0,1,1
toy,neon,L,eyes,url,13.49,3,warp,tilt20,tilt,0,0,1,1
toy,neon,L,eyes,url,13.49,3,warp,tilt35,tilt,0,0,1,1
toy,neon,L,eyes,url,13.49,3,warp,mod3,size,0,0,1,1
toy,neon,L,eyes,url,13.49,3,warp,mod4,size,0,0,1,1
toy,neon,L,eyes,url,13.49,3,warp,mod6,size,0,0,1,1
toy,neon,L,eyes,url,13.49,3,warp,blur20,blur,0,0,1,1
toy,neon,L,eyes,url,13.49,3,warp,jpeg30,jpeg,0,0,1,1
toy,neon,L,eyes,url,13.49,3,warp,light30,light,0,0,1,1
toy,neon,L,eyes,url,13.49,3,warp,persp,perspective,0,0,1,1
toy,neon,L,eyes,url,13.49,3,warp,phone,combined,0,0,1,1
toy,neon,L,eyes,url,13.49,3,warp,hard,combined,0,0,1,1
toy,neon,L,inverted,url,19.03,3,warp,front,baseline,0,0,1,1
toy,neon,L,inverted,url,19.03,3,warp,tilt20,tilt,0,0,1,1
toy,neon,L,inverted,url,19.03,3,warp,tilt35,tilt,0,0,1,1
toy,neon,L,inverted,url,19.03,3,warp,mod3,size,0,0,1,1
toy,neon,L,inverted,url,19.03,3,warp,mod4,size,0,0,1,1
toy,neon,L,inverted,url,19.03,3,warp,mod6,size,0,0,1,1
toy,neon,L,inverted,url,19.03,3,warp,blur20,blur,0,0,1,1
toy,neon,L,inverted,url,19.03,3,warp,jpeg30,jpeg,0,0,1,1
toy,neon,L,inverted,url,19.03,3,warp,light30,light,0,0,1,1
toy,neon,L,inverted,url,19.03,3,warp,persp,perspective,0,0,1,1
toy,neon,L,inverted,url,19.03,3,warp,phone,combined,0,0,1,1
toy,neon,L,inverted,url,19.03,3,warp,hard,combined,0,0,1,1
toy,neon,M,pastel,url,2.53,4,warp,front,baseline,0,0,1,1
toy,neon,M,pastel,url,2.53,4,warp,tilt20,tilt,0,0,1,1
toy,neon,M,pastel,url,2.53,4,warp,tilt35,tilt,0,0,1,1
toy,neon,M,pastel,url,2.53,4,warp,mod3,size,0,0,1,1
toy,neon,M,pastel,url,2.53,4,warp,mod4,size,0,0,1,1
toy,neon,M,pastel,url,2.53,4,warp,mod6,size,0,0,1,1
toy,neon,M,pastel,url,2.53,4,warp,blur20,blur,0,0,1,1
toy,neon,M,pastel,url,2.53,4,warp,jpeg30,jpeg,0,0,1,1
toy,neon,M,pastel,url,2.53,4,warp,light30,light,0,0,1,1
toy,neon,M,pastel,url,2.53,4,warp,persp,perspective,0,0,1,1
toy,neon,M,pastel,url,2.53,4,warp,phone,combined,0,0,1,1
toy,neon,M,pastel,url,2.53,4,warp,hard,combined,0,0,1,1
toy,neon,M,gray,url,3.95,4,warp,front,baseline,0,0,1,1
toy,neon,M,gray,url,3.95,4,warp,tilt20,tilt,0,0,1,1
toy,neon,M,gray,url,3.95,4,warp,tilt35,tilt,0,0,1,1
toy,neon,M,gray,url,3.95,4,warp,mod3,size,0,0,1,1
toy,neon,M,gray,url,3.95,4,warp,mod4,size,0,0,1,1
toy,neon,M,gray,url,3.95,4,warp,mod6,size,0,0,1,1
toy,neon,M,gray,url,3.95,4,warp,blur20,blur,0,0,1,1
toy,neon,M,gray,url,3.95,4,warp,jpeg30,jpeg,0,0,1,1
toy,neon,M,gray,url,3.95,4,warp,light30,light,0,0,1,1
toy,neon,M,gray,url,3.95,4,warp,persp,perspective,0,0,1,1
toy,neon,M,gray,url,3.95,4,warp,phone,combined,0,0,1,1
toy,neon,M,gray,url,3.95,4,warp,hard,combined,0,0,1,1
toy,neon,M,gradient,url,2.44,4,warp,front,baseline,0,0,1,1
toy,neon,M,gradient,url,2.44,4,warp,tilt20,tilt,0,0,1,1
toy,neon,M,gradient,url,2.44,4,warp,tilt35,tilt,0,0,1,1
toy,neon,M,gradient,url,2.44,4,warp,mod3,size,0,0,1,1
toy,neon,M,gradient,url,2.44,4,warp,mod4,size,0,0,1,1
toy,neon,M,gradient,url,2.44,4,warp,mod6,size,0,0,1,1
toy,neon,M,gradient,url,2.44,4,warp,blur20,blur,0,0,1,1
toy,neon,M,gradient,url,2.44,4,warp,jpeg30,jpeg,0,0,1,1
toy,neon,M,gradient,url,2.44,4,warp,light30,light,0,0,1,1
toy,neon,M,gradient,url,2.44,4,warp,persp,perspective,0,0,1,1
toy,neon,M,gradient,url,2.44,4,warp,phone,combined,0,0,1,1
toy,neon,M,gradient,url,2.44,4,warp,hard,combined,0,0,1,1
toy,neon,M,eyes,url,13.49,4,warp,front,baseline,0,0,1,1
toy,neon,M,eyes,url,13.49,4,warp,tilt20,tilt,0,0,1,1
toy,neon,M,eyes,url,13.49,4,warp,tilt35,tilt,0,0,1,1
toy,neon,M,eyes,url,13.49,4,warp,mod3,size,0,0,1,1
toy,neon,M,eyes,url,13.49,4,warp,mod4,size,0,0,1,1
toy,neon,M,eyes,url,13.49,4,warp,mod6,size,0,0,1,1
toy,neon,M,eyes,url,13.49,4,warp,blur20,blur,0,0,1,1
toy,neon,M,eyes,url,13.49,4,warp,jpeg30,jpeg,0,0,1,1
toy,neon,M,eyes,url,13.49,4,warp,light30,light,0,0,1,1
toy,neon,M,eyes,url,13.49,4,warp,persp,perspective,0,0,1,1
toy,neon,M,eyes,url,13.49,4,warp,phone,combined,0,0,1,1
toy,neon,M,eyes,url,13.49,4,warp,hard,combined,0,0,1,1
toy,neon,M,inverted,url,19.03,4,warp,front,baseline,0,0,1,1
toy,neon,M,inverted,url,19.03,4,warp,tilt20,tilt,0,0,1,1
toy,neon,M,inverted,url,19.03,4,warp,tilt35,tilt,0,0,1,1
toy,neon,M,inverted,url,19.03,4,warp,mod3,size,0,0,1,1
toy,neon,M,inverted,url,19.03,4,warp,mod4,size,0,0,1,1
toy,neon,M,inverted,url,19.03,4,warp,mod6,size,0,0,1,1
toy,neon,M,inverted,url,19.03,4,warp,blur20,blur,0,0,1,1
toy,neon,M,inverted,url,19.03,4,warp,jpeg30,jpeg,0,0,1,1
toy,neon,M,inverted,url,19.03,4,warp,light30,light,0,0,1,1
toy,neon,M,inverted,url,19.03,4,warp,persp,perspective,0,0,1,1
toy,neon,M,inverted,url,19.03,4,warp,phone,combined,0,0,1,1
toy,neon,M,inverted,url,19.03,4,warp,hard,combined,0,0,1,1
toy,neon,Q,pastel,url,2.53,4,warp,front,baseline,0,0,1,1
toy,neon,Q,pastel,url,2.53,4,warp,tilt20,tilt,0,0,1,1
toy,neon,Q,pastel,url,2.53,4,warp,tilt35,tilt,0,0,1,1
toy,neon,Q,pastel,url,2.53,4,warp,mod3,size,0,0,1,1
toy,neon,Q,pastel,url,2.53,4,warp,mod4,size,0,0,1,1
toy,neon,Q,pastel,url,2.53,4,warp,mod6,size,0,0,1,1
toy,neon,Q,pastel,url,2.53,4,warp,blur20,blur,0,0,1,1
toy,neon,Q,pastel,url,2.53,4,warp,jpeg30,jpeg,0,0,1,1
toy,neon,Q,pastel,url,2.53,4,warp,light30,light,0,0,1,1
toy,neon,Q,pastel,url,2.53,4,warp,persp,perspective,0,0,1,1
toy,neon,Q,pastel,url,2.53,4,warp,phone,combined,0,0,1,1
toy,neon,Q,pastel,url,2.53,4,warp,hard,combined,0,0,1,1
toy,neon,Q,gray,url,3.95,4,warp,front,baseline,0,0,1,1
toy,neon,Q,gray,url,3.95,4,warp,tilt20,tilt,0,0,1,1
toy,neon,Q,gray,url,3.95,4,warp,tilt35,tilt,0,0,1,1
toy,neon,Q,gray,url,3.95,4,warp,mod3,size,0,0,1,1
toy,neon,Q,gray,url,3.95,4,warp,mod4,size,0,0,1,1
toy,neon,Q,gray,url,3.95,4,warp,mod6,size,0,0,1,1
toy,neon,Q,gray,url,3.95,4,warp,blur20,blur,0,0,1,1
toy,neon,Q,gray,url,3.95,4,warp,jpeg30,jpeg,0,0,1,1
toy,neon,Q,gray,url,3.95,4,warp,light30,light,0,0,1,1
toy,neon,Q,gray,url,3.95,4,warp,persp,perspective,0,0,1,1
toy,neon,Q,gray,url,3.95,4,warp,phone,combined,0,0,1,1
toy,neon,Q,gray,url,3.95,4,warp,hard,combined,0,0,1,1
toy,neon,Q,gradient,url,2.44,4,warp,front,baseline,0,0,1,1
toy,neon,Q,gradient,url,2.44,4,warp,tilt20,tilt,0,0,1,1
toy,neon,Q,gradient,url,2.44,4,warp,tilt35,tilt,0,0,1,1
toy,neon,Q,gradient,url,2.44,4,warp,mod3,size,0,0,1,1
toy,neon,Q,gradient,url,2.44,4,warp,mod4,size,0,0,1,1
toy,neon,Q,gradient,url,2.44,4,warp,mod6,size,0,0,1,1
toy,neon,Q,gradient,url,2.44,4,warp,blur20,blur,0,0,1,1
toy,neon,Q,gradient,url,2.44,4,warp,jpeg30,jpeg,0,0,1,1
toy,neon,Q,gradient,url,2.44,4,warp,light30,light,0,0,1,1
toy,neon,Q,gradient,url,2.44,4,warp,persp,perspective,0,0,1,1
toy,neon,Q,gradient,url,2.44,4,warp,phone,combined,0,0,1,1
toy,neon,Q,gradient,url,2.44,4,warp,hard,combined,0,0,1,1
toy,neon,Q,eyes,url,13.49,4,warp,front,baseline,0,0,1,1
toy,neon,Q,eyes,url,13.49,4,warp,tilt20,tilt,0,0,1,1
toy,neon,Q,eyes,url,13.49,4,warp,tilt35,tilt,0,0,1,1
toy,neon,Q,eyes,url,13.49,4,warp,mod3,size,0,0,1,1
toy,neon,Q,eyes,url,13.49,4,warp,mod4,size,0,0,1,1
toy,neon,Q,eyes,url,13.49,4,warp,mod6,size,0,0,1,1
toy,neon,Q,eyes,url,13.49,4,warp,blur20,blur,0,0,1,1
toy,neon,Q,eyes,url,13.49,4,warp,jpeg30,jpeg,0,0,1,1
toy,neon,Q,eyes,url,13.49,4,warp,light30,light,0,0,1,1
toy,neon,Q,eyes,url,13.49,4,warp,persp,perspective,0,0,1,1
toy,neon,Q,eyes,url,13.49,4,warp,phone,combined,0,0,1,1
toy,neon,Q,eyes,url,13.49,4,warp,hard,combined,0,0,1,1
toy,neon,Q,inverted,url,19.03,4,warp,front,baseline,0,0,1,1
toy,neon,Q,inverted,url,19.03,4,warp,tilt20,tilt,0,0,1,1
toy,neon,Q,inverted,url,19.03,4,warp,tilt35,tilt,0,0,1,1
toy,neon,Q,inverted,url,19.03,4,warp,mod3,size,0,0,1,1
toy,neon,Q,inverted,url,19.03,4,warp,mod4,size,0,0,1,1
toy,neon,Q,inverted,url,19.03,4,warp,mod6,size,0,0,1,1
toy,neon,Q,inverted,url,19.03,4,warp,blur20,blur,0,0,1,1
toy,neon,Q,inverted,url,19.03,4,warp,jpeg30,jpeg,0,0,1,1
toy,neon,Q,inverted,url,19.03,4,warp,light30,light,0,0,1,1
toy,neon,Q,inverted,url,19.03,4,warp,persp,perspective,0,0,1,1
toy,neon,Q,inverted,url,19.03,4,warp,phone,combined,0,0,1,1
toy,neon,Q,inverted,url,19.03,4,warp,hard,combined,0,0,1,1
toy,neon,H,pastel,url,2.53,5,warp,front,baseline,0,0,1,1
toy,neon,H,pastel,url,2.53,5,warp,tilt20,tilt,0,0,1,1
toy,neon,H,pastel,url,2.53,5,warp,tilt35,tilt,0,0,1,1
toy,neon,H,pastel,url,2.53,5,warp,mod3,size,0,0,1,1
toy,neon,H,pastel,url,2.53,5,warp,mod4,size,0,0,1,1
toy,neon,H,pastel,url,2.53,5,warp,mod6,size,0,0,1,1
toy,neon,H,pastel,url,2.53,5,warp,blur20,blur,0,0,1,1
toy,neon,H,pastel,url,2.53,5,warp,jpeg30,jpeg,0,0,1,1
toy,neon,H,pastel,url,2.53,5,warp,light30,light,0,0,1,1
toy,neon,H,pastel,url,2.53,5,warp,persp,perspective,0,0,1,1
toy,neon,H,pastel,url,2.53,5,warp,phone,combined,0,0,1,1
toy,neon,H,pastel,url,2.53,5,warp,hard,combined,0,0,1,0
toy,neon,H,gray,url,3.95,5,warp,front,baseline,0,0,1,1
toy,neon,H,gray,url,3.95,5,warp,tilt20,tilt,0,0,1,1
toy,neon,H,gray,url,3.95,5,warp,tilt35,tilt,0,0,1,1
toy,neon,H,gray,url,3.95,5,warp,mod3,size,0,0,1,1
toy,neon,H,gray,url,3.95,5,warp,mod4,size,0,0,1,1
toy,neon,H,gray,url,3.95,5,warp,mod6,size,0,0,1,1
toy,neon,H,gray,url,3.95,5,warp,blur20,blur,0,0,1,1
toy,neon,H,gray,url,3.95,5,warp,jpeg30,jpeg,0,0,1,1
toy,neon,H,gray,url,3.95,5,warp,light30,light,0,0,1,1
toy,neon,H,gray,url,3.95,5,warp,persp,perspective,0,0,1,1
toy,neon,H,gray,url,3.95,5,warp,phone,combined,0,0,1,1
toy,neon,H,gray,url,3.95,5,warp,hard,combined,0,0,0,0
toy,neon,H,gradient,url,2.44,5,warp,front,baseline,0,0,1,1
toy,neon,H,gradient,url,2.44,5,warp,tilt20,tilt,0,0,1,1
toy,neon,H,gradient,url,2.44,5,warp,tilt35,tilt,0,0,1,1
toy,neon,H,gradient,url,2.44,5,warp,mod3,size,0,0,1,1
toy,neon,H,gradient,url,2.44,5,warp,mod4,size,0,0,1,1
toy,neon,H,gradient,url,2.44,5,warp,mod6,size,0,0,1,1
toy,neon,H,gradient,url,2.44,5,warp,blur20,blur,0,0,1,1
toy,neon,H,gradient,url,2.44,5,warp,jpeg30,jpeg,0,0,1,1
toy,neon,H,gradient,url,2.44,5,warp,light30,light,0,0,1,1
toy,neon,H,gradient,url,2.44,5,warp,persp,perspective,0,0,1,1
toy,neon,H,gradient,url,2.44,5,warp,phone,combined,0,0,1,1
toy,neon,H,gradient,url,2.44,5,warp,hard,combined,0,0,0,0
toy,neon,H,eyes,url,13.49,5,warp,front,baseline,0,0,1,1
toy,neon,H,eyes,url,13.49,5,warp,tilt20,tilt,0,0,1,1
toy,neon,H,eyes,url,13.49,5,warp,tilt35,tilt,0,0,1,1
toy,neon,H,eyes,url,13.49,5,warp,mod3,size,0,0,1,1
toy,neon,H,eyes,url,13.49,5,warp,mod4,size,0,0,1,1
toy,neon,H,eyes,url,13.49,5,warp,mod6,size,0,0,1,1
toy,neon,H,eyes,url,13.49,5,warp,blur20,blur,0,0,1,1
toy,neon,H,eyes,url,13.49,5,warp,jpeg30,jpeg,0,0,1,1
toy,neon,H,eyes,url,13.49,5,warp,light30,light,0,0,1,1
toy,neon,H,eyes,url,13.49,5,warp,persp,perspective,0,0,1,1
toy,neon,H,eyes,url,13.49,5,warp,phone,combined,0,0,1,1
toy,neon,H,eyes,url,13.49,5,warp,hard,combined,0,0,1,0
toy,neon,H,inverted,url,19.03,5,warp,front,baseline,0,0,1,1
toy,neon,H,inverted,url,19.03,5,warp,tilt20,tilt,0,0,1,1
toy,neon,H,inverted,url,19.03,5,warp,tilt35,tilt,0,0,1,1
toy,neon,H,inverted,url,19.03,5,warp,mod3,size,0,0,1,1
toy,neon,H,inverted,url,19.03,5,warp,mod4,size,0,0,1,1
toy,neon,H,inverted,url,19.03,5,warp,mod6,size,0,0,1,1
toy,neon,H,inverted,url,19.03,5,warp,blur20,blur,0,0,1,1
toy,neon,H,inverted,url,19.03,5,warp,jpeg30,jpeg,0,0,1,1
toy,neon,H,inverted,url,19.03,5,warp,light30,light,0,0,1,1
toy,neon,H,inverted,url,19.03,5,warp,persp,perspective,0,0,1,1
toy,neon,H,inverted,url,19.03,5,warp,phone,combined,0,0,1,1
toy,neon,H,inverted,url,19.03,5,warp,hard,combined,0,0,0,0
